region,region_type,year,cost_price_per_centner_milk_enterprises_manat,cost_price_per_centner_milk_private_manat,cows_dairy_buffaloes_stock_heads,cows_heads,fodder_sown_area_ha,labour_hours_per_centner_milk_enterprises,milk_production_tons,profitability_milk_enterprises_pct,profitability_milk_private_pct,selling_price_per_centner_milk_enterprises_manat,selling_price_per_centner_milk_private_manat,cost_milk,profitability,vrs_raw_control_frontier,vrs_bc_control_frontier,control_frontier_degenerate_draws,control_frontier_all_draws_degenerate,is_control_unit
Absheron district,district,2000,,,9021.0,9021.0,949.0,,11086.0,,,,,,,0.731138477108059,0.6804737399066474,0,False,True
Agdash district,district,2000,,,17338.0,11480.0,8419.0,,18468.0,,,,,,,0.8325529756614578,0.7768757791670142,0,False,True
Aghdam district,district,2000,,,10977.0,10263.0,560.0,,10994.0,,,,,,,0.7184538390772988,0.6858919438140834,0,False,False
Aghjabadi district,district,2000,,,33519.0,28218.0,12983.0,,40734.0,,,,,,,0.7898932602422718,0.6825454338570676,36,False,True
Aghstafa district,district,2000,,,8824.0,7051.0,703.0,,8940.0,,,,,,,0.761569817793979,0.7032365795980854,0,False,True
Aghsu district,district,2000,,,16817.0,12441.0,124.0,,15115.0,,,,,,,0.9338155174836786,0.9001443487849595,0,False,True
Babak district,district,2000,,,8572.0,7654.0,2179.0,,11680.0,,,,,,,0.7902470109568072,0.7190069120729148,0,False,True
Balakan district,district,2000,,,16126.0,12947.0,6952.0,,14832.0,,,,,,,0.5930349805087368,0.5501067572585231,0,False,True
Barda district,district,2000,,,23960.0,17741.0,7195.0,,30311.0,,,,,,,0.8838353597906822,0.8166307826676049,1,False,True
Beylagan district,district,2000,,,16653.0,14268.0,10851.0,,19818.0,,,,,,,0.718784043687008,0.6702939317260628,0,False,True
Bilasuvar district,district,2000,,,16040.0,12869.0,1332.0,,13314.0,,,,,,,0.6190638135695196,0.5793213715356836,0,False,True
Fuzuli district,district,2000,,,7139.0,6259.0,1554.0,,5926.0,,,,,,,0.4911223452454949,0.4183014836925548,0,False,False
Gabala district,district,2000,,,22651.0,20175.0,308.0,,21280.0,,,,,,,0.8066703002399536,0.7357692834337803,0,False,True
Gadabay district,district,2000,,,16802.0,16220.0,125.0,,13836.0,,,,,,,0.6649410676446238,0.6357948056778743,0,False,True
Gakh district,district,2000,,,17649.0,13356.0,94.0,,16015.0,,,,,,,0.9367339936591833,0.8954925440096165,0,False,True
Gazakh district,district,2000,,,12072.0,9920.0,1113.0,,15696.0,,,,,,,0.9300590998648214,0.8680058960198487,0,False,True
Gobustan district,district,2000,,,9178.0,9029.0,1170.0,,9685.0,,,,,,,0.6042160953836881,0.5469301176705117,0,False,True
Goranboy district,district,2000,,,13592.0,11804.0,1160.0,,11624.0,,,,,,,0.5953976094276018,0.5573885922630798,0,False,True
Goychay district,district,2000,,,20921.0,16810.0,824.0,,15994.0,,,,,,,0.64953779041331,0.6218299903054095,0,False,True
Goygol district,district,2000,,,6300.0,6090.0,627.0,,5692.0,,,,,,,0.5526887978258154,0.4807428332368221,0,False,True
Guba district,district,2000,,,26022.0,25165.0,206.0,,29527.0,,,,,,,1.0000000000000002,0.926236192649381,79,False,True
Gubadli district,district,2000,,,177.0,169.0,1.0,,152.0,,,,,,,22.613515565679574,1.0,200,True,False
Gusar district,district,2000,,,16739.0,16547.0,72.0,,20774.0,,,,,,,0.9999999999999994,0.5764618565696062,3,False,True
Hajigabul district,district,2000,,,10451.0,9170.0,980.0,,10178.0,,,,,,,0.657209130052778,0.6087677502419283,0,False,True
Imishli district,district,2000,,,24223.0,19348.0,12204.0,,21066.0,,,,,,,0.5634061863397385,0.524565590309041,0,False,True
Ismayilli district,district,2000,,,17890.0,16238.0,1537.0,,16369.0,,,,,,,0.6165146185220429,0.5802536648381096,0,False,True
Julfa district,district,2000,,,5086.0,4833.0,1103.0,,7350.0,,,,,,,0.7883494173426469,0.6928379300268618,0,False,True
Khachmaz district,district,2000,,,22898.0,20616.0,1282.0,,26637.0,,,,,,,0.8627955059195437,0.7972505569747912,0,False,True
Khizi district,district,2000,,,3925.0,3889.0,21.0,,4053.0,,,,,,,1.0,0.47355100144852336,0,False,True
Khojavand district,district,2000,,,1310.0,1279.0,144.0,,1177.0,,,,,,,0.6539493980797839,0.0,1,False,False
Kurdamir district,district,2000,,,24598.0,17601.0,10593.0,,20426.0,,,,,,,0.6005298208278512,0.5591217394187561,0,False,True
Lankaran district,district,2000,,,13617.0,13368.0,45.0,,16754.0,,,,,,,0.9999999999999999,0.7734426044731602,0,False,True
Lerik district,district,2000,,,15255.0,14691.0,70.0,,12638.0,,,,,,,0.6830425035954537,0.6116031924057127,0,False,True
Neftchala district,district,2000,,,15536.0,13236.0,5887.0,,19180.0,,,,,,,0.7499083671922169,0.6961984834703386,0,False,True
Oghuz district,district,2000,,,12201.0,9931.0,311.0,,11346.0,,,,,,,0.8141510269394222,0.776058781239194,0,False,True
Ordubad district,district,2000,,,2707.0,2662.0,470.0,,3850.0,,,,,,,0.7515836545506027,0.559989829694,0,False,True
Saatli district,district,2000,,,20452.0,17387.0,3763.0,,22595.0,,,,,,,0.6724116972332694,0.5986191600388651,0,False,True
Sabirabad district,district,2000,,,38594.0,31385.0,4424.0,,49988.0,,,,,,,1.0000000000000124,0.9238402048165089,91,False,True
Sadarak district,district,2000,,,940.0,760.0,96.0,,1450.0,,,,,,,1.0,0.2705892361440474,26,False,True
Salyan district,district,2000,,,24761.0,22183.0,6580.0,,30561.0,,,,,,,0.7126792740201068,0.6376419580089095,2,False,True
Samukh district,district,2000,,,7104.0,6031.0,1652.0,,8464.0,,,,,,,0.7272411870981662,0.652417706347661,0,False,True
Shabran district,district,2000,,,10448.0,8504.0,4.0,,10408.0,,,,,,,1.0,0.9281567318233332,71,False,True
Shahbuz district,district,2000,,,7258.0,7258.0,400.0,,10348.0,,,,,,,0.9542034551268943,0.9098902241699726,0,False,True
Shaki district,district,2000,,,24891.0,18878.0,1092.0,,27874.0,,,,,,,1.0000000000000002,0.8943673648394617,0,False,True
Shamkir district,district,2000,,,17248.0,15907.0,3456.0,,20793.0,,,,,,,0.676409849987066,0.6036936931294078,0,False,True
Sharur district,district,2000,,,18564.0,17929.0,6421.0,,18950.0,,,,,,,0.5469845071123094,0.5042348324002028,0,False,True
Shusha district,district,2000,,,820.0,796.0,102.0,,732.0,,,,,,,0.9547738693467352,0.10300030013449701,17,False,False
Tartar district,district,2000,,,8571.0,7866.0,1171.0,,7328.0,,,,,,,0.5020134822451827,0.4347149519357638,0,False,True
Tovuz district,district,2000,,,14418.0,13761.0,188.0,,18320.0,,,,,,,1.0,0.9453199441685423,0,False,True
Ujar district,district,2000,,,24391.0,16604.0,4281.0,,22003.0,,,,,,,0.6856889289721029,0.6186093159257697,0,False,True
Yevlakh district,district,2000,,,31488.0,19714.0,3485.0,,38114.0,,,,,,,1.0000000000000002,0.684898185920392,11,False,True
Zagatala district,district,2000,,,26659.0,21245.0,4949.0,,29796.0,,,,,,,0.7255300640106482,0.6377917391819582,0,False,True
Zardab district,district,2000,,,19455.0,14884.0,2522.0,,16991.0,,,,,,,0.5964069625265669,0.5259625063311717,0,False,True
Absheron district,district,2001,,,9258.0,9258.0,901.0,,12714.0,,,,,,,0.8207955615395199,0.7618625598706912,0,False,True
Agdash district,district,2001,,,17649.0,11673.0,10592.0,,17781.0,,,,,,,0.8661527478489656,0.8131330853765195,0,False,True
Aghdam district,district,2001,,,11231.0,10689.0,931.0,,12267.0,,,,,,,0.6899103226378298,0.6396290362163592,0,False,False
Aghjabadi district,district,2001,,,34930.0,29174.0,14257.0,,46137.0,,,,,,,1.0000000000000142,0.9181864723899573,72,False,True
Aghstafa district,district,2001,,,8982.0,7160.0,719.0,,9537.0,,,,,,,0.7964540354335984,0.7338262005201912,0,False,True
Babak district,district,2001,,,8630.0,7730.0,2396.0,,10640.0,,,,,,,0.786605598282698,0.7217567914187341,0,False,True
Balakan district,district,2001,,,16277.0,13012.0,287.0,,13045.0,,,,,,,0.637260053517949,0.5728297826623628,0,False,True
Barda district,district,2001,,,26482.0,19923.0,9475.0,,26550.0,,,,,,,0.7558866191614304,0.6983111496125181,0,False,True
Beylagan district,district,2001,,,18329.0,15851.0,17765.0,,23278.0,,,,,,,0.8335702844460586,0.7792774841683003,0,False,True
Bilasuvar district,district,2001,,,16331.0,13085.0,1468.0,,14610.0,,,,,,,0.6621119539765495,0.6135327352340638,0,False,True
Dashkasan district,district,2001,,,13977.0,13415.0,45.0,,18552.0,,,,,,,0.9999999999999996,0.7917768129410567,0,False,True
Fuzuli district,district,2001,,,7361.0,6414.0,1886.0,,7438.0,,,,,,,0.6662551264347311,0.597762976812293,0,False,False
Gabala district,district,2001,,,23873.0,21625.0,597.0,,18030.0,,,,,,,0.5313540474231069,0.4900783398993308,0,False,True
Gadabay district,district,2001,,,17149.0,16583.0,1.0,,16114.0,,,,,,,1.000000000000016,0.935659455126278,80,False,True
Gakh district,district,2001,,,17543.0,13446.0,240.0,,18540.0,,,,,,,0.9169034827310464,0.8644605351530993,0,False,True
Gazakh district,district,2001,,,12213.0,10216.0,1128.0,,12965.0,,,,,,,0.7527923458107361,0.6978021143096309,0,False,True
Gobustan district,district,2001,,,10858.0,10710.0,1221.0,,10328.0,,,,,,,0.5725035848713358,0.5285732254504951,0,False,True
Goranboy district,district,2001,,,13721.0,12147.0,404.0,,13377.0,,,,,,,0.684292257465838,0.6219239730906715,0,False,True
Goychay district,district,2001,,,21306.0,17093.0,595.0,,18485.0,,,,,,,0.6725224582444358,0.6130209264777615,0,False,True
Goygol district,district,2001,,,7375.0,7177.0,781.0,,6603.0,,,,,,,0.5524047259022097,0.49107337210664137,0,False,True
Guba district,district,2001,,,26200.0,25329.0,173.0,,33164.0,,,,,,,1.0,0.9333010014562726,81,False,True
Gusar district,district,2001,,,17081.0,16917.0,100.0,,22194.0,,,,,,,0.9587003564029914,0.6574877781137995,3,False,True
Hajigabul district,district,2001,,,10963.0,9717.0,980.0,,9394.0,,,,,,,0.5781156299869687,0.5321162266811712,0,False,True
Imishli district,district,2001,,,26796.0,21853.0,11983.0,,24627.0,,,,,,,0.639466101585539,0.5935744973371607,0,False,True
Ismayilli district,district,2001,,,24272.0,22767.0,1402.0,,18868.0,,,,,,,0.5071076595215434,0.46788293429544825,0,False,True
Julfa district,district,2001,,,5220.0,4986.0,1165.0,,6421.0,,,,,,,0.7419574515603402,0.6528633247623231,0,False,True
Kalbajar district,district,2001,,,4176.0,3928.0,33.0,,3819.0,,,,,,,0.9355712028559499,0.5536687654292771,1,False,False
Khachmaz district,district,2001,,,23873.0,21420.0,2211.0,,29490.0,,,,,,,0.8231419602016027,0.7349113288512371,0,False,True
Khizi district,district,2001,,,3948.0,3899.0,24.0,,3635.0,,,,,,,0.9816442335045147,0.5816403508129624,1,False,True
Khojavand district,district,2001,,,1383.0,1355.0,126.0,,1395.0,,,,,,,1.0845061103701112,0.4166903939019124,4,False,False
Kurdamir district,district,2001,,,26325.0,18144.0,10579.0,,22224.0,,,,,,,0.695440944563961,0.6476559057534776,0,False,True
Lankaran district,district,2001,,,14230.0,13886.0,56.0,,18118.0,,,,,,,0.9374297304896625,0.8316154168590089,0,False,True
Lerik district,district,2001,,,15552.0,15107.0,291.0,,12594.0,,,,,,,0.5343781275562683,0.4760157400657812,0,False,True
Neftchala district,district,2001,,,16016.0,13761.0,4432.0,,17753.0,,,,,,,0.7335803189616197,0.6782972789440268,0,False,True
Oghuz district,district,2001,,,12217.0,9909.0,313.0,,12938.0,,,,,,,0.811971111130084,0.7362480827883733,0,False,True
Ordubad district,district,2001,,,2801.0,2753.0,458.0,,3445.0,,,,,,,0.7501312805174812,0.5398124755930714,0,False,True
Saatli district,district,2001,,,23678.0,19214.0,3378.0,,22733.0,,,,,,,0.6782999710000759,0.6208328287269996,0,False,True
Sabirabad district,district,2001,,,38884.0,31552.0,4560.0,,44706.0,,,,,,,0.9999999999999881,0.38390970172825667,23,False,True
Sadarak district,district,2001,,,826.0,649.0,176.0,,1016.0,,,,,,,1.0000000000000009,0.16892113173554613,34,False,True
Salyan district,district,2001,,,24947.0,22521.0,6993.0,,28437.0,,,,,,,0.7159756814681631,0.6544887428411121,0,False,True
Samukh district,district,2001,,,7321.0,6340.0,1635.0,,7143.0,,,,,,,0.6477716596757596,0.5780651649411962,0,False,True
Shahbuz district,district,2001,,,7804.0,7804.0,430.0,,9599.0,,,,,,,0.7522941267122791,0.6827727856017589,0,False,True
Shaki district,district,2001,,,25839.0,19588.0,809.0,,31563.0,,,,,,,1.0,0.6271621900613489,1,False,True
Shamakhi district,district,2001,,,17051.0,15776.0,1958.0,,17749.0,,,,,,,0.6632271159071043,0.6126364748401639,0,False,True
Shamkir district,district,2001,,,18784.0,17952.0,5677.0,,24135.0,,,,,,,0.7629559101029705,0.7037966479926444,0,False,True
Sharur district,district,2001,,,19388.0,18744.0,6553.0,,23690.0,,,,,,,0.7173197553620086,0.6631862478587885,0,False,True
Shusha district,district,2001,,,806.0,806.0,239.0,,854.0,,,,,,,0.8052109181141487,0.0,13,False,False
Siyazan district,district,2001,,,4590.0,4131.0,9.0,,6565.0,,,,,,,1.0000000000000004,0.2378123038762594,13,False,True
Tartar district,district,2001,,,8881.0,8188.0,1389.0,,8464.0,,,,,,,0.6015771201632277,0.5452512895001602,0,False,True
Tovuz district,district,2001,,,15056.0,14488.0,190.0,,21179.0,,,,,,,1.0000000000000004,0.9218912873345018,0,False,True
Ujar district,district,2001,,,24985.0,17195.0,5144.0,,23881.0,,,,,,,0.7882079359043584,0.7264807234603756,0,False,True
Yevlakh district,district,2001,,,31954.0,19908.0,3946.0,,35141.0,,,,,,,1.0000000000000022,0.8849191689198788,7,False,True
Zagatala district,district,2001,,,26810.0,21866.0,4573.0,,28244.0,,,,,,,0.7324414902759474,0.6650234800200564,0,False,True
Zardab district,district,2001,,,20019.0,15651.0,3158.0,,19066.0,,,,,,,0.6923398965952163,0.6323189589820197,0,False,True
Absheron district,district,2002,,,9694.0,9694.0,832.0,,14625.0,,,,,,,0.8570539054837817,0.7947526892710488,0,False,True
Agdash district,district,2002,,,20492.0,13498.0,11444.0,,19566.0,,,,,,,0.8151580939820096,0.7648443021275915,0,False,True
Aghdam district,district,2002,,,12629.0,11898.0,2038.0,,12562.0,,,,,,,0.5780903157736678,0.5315873461355503,0,False,False
Aghjabadi district,district,2002,,,35667.0,29874.0,18891.0,,45103.0,,,,,,,0.9999999999999758,0.931379832812258,88,False,True
Aghstafa district,district,2002,,,9521.0,7639.0,662.0,,10303.0,,,,,,,0.7262363355922153,0.6498515509394044,0,False,True
Astara district,district,2002,,,12780.0,12426.0,3.0,,13324.0,,,,,,,0.7309856827267763,0.3523612629655477,0,False,True
Babak district,district,2002,,,8282.0,7184.0,2056.0,,11190.0,,,,,,,0.8449474898104703,0.7856830006335405,0,False,True
Balakan district,district,2002,,,16354.0,13173.0,587.0,,14919.0,,,,,,,0.661080233034884,0.607916351781256,0,False,True
Barda district,district,2002,,,31345.0,23900.0,9916.0,,27878.0,,,,,,,0.6651972150098407,0.6132896396889234,0,False,True
Beylagan district,district,2002,,,19347.0,16816.0,17476.0,,24280.0,,,,,,,0.8194120600369303,0.7657189616970442,0,False,True
Bilasuvar district,district,2002,,,17080.0,13668.0,1494.0,,15933.0,,,,,,,0.6610298875867484,0.6116478358941555,0,False,True
Dashkasan district,district,2002,,,12226.0,11736.0,1.0,,17404.0,,,,,,,1.0000000000000004,0.9253379814016474,64,False,True
Fuzuli district,district,2002,,,7969.0,7114.0,2146.0,,7739.0,,,,,,,0.5685425494237927,0.5142815958831486,0,False,False
Gabala district,district,2002,,,24179.0,21519.0,639.0,,22794.0,,,,,,,0.6713053216941988,0.5905295722078663,0,False,True
Gakh district,district,2002,,,15566.0,12293.0,325.0,,19726.0,,,,,,,0.9999999999999997,0.932611397527267,0,False,True
Gazakh district,district,2002,,,12525.0,10516.0,1087.0,,13285.0,,,,,,,0.7001018482250662,0.6403180381645269,0,False,True
Gobustan district,district,2002,,,10858.0,10727.0,1115.0,,10737.0,,,,,,,0.5410008581647799,0.4881897957291862,0,False,True
Goranboy district,district,2002,,,14824.0,13150.0,1162.0,,14066.0,,,,,,,0.6032898445583242,0.5571151822550363,0,False,True
Goychay district,district,2002,,,21444.0,17228.0,667.0,,20518.0,,,,,,,0.7310289756602507,0.6794574189568133,0,False,True
Goygol district,district,2002,,,7801.0,7588.0,826.0,,7376.0,,,,,,,0.5081955610794261,0.4451587085385369,0,False,True
Guba district,district,2002,,,26393.0,25548.0,186.0,,29472.0,,,,,,,0.9999999999999993,0.06552287982616378,48,False,True
Gusar district,district,2002,,,17429.0,17274.0,86.0,,19348.0,,,,,,,0.7454950116870203,0.6490112288057726,1,False,True
Hajigabul district,district,2002,,,12046.0,10935.0,980.0,,10312.0,,,,,,,0.5078207373430131,0.4550720770950768,0,False,True
Imishli district,district,2002,,,28773.0,23754.0,13044.0,,27266.0,,,,,,,0.654112425749971,0.6049555820017174,0,False,True
Ismayilli district,district,2002,,,24428.0,22995.0,1297.0,,19323.0,,,,,,,0.502693585151338,0.46795124554856105,0,False,True
Julfa district,district,2002,,,5489.0,5255.0,1230.0,,7048.0,,,,,,,0.701414218905862,0.6263697275413584,0,False,True
Kalbajar district,district,2002,,,5497.0,5199.0,33.0,,4778.0,,,,,,,0.534744653652521,0.32695719357002084,0,False,False
Khachmaz district,district,2002,,,24718.0,22367.0,2117.0,,30725.0,,,,,,,0.8349828751983295,0.7352115581636268,3,False,True
Khizi district,district,2002,,,3988.0,3954.0,2.0,,3825.0,,,,,,,1.0000000000000042,0.5980762864094671,0,False,True
Khojaly district,district,2002,,,1167.0,1115.0,5.0,,764.0,,,,,,,0.9999999999999997,0.0,7,False,True
Khojavand district,district,2002,,,1808.0,1753.0,149.0,,1608.0,,,,,,,0.6898824863308968,0.3125308689472448,0,False,False
Kurdamir district,district,2002,,,27342.0,19577.0,9618.0,,22169.0,,,,,,,0.6403430580492855,0.597312907532914,0,False,True
Lachin district,district,2002,,,10308.0,7997.0,95.0,,11026.0,,,,,,,0.7938257280357022,0.6806177814005413,0,False,False
Lankaran district,district,2002,,,14964.0,14627.0,20.0,,16461.0,,,,,,,0.7452310141227423,0.6321694410313177,0,False,True
Lerik district,district,2002,,,15977.0,15547.0,11.0,,12351.0,,,,,,,0.4991710804574201,0.3979841161568084,0,False,True
Neftchala district,district,2002,,,16696.0,14371.0,5045.0,,17657.0,,,,,,,0.6874073638088125,0.6412850012049953,0,False,True
Oghuz district,district,2002,,,12454.0,10193.0,365.0,,13557.0,,,,,,,0.7693872438863512,0.6991858380586148,0,False,True
Ordubad district,district,2002,,,2987.0,2946.0,399.0,,3950.0,,,,,,,0.7053092924634922,0.5524531281776499,0,False,True
Saatli district,district,2002,,,24578.0,20668.0,5088.0,,24159.0,,,,,,,0.6632461937302015,0.6117119632654134,0,False,True
Sabirabad district,district,2002,,,39911.0,32389.0,5178.0,,44983.0,,,,,,,0.9999999999999954,0.22704278532508448,27,False,True
Sadarak district,district,2002,,,749.0,599.0,250.0,,1101.0,,,,,,,1.0000000000000007,0.36419892010594257,12,False,True
Salyan district,district,2002,,,26061.0,23510.0,7541.0,,32409.0,,,,,,,0.7897349206375889,0.7169010285981634,6,False,True
Samukh district,district,2002,,,7606.0,6531.0,1820.0,,8413.0,,,,,,,0.6790133767625727,0.6188068961332982,0,False,True
Shabran district,district,2002,,,10690.0,9150.0,4.0,,10747.0,,,,,,,0.8029441485371498,0.6372812419146772,0,False,True
Shahbuz district,district,2002,,,8593.0,8593.0,437.0,,10621.0,,,,,,,0.6778210508137213,0.6017291350858236,0,False,True
Shaki district,district,2002,,,26301.0,20118.0,1131.0,,32263.0,,,,,,,1.0,0.6843238315195397,6,False,True
Shamakhi district,district,2002,,,17718.0,16500.0,15.0,,19339.0,,,,,,,1.0000000000000004,0.3977748305275757,7,False,True
Shamkir district,district,2002,,,25184.0,24223.0,5730.0,,26403.0,,,,,,,0.6204655719525698,0.5694075295812887,0,False,True
Sharur district,district,2002,,,19610.0,19047.0,7028.0,,24495.0,,,,,,,0.7300810497685052,0.6769536797629112,0,False,True
Shusha district,district,2002,,,428.0,418.0,150.0,,940.0,,,,,,,1.5335910127356662,0.9708487696095527,25,False,False
Siyazan district,district,2002,,,4540.0,4096.0,10.0,,7838.0,,,,,,,1.0,0.7170126536653867,0,False,True
Tartar district,district,2002,,,9005.0,8444.0,1603.0,,9441.0,,,,,,,0.5968805410395013,0.5439349186474632,0,False,True
Tovuz district,district,2002,,,15270.0,14712.0,125.0,,22148.0,,,,,,,1.0,0.7109358535391708,2,False,True
Ujar district,district,2002,,,24850.0,16861.0,6277.0,,22264.0,,,,,,,0.7468088882054229,0.6951392399386912,0,False,True
Yevlakh district,district,2002,,,33148.0,20486.0,4334.0,,35668.0,,,,,,,0.9999999999999993,0.8549702059151485,10,False,True
Zagatala district,district,2002,,,27457.0,22601.0,4966.0,,29831.0,,,,,,,0.754320570306012,0.6874384998687337,1,False,True
Zangilan district,district,2002,,,153.0,152.0,12.0,,62.0,,,,,,,6.349120464173889,1.0,200,True,False
Zardab district,district,2002,,,20409.0,15972.0,5141.0,,22206.0,,,,,,,0.7862375758367661,0.7307985542223856,0,False,True
Absheron district,district,2003,,,9922.0,9922.0,1151.0,,19424.0,,,,,,,0.9999999999999999,0.8794371590089041,0,False,True
Agdash district,district,2003,,,21592.0,14165.0,11886.0,,20478.0,,,,,,,0.7472394544922882,0.6728426962965186,0,False,True
Aghdam district,district,2003,,,13077.0,12481.0,3043.0,,16141.0,,,,,,,0.664843974243346,0.5971854836380263,0,False,False
Aghjabadi district,district,2003,,,36043.0,30202.0,19199.0,,44300.0,,,,,,,0.9777895577031299,0.9022103256980798,29,False,True
Aghstafa district,district,2003,,,9918.0,7930.0,771.0,,9611.0,,,,,,,0.6437791339743573,0.5709619515863287,0,False,True
Astara district,district,2003,,,14861.0,14493.0,15.0,,14131.0,,,,,,,0.7450354912603894,0.5650588420701207,0,False,True
Babak district,district,2003,,,7593.0,6762.0,1305.0,,9810.0,,,,,,,0.7639760658928958,0.6953164704210638,0,False,True
Balakan district,district,2003,,,16559.0,13263.0,841.0,,13597.0,,,,,,,0.556475558757437,0.49692357571610357,0,False,True
Barda district,district,2003,,,32130.0,24709.0,14172.0,,30150.0,,,,,,,0.6744670529880884,0.6075326973788038,0,False,True
Beylagan district,district,2003,,,21648.0,18892.0,19787.0,,21850.0,,,,,,,0.6059294655215248,0.5462424356612416,0,False,True
Bilasuvar district,district,2003,,,17504.0,14196.0,2591.0,,14414.0,,,,,,,0.5243434823802501,0.47144988693914025,0,False,True
Fuzuli district,district,2003,,,8663.0,7645.0,3161.0,,8612.0,,,,,,,0.5982160931324213,0.5471053474792571,0,False,False
Gabala district,district,2003,,,24252.0,21887.0,766.0,,23358.0,,,,,,,0.6529583656312314,0.5919649132015228,0,False,True
Gakh district,district,2003,,,13580.0,11006.0,411.0,,17329.0,,,,,,,0.9317701688658155,0.8708007520940004,0,False,True
Gazakh district,district,2003,,,13063.0,11117.0,1232.0,,14353.0,,,,,,,0.6684092609339515,0.5938467998515037,0,False,True
Gobustan district,district,2003,,,10868.0,10767.0,1120.0,,12458.0,,,,,,,0.6041205239168561,0.5369528131592887,0,False,True
Goranboy district,district,2003,,,15912.0,14192.0,1760.0,,14500.0,,,,,,,0.5274889945810751,0.470891541582962,0,False,True
Goychay district,district,2003,,,22218.0,17734.0,1487.0,,21568.0,,,,,,,0.6673788890367919,0.6007959101801255,0,False,True
Goygol district,district,2003,,,8835.0,8630.0,765.0,,8870.0,,,,,,,0.5500131784570311,0.4845975934301926,0,False,True
Guba district,district,2003,,,26423.0,25618.0,168.0,,33440.0,,,,,,,0.872526458709993,0.806451941074479,21,False,True
Gusar district,district,2003,,,17434.0,17275.0,83.0,,21178.0,,,,,,,0.7968994552086857,0.6478605452800691,1,False,True
Hajigabul district,district,2003,,,12448.0,11145.0,990.0,,11984.0,,,,,,,0.5642867594242589,0.49779521427109874,0,False,True
Imishli district,district,2003,,,30018.0,24912.0,12951.0,,26631.0,,,,,,,0.5801630091953935,0.5230478382887429,0,False,True
Ismayilli district,district,2003,,,24632.0,23158.0,1335.0,,22558.0,,,,,,,0.5660611638537533,0.5169841578635863,0,False,True
Julfa district,district,2003,,,5545.0,5323.0,1344.0,,7439.0,,,,,,,0.7501569173995558,0.6801713681813099,0,False,True
Kalbajar district,district,2003,,,6099.0,5800.0,61.0,,4287.0,,,,,,,0.6611610178199381,0.30768062656279627,0,False,False
Khachmaz district,district,2003,,,25461.0,23256.0,2238.0,,30400.0,,,,,,,0.7809127979743778,0.7029985097453965,0,False,True
Khojavand district,district,2003,,,1818.0,1779.0,201.0,,1717.0,,,,,,,1.044293946260926,0.5296428671686262,0,False,False
Kurdamir district,district,2003,,,27650.0,20261.0,9734.0,,22289.0,,,,,,,0.5786100164583936,0.5208474930152235,0,False,True
Lachin district,district,2003,,,10574.0,8298.0,259.0,,11781.0,,,,,,,0.8072309458365101,0.7077206517312803,0,False,False
Lerik district,district,2003,,,16065.0,15652.0,313.0,,13583.0,,,,,,,0.5175524931159464,0.4603838281035836,0,False,True
Masalli district,district,2003,,,26593.0,24960.0,90.0,,36894.0,,,,,,,0.9999999999999998,0.9212329903664622,75,False,True
Neftchala district,district,2003,,,17515.0,15285.0,5915.0,,18110.0,,,,,,,0.6066059078401027,0.5442755520817976,0,False,True
Oghuz district,district,2003,,,12494.0,10323.0,446.0,,14358.0,,,,,,,0.7940508785057715,0.7267512956005303,0,False,True
Ordubad district,district,2003,,,3086.0,3056.0,482.0,,3946.0,,,,,,,0.7450361122252566,0.5467578057581701,0,False,True
Saatli district,district,2003,,,25177.0,21517.0,7102.0,,27816.0,,,,,,,0.7063264904100097,0.6351671757981868,0,False,True
Sabirabad district,district,2003,,,41604.0,33865.0,7239.0,,47963.0,,,,,,,0.9999999999999983,0.9229086375110005,76,False,True
Sadarak district,district,2003,,,1215.0,924.0,290.0,,1235.0,,,,,,,0.9999999999999999,0.08326146141514901,6,False,True
Salyan district,district,2003,,,26606.0,24503.0,9992.0,,31257.0,,,,,,,0.7085407598243876,0.636271894811075,0,False,True
Samukh district,district,2003,,,7866.0,6813.0,2339.0,,8700.0,,,,,,,0.6776596442702504,0.6195673906123292,0,False,True
Shabran district,district,2003,,,10743.0,9241.0,4.0,,11821.0,,,,,,,0.9999999999999987,0.05981280176518333,7,False,True
Shahbuz district,district,2003,,,8846.0,8846.0,729.0,,10972.0,,,,,,,0.6550879183650947,0.576352084896309,0,False,True
Shaki district,district,2003,,,27111.0,20788.0,1341.0,,32175.0,,,,,,,0.9631596524552587,0.8696569685049296,1,False,True
Shamakhi district,district,2003,,,18063.0,16887.0,15.0,,20037.0,,,,,,,0.999999999999994,0.31729981633024584,7,False,True
Shamkir district,district,2003,,,25672.0,24705.0,5760.0,,30224.0,,,,,,,0.6764594214439797,0.6025631115997546,0,False,True
Sharur district,district,2003,,,16155.0,15598.0,6950.0,,19135.0,,,,,,,0.626941483642875,0.5619436821540266,0,False,True
Shusha district,district,2003,,,888.0,848.0,354.0,,734.0,,,,,,,1.0896226415094334,0.34867891626521774,21,False,False
Siyazan district,district,2003,,,4660.0,4200.0,9.0,,7624.0,,,,,,,1.0,0.36602093711960104,0,False,True
Tartar district,district,2003,,,9283.0,8827.0,1672.0,,9608.0,,,,,,,0.5739297438823552,0.5220799036883467,0,False,True
Tovuz district,district,2003,,,15513.0,14897.0,150.0,,20782.0,,,,,,,0.8941881813319708,0.8176519768983274,0,False,True
Ujar district,district,2003,,,25386.0,16898.0,5920.0,,22360.0,,,,,,,0.696405198620301,0.6258088773783429,0,False,True
Yevlakh district,district,2003,,,34327.0,21060.0,4371.0,,37140.0,,,,,,,0.9999999999999994,0.8415364306814137,12,False,True
Zagatala district,district,2003,,,27521.0,22527.0,5579.0,,32938.0,,,,,,,0.8176061734623695,0.7294380696370713,2,False,True
Zardab district,district,2003,,,21654.0,17308.0,7873.0,,22726.0,,,,,,,0.6932030407816457,0.6240762271567736,0,False,True
Absheron district,district,2004,,,10106.0,10106.0,1317.0,,20448.0,,,,,,,1.0000000000000004,0.8707698803830075,0,False,True
Agdash district,district,2004,,,28257.0,18022.0,12227.0,,23834.0,,,,,,,0.6953920430750086,0.6342700830115703,0,False,True
Aghdam district,district,2004,,,13533.0,12937.0,3281.0,,20258.0,,,,,,,0.7740006716464222,0.6813493045418275,0,False,False
Aghjabadi district,district,2004,,,38754.0,32651.0,19409.0,,47589.0,,,,,,,0.9051735685068351,0.7971849289640718,6,False,True
Aghstafa district,district,2004,,,10232.0,8181.0,857.0,,10408.0,,,,,,,0.6539541989494986,0.5796622144613465,0,False,True
Aghsu district,district,2004,,,17627.0,13059.0,2.0,,21948.0,,,,,,,1.0000000000000002,0.8305129284558013,42,False,True
Astara district,district,2004,,,18396.0,18003.0,12.0,,15215.0,,,,,,,0.4951168843875857,0.2822942483599671,2,False,True
Babak district,district,2004,,,7687.0,7058.0,1317.0,,10352.0,,,,,,,0.7335480254211283,0.6502792186422058,0,False,True
Balakan district,district,2004,,,16741.0,13132.0,972.0,,13900.0,,,,,,,0.5545181553365159,0.49632096554804006,0,False,True
Barda district,district,2004,,,32186.0,24987.0,14820.0,,33800.0,,,,,,,0.7873629231651261,0.7424742608731609,0,False,True
Beylagan district,district,2004,,,22506.0,19888.0,19800.0,,22150.0,,,,,,,0.5694703822104732,0.5127546147115559,0,False,True
Bilasuvar district,district,2004,,,17864.0,14616.0,3610.0,,14501.0,,,,,,,0.49280387031400946,0.43854540187357716,0,False,True
Fuzuli district,district,2004,,,8819.0,7985.0,3311.0,,7745.0,,,,,,,0.48900549814273625,0.42838881016020325,0,False,False
Gabala district,district,2004,,,24561.0,22332.0,1048.0,,24161.0,,,,,,,0.6346514540992815,0.5860597923167807,0,False,True
Gakh district,district,2004,,,12521.0,10241.0,446.0,,13580.0,,,,,,,0.7244057289315666,0.6486218134313105,0,False,True
Gazakh district,district,2004,,,13125.0,11074.0,1504.0,,16000.0,,,,,,,0.7165067883383852,0.6319506188589227,0,False,True
Gobustan district,district,2004,,,10995.0,10884.0,1188.0,,12582.0,,,,,,,0.5877814688660171,0.5225947093204402,0,False,True
Goranboy district,district,2004,,,17026.0,15388.0,2403.0,,14620.0,,,,,,,0.4718556168221085,0.41772673552884465,0,False,True
Goychay district,district,2004,,,22494.0,17977.0,1843.0,,22500.0,,,,,,,0.6681594085808555,0.6029584717315659,0,False,True
Goygol district,district,2004,,,9143.0,8963.0,1052.0,,10546.0,,,,,,,0.599661006430781,0.5312417711642036,0,False,True
Guba district,district,2004,,,26430.0,25850.0,334.0,,34109.0,,,,,,,0.9189129213348866,0.8049413633256244,6,False,True
Gusar district,district,2004,,,17767.0,17649.0,109.0,,22258.0,,,,,,,0.7497004965944982,0.6380063012522833,0,False,True
Hajigabul district,district,2004,,,12816.0,11456.0,1000.0,,12194.0,,,,,,,0.549454462105489,0.4884170833110494,0,False,True
Imishli district,district,2004,,,32080.0,26504.0,12699.0,,27054.0,,,,,,,0.5599063446916221,0.5193821294079599,0,False,True
Ismayilli district,district,2004,,,24719.0,23239.0,1434.0,,23014.0,,,,,,,0.5592754187222448,0.5120064372414316,0,False,True
Jalilabad district,district,2004,,,48746.0,45038.0,48.0,,48974.0,,,,,,,1.0000000000000027,0.9101289828142352,61,False,True
Julfa district,district,2004,,,5737.0,5550.0,1377.0,,7533.0,,,,,,,0.684903735983198,0.5939593772466487,0,False,True
Kalbajar district,district,2004,,,6627.0,6334.0,38.0,,4539.0,,,,,,,0.489914907637357,0.24679516138887714,0,False,False
Kangarli district,district,2004,,,4874.0,4874.0,2494.0,,6960.0,,,,,,,0.7225053910575079,0.6221189295427946,0,False,True
Khachmaz district,district,2004,,,25536.0,23410.0,2737.0,,33048.0,,,,,,,0.8571404488820253,0.7999826184391702,0,False,True
Khojaly district,district,2004,,,2014.0,1936.0,10.0,,1323.0,,,,,,,1.0000000000000013,0.46752503805265966,16,False,True
Khojavand district,district,2004,,,1826.0,1793.0,234.0,,1853.0,,,,,,,0.7886451885159671,0.39655228637998974,0,False,False
Kurdamir district,district,2004,,,28388.0,21239.0,10123.0,,22730.0,,,,,,,0.5528153877267753,0.49998155930451926,0,False,True
Lachin district,district,2004,,,11118.0,8800.0,437.0,,12007.0,,,,,,,0.7335758708223473,0.6517578113553555,0,False,False
Lankaran district,district,2004,,,18149.0,17674.0,1.0,,21262.0,,,,,,,1.0000000000004414,0.6242862982272215,30,False,True
Lerik district,district,2004,,,16186.0,15787.0,475.0,,13691.0,,,,,,,0.4833875836435443,0.43102580652155886,0,False,True
Masalli district,district,2004,,,29229.0,27622.0,270.0,,38257.0,,,,,,,1.0000000000000002,0.893146247163467,16,False,True
Neftchala district,district,2004,,,17774.0,15630.0,6059.0,,18545.0,,,,,,,0.5871402664706263,0.5200740417465836,0,False,True
Oghuz district,district,2004,,,12562.0,10495.0,757.0,,15464.0,,,,,,,0.7781023126832362,0.7004517381625114,0,False,True
Ordubad district,district,2004,,,3368.0,3327.0,425.0,,4351.0,,,,,,,0.7057890594749029,0.5409370206252926,0,False,True
Saatli district,district,2004,,,26124.0,22516.0,7635.0,,30650.0,,,,,,,0.7735208706064451,0.722559101100154,0,False,True
Sabirabad district,district,2004,,,43179.0,35132.0,6792.0,,55372.0,,,,,,,0.9999999999999986,0.9183890382496618,71,False,True
Sadarak district,district,2004,,,1090.0,817.0,290.0,,1420.0,,,,,,,0.9999999999999984,0.27136599353391766,11,False,True
Salyan district,district,2004,,,27377.0,24930.0,12900.0,,32348.0,,,,,,,0.747427057586919,0.7041547943860971,0,False,True
Samukh district,district,2004,,,8415.0,7279.0,2843.0,,10837.0,,,,,,,0.74380368098691,0.6650372600287153,0,False,True
Shabran district,district,2004,,,10796.0,9387.0,59.0,,10755.0,,,,,,,0.6521168130325709,0.515826427153053,0,False,True
Shahbuz district,district,2004,,,9214.0,9214.0,616.0,,11227.0,,,,,,,0.6395063335724053,0.5653362061470838,0,False,True
Shaki district,district,2004,,,28450.0,21783.0,1626.0,,34207.0,,,,,,,1.0000000000000009,0.9248370965661035,0,False,True
Shamkir district,district,2004,,,25765.0,24857.0,5793.0,,32885.0,,,,,,,0.7651028871976238,0.7077940349305051,0,False,True
Sharur district,district,2004,,,16518.0,16383.0,3299.0,,20212.0,,,,,,,0.609826687684983,0.5353472402269686,0,False,True
Shusha district,district,2004,,,739.0,739.0,352.0,,881.0,,,,,,,1.105548037889035,0.3477777072519783,13,False,False
Siyazan district,district,2004,,,4860.0,4381.0,9.0,,7850.0,,,,,,,1.0,0.5979608997009731,1,False,True
Tartar district,district,2004,,,9544.0,9093.0,2891.0,,10350.0,,,,,,,0.5692736844585025,0.5076641296776796,0,False,True
Tovuz district,district,2004,,,15632.0,14992.0,205.0,,22320.0,,,,,,,0.8780280935756164,0.7980980900183486,0,False,True
Ujar district,district,2004,,,26064.0,17035.0,7131.0,,22561.0,,,,,,,0.6821334443961964,0.6158822156386854,0,False,True
Yevlakh district,district,2004,,,36474.0,22678.0,5990.0,,26553.0,,,,,,,0.6385372997305521,0.5870452436222515,0,False,True
Zagatala district,district,2004,,,27563.0,22562.0,5928.0,,33698.0,,,,,,,0.8687503649318755,0.808110116088917,0,False,True
Zardab district,district,2004,,,21857.0,17655.0,10264.0,,20503.0,,,,,,,0.5746480969754556,0.5080969010827566,0,False,True
Absheron district,district,2005,18.8,12.66,10120.0,10120.0,1128.0,47.9,25201.0,6.6,16.5,31.57,26.0,18.8,6.6,0.9999999999999993,0.7686667363946549,0,False,True
Agdash district,district,2005,19.2,15.06,29979.0,19123.0,11802.0,47.6,26912.0,46.0,56.9,27.73,26.67,19.2,46.0,0.5995113555794119,0.5065923010644201,0,False,True
Aghdam district,district,2005,,,13991.0,13499.0,3795.0,,21941.0,,,,,,,0.655656850042069,0.538731101809655,0,False,False
Aghjabadi district,district,2005,,,39179.0,32948.0,19399.0,,47750.0,,,,,,,0.8449183463304702,0.7594695483346591,22,False,True
Aghstafa district,district,2005,8.59,,10421.0,8326.0,900.0,49.8,10512.0,23.1,,10.58,,8.59,23.1,0.5700484921461237,0.46463065814587734,0,False,True
Aghsu district,district,2005,11.74,12.44,17731.0,13271.0,1520.0,51.5,22724.0,70.4,,20.0,,11.74,70.4,0.6903872169747383,0.5479124837132894,0,False,True
Babak district,district,2005,,,7916.0,7278.0,1365.0,,10594.0,,,,,,,0.6090591334171279,0.4842646196329444,0,False,True
Balakan district,district,2005,26.23,,16976.0,13458.0,935.0,46.4,13964.0,1.4,,30.27,,26.23,1.4,0.47866081087931944,0.39080025684145725,0,False,True
Barda district,district,2005,,,32248.0,25079.0,15380.0,,38000.0,,,,,,,0.8045414106731571,0.7279167302232543,1,False,True
Beylagan district,district,2005,9.71,6.27,22638.0,20070.0,19538.0,47.6,22725.0,3.0,91.6,10.0,12.02,9.71,3.0,0.45620149206527866,0.37909270479550083,0,False,True
Bilasuvar district,district,2005,,15.21,18121.0,15109.0,3846.0,,14535.0,,7.5,,17.2,15.21,7.5,0.3949413862221833,0.325895780213088,0,False,True
Fuzuli district,district,2005,,,8630.0,7731.0,3411.0,,7750.0,,,,,,,0.4301403063138283,0.33367746144058863,0,False,False
Gabala district,district,2005,9.77,8.46,24934.0,22753.0,1000.0,50.0,24503.0,0.1,1.6,25.25,20.42,9.77,0.1,0.5809916059870555,0.48894582988760416,0,False,True
Gakh district,district,2005,20.22,22.54,12567.0,10282.0,482.0,47.6,9215.0,9.2,,22.07,,20.22,9.2,0.4626955246321191,0.3561142310220248,0,False,True
Gazakh district,district,2005,18.0,9.34,13426.0,11406.0,1649.0,47.3,16500.0,33.3,63.6,24.0,19.63,18.0,33.3,0.5902372859044236,0.4803032720670769,0,False,True
Gobustan district,district,2005,,9.0,11011.0,10900.0,1212.0,,12760.0,,17.6,,20.0,9.0,17.6,0.5090322446263893,0.4186411128096541,0,False,True
Goranboy district,district,2005,23.35,,16907.0,15442.0,3058.0,50.0,14645.0,42.9,,32.79,,23.35,42.9,0.3891981703629172,0.31908255245022804,0,False,True
Goychay district,district,2005,12.37,,22759.0,18185.0,2137.0,49.8,22235.0,88.3,,30.13,,12.37,88.3,0.4929987003769576,0.39216627484840483,0,False,True
Goygol district,district,2005,16.12,,9314.0,9139.0,997.0,51.0,14471.0,18.8,,22.07,,16.12,18.8,0.6783701489169782,0.5606137187774083,0,False,True
Guba district,district,2005,25.53,,26439.0,25922.0,178.0,49.7,34450.0,-22.4,,19.82,,25.53,-22.4,1.0000000000000007,0.7862476372385565,34,False,True
Gusar district,district,2005,21.69,,17564.0,17442.0,113.0,47.2,22258.0,-21.7,,16.28,,21.69,-21.7,1.000000000000005,0.8036889727298941,5,False,True
Hajigabul district,district,2005,,10.0,13197.0,11858.0,1050.0,,12480.0,,96.0,,26.0,10.0,96.0,0.47734311921256756,0.3927148111162425,0,False,True
Imishli district,district,2005,17.57,17.38,33885.0,28575.0,11019.0,46.4,28438.0,13.6,15.1,20.0,20.0,17.57,13.6,0.4431686268192205,0.3805812980124381,0,False,True
Ismayilli district,district,2005,20.05,16.48,24735.0,23397.0,1323.0,44.5,23106.0,-6.5,12.4,19.78,18.5,20.05,-6.5,0.498826506167566,0.42169283526581214,0,False,True
Julfa district,district,2005,,,6205.0,6018.0,1438.0,,7588.0,,,,,,,0.5420969842557242,0.408176035244573,0,False,True
Kalbajar district,district,2005,,28.57,7121.0,6841.0,52.0,,5264.0,,37.0,,39.15,28.57,37.0,0.7499999999999999,0.2798831608041308,0,False,False
Kangarli district,district,2005,,,5031.0,5031.0,2313.0,,7155.0,,,,,,,0.6149374174951459,0.4662425270426478,0,False,True
Khachmaz district,district,2005,17.48,11.24,25772.0,24102.0,2978.0,47.9,34270.0,7.0,78.0,18.07,20.0,17.48,7.0,0.7497454568901726,0.6374925606005768,0,False,True
Khojavand district,district,2005,,8.26,1688.0,1678.0,254.0,,1858.0,,66.7,,20.0,8.26,66.7,1.162305705601663,0.5511044300545342,0,False,False
Kurdamir district,district,2005,12.03,13.0,28773.0,21791.0,10331.0,49.0,23071.0,39.4,38.5,16.45,18.0,12.03,39.4,0.4263539905435865,0.35289807070185253,0,False,True
Lachin district,district,2005,,15.44,11301.0,9036.0,477.0,47.6,5045.0,2.2,7.4,22.45,18.0,15.44,2.2,0.3531499524501624,0.21275104045857407,0,False,False
Lerik district,district,2005,25.0,14.0,16254.0,15892.0,519.0,45.8,13745.0,11.7,14.6,28.0,16.04,25.0,11.7,0.4735425639722136,0.3944537648621296,0,False,True
Masalli district,district,2005,21.0,8.71,30607.0,28957.0,315.0,47.9,43524.0,10.9,50.0,14.83,18.46,21.0,10.9,1.0,0.8849333309161982,65,False,True
Neftchala district,district,2005,23.88,23.99,18431.0,16486.0,5805.0,50.0,18736.0,-33.0,-29.2,16.29,17.0,23.88,-33.0,0.4611693563382486,0.3824360191152191,0,False,True
Oghuz district,district,2005,22.68,22.36,12565.0,10595.0,748.0,45.7,15476.0,39.0,36.3,31.52,31.88,22.68,39.0,0.6708157241841256,0.5531258673319797,0,False,True
Ordubad district,district,2005,,,3492.0,3455.0,334.0,,4445.0,,,,,,,0.7386693946356582,0.46937122597623127,0,False,True
Saatli district,district,2005,11.0,,27036.0,23956.0,7306.0,50.0,31540.0,50.0,,18.0,,11.0,50.0,0.6303643271663033,0.5545016399278113,0,False,True
Sabirabad district,district,2005,16.02,14.22,44757.0,36441.0,8550.0,50.0,58698.0,4.2,19.4,17.0,17.0,16.02,4.2,1.0000000000000027,0.8871952754577059,62,False,True
Sadarak district,district,2005,,,1149.0,876.0,405.0,,1459.0,,,,,,,1.0,0.04828361875356113,24,False,True
Salyan district,district,2005,19.3,11.29,28555.0,26382.0,11888.0,47.8,32994.0,71.6,24.0,32.67,14.0,19.3,71.6,0.6157046511363119,0.5517407173879949,0,False,True
Samukh district,district,2005,9.7,14.0,8530.0,7416.0,2960.0,45.5,11094.0,20.8,18.0,18.12,17.71,9.7,20.8,0.623976331503977,0.5107795057695108,0,False,True
Shabran district,district,2005,14.0,,10239.0,9154.0,66.0,48.2,10819.0,-15.0,35.3,11.96,18.93,14.0,-15.0,0.8302767776777598,0.533554447990374,0,False,True
Shahbuz district,district,2005,,,9653.0,9653.0,495.0,,11672.0,,,,,,,0.5928797379462657,0.47446651490507896,0,False,True
Shaki district,district,2005,28.48,12.8,30668.0,24116.0,1857.0,46.7,35733.0,19.9,43.1,34.38,18.32,28.48,19.9,0.8349945764716207,0.646546299812671,0,False,True
Shamkir district,district,2005,16.0,,26303.0,25389.0,5093.0,47.9,33425.0,20.0,,19.2,,16.0,20.0,0.6531248878652163,0.5628260056018921,0,False,True
Sharur district,district,2005,,,17215.0,17073.0,3417.0,,21265.0,,,,,,,0.5029877426107373,0.4098311419013694,0,False,True
Shusha district,district,2005,,,1100.0,1055.0,362.0,,881.0,,,,,,,1.0525976132834645,0.03500258870636941,5,False,False
Siyazan district,district,2005,28.65,12.56,4974.0,4458.0,39.0,47.0,7714.0,3.4,48.9,30.0,22.34,28.65,3.4,1.0000000000000002,0.4200397434051173,7,False,True
Tartar district,district,2005,20.71,,9873.0,9537.0,4038.0,46.8,10430.0,-8.2,,30.0,,20.71,-8.2,0.45809778879552293,0.37249618660945283,0,False,True
Tovuz district,district,2005,16.03,,15986.0,15340.0,205.0,47.0,22830.0,87.2,,30.0,,16.03,87.2,0.948039073393675,0.8103311006845584,3,False,True
Ujar district,district,2005,10.96,,26353.0,16938.0,7837.0,32.5,23447.0,,,,,10.96,,0.5571541053374581,0.4599596847374421,0,False,True
Yevlakh district,district,2005,30.94,12.29,36504.0,22696.0,8807.0,51.1,26612.0,61.6,81.4,50.0,31.71,30.94,61.6,0.49474462877577696,0.41354553472306266,0,False,True
Zagatala district,district,2005,16.0,18.0,27613.0,22667.0,6546.0,49.8,36862.0,37.5,,22.0,,16.0,37.5,0.850703033546677,0.7583587164454648,0,False,True
Zardab district,district,2005,20.0,10.88,21963.0,18205.0,10939.0,50.0,20810.0,,47.2,,20.0,20.0,47.2,0.46198047115065133,0.38455286268415845,0,False,True
Absheron district,district,2006,,,10132.0,10132.0,1003.0,,29714.0,,,,,,,0.9999999999999997,0.6872404968917045,0,False,True
Agdash district,district,2006,,,31295.0,19929.0,12424.0,,28235.0,,,,,,,0.48447341887473316,0.37742902501146425,0,False,True
Aghdam district,district,2006,,,14240.0,13810.0,4943.0,,22930.0,,,,,,,0.5752629532795116,0.46198594182261277,0,False,False
Aghjabadi district,district,2006,,,39784.0,33536.0,20360.0,,47847.0,,,,,,,0.7604189966992071,0.6022570072805882,7,False,True
Aghstafa district,district,2006,,,10559.0,8401.0,1197.0,,10852.0,,,,,,,0.5002544245632329,0.3823351609200165,0,False,True
Aghsu district,district,2006,,,17877.0,13453.0,1975.0,,23261.0,,,,,,,0.5984626539169043,0.4669977328198557,0,False,True
Babak district,district,2006,,,8408.0,7830.0,1322.0,,11128.0,,,,,,,0.5285595815883233,0.3973737726747457,0,False,True
Balakan district,district,2006,,,17294.0,13769.0,1183.0,,14040.0,,,,,,,0.41069095225817653,0.32942724987288935,0,False,True
Barda district,district,2006,,,33004.0,26409.0,19035.0,,40100.0,,,,,,,0.7169944054489745,0.6067717350976398,0,False,True
Beylagan district,district,2006,,,23708.0,21220.0,20848.0,,23236.0,,,,,,,0.3790318755409112,0.3058904866893263,0,False,True
Bilasuvar district,district,2006,,,18382.0,15507.0,4175.0,,14577.0,,,,,,,0.3386091101656826,0.270069385657511,0,False,True
Fuzuli district,district,2006,,,9876.0,8978.0,3711.0,,7850.0,,,,,,,0.34323607663480143,0.2468548189914619,0,False,False
Gabala district,district,2006,,,25222.0,23189.0,943.0,,24873.0,,,,,,,0.542477887093492,0.45377063178011745,0,False,True
Gakh district,district,2006,,,13265.0,10978.0,643.0,,9498.0,,,,,,,0.41286690464291975,0.31856983676876305,0,False,True
Gazakh district,district,2006,,,14206.0,12069.0,2276.0,,16830.0,,,,,,,0.4952631078261643,0.3935362107600274,0,False,True
Gobustan district,district,2006,,,11026.0,10915.0,1181.0,,12920.0,,,,,,,0.4657573955612182,0.37011187387506783,0,False,True
Goranboy district,district,2006,,,17836.0,16507.0,5325.0,,14667.0,,,,,,,0.31985421544410786,0.2561555227649841,0,False,True
Goychay district,district,2006,,,22978.0,18397.0,2260.0,,22550.0,,,,,,,0.4251695268506371,0.32433334381016854,0,False,True
Goygol district,district,2006,,,9564.0,9410.0,948.0,,15538.0,,,,,,,0.6300483504446334,0.5044027247058158,0,False,True
Guba district,district,2006,,,26443.0,25955.0,134.0,,34502.0,,,,,,,0.9999999999999993,0.8121877580275259,8,False,True
Gusar district,district,2006,,,17989.0,17869.0,286.0,,22259.0,,,,,,,0.7924823620198613,0.7008841244683096,0,False,True
Hajigabul district,district,2006,,,13308.0,12050.0,1250.0,,12484.0,,,,,,,0.4150306139004248,0.3301557866211587,0,False,True
Imishli district,district,2006,,,34738.0,29359.0,10346.0,,30696.0,,,,,,,0.37345743171818024,0.292544865355423,0,False,True
Ismayilli district,district,2006,,,23503.0,22486.0,1460.0,,23148.0,,,,,,,0.4278452007758086,0.3344275969232122,0,False,True
Jabrayil district,district,2006,,,3254.0,3132.0,165.0,,3616.0,,,,,,,1.093494197472856,0.7737084342814047,0,False,False
Jalilabad district,district,2006,,,49247.0,45495.0,10.0,,49031.0,,,,,,,0.9999999999999989,0.8553683172036224,72,False,True
Julfa district,district,2006,,,6732.0,6552.0,1453.0,,7944.0,,,,,,,0.4749519884753266,0.3326791070250592,0,False,True
Kalbajar district,district,2006,,,8583.0,8217.0,70.0,,5778.0,,,,,,,0.5825612925545178,0.21641533000705426,0,False,False
Kangarli district,district,2006,,,5404.0,5404.0,2319.0,,7486.0,,,,,,,0.5485187591736413,0.3870446164810011,0,False,True
Khachmaz district,district,2006,,,25840.0,24155.0,3615.0,,35161.0,,,,,,,0.6340540834885603,0.5050327026587473,0,False,True
Khojavand district,district,2006,,,1692.0,1690.0,309.0,,1859.0,,,,,,,1.1841451898635824,0.5368318345759633,0,False,False
Kurdamir district,district,2006,,,29009.0,22327.0,10496.0,,23450.0,,,,,,,0.3633297986938348,0.2923635507138137,0,False,True
Lachin district,district,2006,,,12391.0,10010.0,522.0,,9047.0,,,,,,,0.4445235641820956,0.33647053137012417,0,False,False
Lankaran district,district,2006,,,18945.0,18515.0,43.0,,23235.0,,,,,,,1.0000000000000002,0.6602826210064796,4,False,True
Lerik district,district,2006,,,16391.0,16104.0,868.0,,13748.0,,,,,,,0.3698810518410829,0.2826936202161026,0,False,True
Masalli district,district,2006,,,32140.0,30532.0,365.0,,43839.0,,,,,,,0.9999999999999997,0.8288145223808696,23,False,True
Neftchala district,district,2006,,,18141.0,16371.0,6647.0,,17950.0,,,,,,,0.3871781747589193,0.31220995697451515,0,False,True
Oghuz district,district,2006,,,12806.0,10992.0,1222.0,,15477.0,,,,,,,0.5268288317881047,0.41840704813351637,0,False,True
Ordubad district,district,2006,,,4295.0,4256.0,254.0,,4626.0,,,,,,,0.7750587642111985,0.5586740581580525,0,False,True
Saatli district,district,2006,,,28379.0,25450.0,9983.0,,32171.0,,,,,,,0.47994251596753146,0.38726352552587995,0,False,True
Sabirabad district,district,2006,,,46314.0,37850.0,10689.0,,62416.0,,,,,,,1.0000000000000069,0.8694545993744001,62,False,True
Sadarak district,district,2006,,,1350.0,1041.0,491.0,,1522.0,,,,,,,0.9999999999999988,0.0,5,False,True
Salyan district,district,2006,,,29420.0,27461.0,13428.0,,36440.0,,,,,,,0.5765599700897465,0.48844888746631243,0,False,True
Samukh district,district,2006,,,8776.0,7720.0,3633.0,,11113.0,,,,,,,0.5354643151991129,0.4179959760869376,0,False,True
Shabran district,district,2006,,,10323.0,9290.0,67.0,,10820.0,,,,,,,0.7438610626169957,0.46223993975202804,0,False,True
Shahbuz district,district,2006,,,9874.0,9874.0,408.0,,12149.0,,,,,,,0.566358788730096,0.423555336270349,0,False,True
Shaki district,district,2006,,,31551.0,25376.0,2419.0,,38763.0,,,,,,,0.8187951243671295,0.6712036782761798,0,False,True
Shamkir district,district,2006,,,26715.0,25765.0,5148.0,,35023.0,,,,,,,0.5678972817153822,0.45073048870405563,0,False,True
Sharur district,district,2006,,,18660.0,18518.0,3490.0,,22337.0,,,,,,,0.4186822678679802,0.3309128312570313,0,False,True
Shusha district,district,2006,,,1122.0,1065.0,451.0,,881.0,,,,,,,1.0625231958307393,0.0,4,False,False
Siyazan district,district,2006,,,5024.0,4495.0,41.0,,7880.0,,,,,,,0.9999999999999996,0.41385484635717273,4,False,True
Tartar district,district,2006,,,10249.0,9925.0,4032.0,,10670.0,,,,,,,0.40210896422373127,0.31104360620990745,0,False,True
Tovuz district,district,2006,,,16185.0,15527.0,1905.0,,23424.0,,,,,,,0.5219089498232016,0.39677575903904494,0,False,True
Ujar district,district,2006,,,26391.0,16960.0,7063.0,,25479.0,,,,,,,0.5168838857503976,0.41016483750957033,0,False,True
Yevlakh district,district,2006,,,36629.0,22835.0,9885.0,,26716.0,,,,,,,0.40136819946776564,0.3154904957494991,0,False,True
Zagatala district,district,2006,,,27641.0,22797.0,6565.0,,37305.0,,,,,,,0.7266781438953551,0.6018331676149,0,False,True
Zangilan district,district,2006,,,176.0,175.0,22.0,,32.0,,,,,,,13.987281727823804,1.0,200,True,False
Zardab district,district,2006,,,21973.0,18294.0,12027.0,,21069.0,,,,,,,0.40145783401624674,0.32432398571843424,0,False,True
Absheron district,district,2007,,,10324.0,10324.0,731.0,,30241.0,,,,,,,1.0000000000000002,0.6044190174483912,0,False,True
Agdash district,district,2007,,,32821.0,20800.0,8916.0,,29335.0,,,,,,,0.4822599927544929,0.36992687585105444,0,False,True
Aghdam district,district,2007,,,14292.0,13865.0,6369.0,,23189.0,,,,,,,0.5801260302728541,0.47094242008562626,0,False,False
Aghjabadi district,district,2007,,,39878.0,33450.0,25057.0,,48014.0,,,,,,,0.7506917962739514,0.5856524008464843,6,False,True
Aghstafa district,district,2007,,,10700.0,8495.0,3992.0,,10902.0,,,,,,,0.47909870336507854,0.3739303213394477,0,False,True
Aghsu district,district,2007,,,17967.0,13647.0,617.0,,23302.0,,,,,,,0.7327428696787192,0.5889393853531045,0,False,True
Astara district,district,2007,,,21882.0,21411.0,308.0,,17918.0,,,,,,,0.5235539605035926,0.44280514861755005,0,False,True
Babak district,district,2007,,,8453.0,7916.0,1253.0,,11573.0,,,,,,,0.5504840088970279,0.42093159506105116,0,False,True
Balakan district,district,2007,,,17331.0,13946.0,1327.0,,14086.0,,,,,,,0.3971573103039207,0.3183521008395305,0,False,True
Barda district,district,2007,,,35154.0,29353.0,25379.0,,42200.0,,,,,,,0.6906808383498786,0.5796991545610923,0,False,True
Beylagan district,district,2007,,,24490.0,22158.0,25192.0,,23450.0,,,,,,,0.3668134503692166,0.2984862415563204,0,False,True
Bilasuvar district,district,2007,,,18974.0,16064.0,5873.0,,14607.0,,,,,,,0.3279448923302018,0.26467491498641565,0,False,True
Fuzuli district,district,2007,,,12100.0,11003.0,6500.0,,7920.0,,,,,,,0.2822495534613003,0.20444824031971637,0,False,False
Gabala district,district,2007,,,25493.0,23759.0,849.0,,25170.0,,,,,,,0.5055280894412864,0.4126774327487227,0,False,True
Gakh district,district,2007,,,13345.0,11049.0,1773.0,,9625.0,,,,,,,0.35090908136023585,0.2654819217036398,0,False,True
Gazakh district,district,2007,,,14731.0,12623.0,5145.0,,17170.0,,,,,,,0.4830038512092975,0.3954053790665145,0,False,True
Gobustan district,district,2007,,,11052.0,10941.0,10.0,,13560.0,,,,,,,1.0000000000000004,0.186200896687728,24,False,True
Goranboy district,district,2007,,,19146.0,17976.0,6977.0,,15738.0,,,,,,,0.3134102054090675,0.2549814945625886,0,False,True
Goychay district,district,2007,,,23022.0,18434.0,2741.0,,23180.0,,,,,,,0.43617971637624753,0.34126204448396613,0,False,True
Goygol district,district,2007,,,9754.0,9602.0,967.0,,20324.0,,,,,,,0.7429243029311556,0.5837115185660671,0,False,True
Guba district,district,2007,,,26476.0,25990.0,207.0,,34610.0,,,,,,,1.0000000000000004,0.8519231082902092,8,False,True
Gubadli district,district,2007,,,151.0,147.0,8.0,,225.0,,,,,,,26.219213558655287,1.0,200,True,False
Gusar district,district,2007,,,18097.0,18006.0,1558.0,,22260.0,,,,,,,0.4359612469083838,0.3297544712335897,0,False,True
Hajigabul district,district,2007,,,13731.0,12467.0,1500.0,,12620.0,,,,,,,0.3944585613136423,0.31132878474548314,0,False,True
Imishli district,district,2007,,,36221.0,30662.0,12256.0,,30971.0,,,,,,,0.35651097943931886,0.27504261693253024,0,False,True
Ismayilli district,district,2007,,,23593.0,22544.0,1545.0,,23216.0,,,,,,,0.3723273331299564,0.27564306147748197,0,False,True
Jabrayil district,district,2007,,,3278.0,3153.0,190.0,,3663.0,,,,,,,1.1927919812805077,0.9978065303512618,0,False,False
Jalilabad district,district,2007,,,49442.0,45642.0,10.0,,49040.0,,,,,,,1.0000000000000002,0.8635295253484347,78,False,True
Julfa district,district,2007,,,6744.0,6578.0,1395.0,,8192.0,,,,,,,0.49525094372475353,0.35051844208601723,0,False,True
Kalbajar district,district,2007,,,10064.0,9659.0,178.0,,6771.0,,,,,,,0.4711239235861788,0.30094886345532,0,False,False
Kangarli district,district,2007,,,5454.0,5454.0,2423.0,,7722.0,,,,,,,0.5576751814375575,0.3988580371524735,0,False,True
Khachmaz district,district,2007,,,26057.0,24440.0,4893.0,,36005.0,,,,,,,0.6186369611706682,0.4829573112777328,0,False,True
Khizi district,district,2007,,,5087.0,4937.0,137.0,,4235.0,,,,,,,0.88053133271626,0.6884427870019416,0,False,True
Khojavand district,district,2007,,,1648.0,1642.0,528.0,,1860.0,,,,,,,1.0990440096354814,0.4378899037256221,0,False,False
Kurdamir district,district,2007,,,29805.0,22623.0,12059.0,,23567.0,,,,,,,0.3609463452227914,0.29301340075396026,0,False,True
Lachin district,district,2007,,,12657.0,10326.0,1205.0,,10037.0,,,,,,,0.41498721168856484,0.32552381726713475,0,False,False
Lankaran district,district,2007,,,19060.0,18674.0,50.0,,24235.0,,,,,,,1.0000000000000004,0.6308844303410994,7,False,True
Lerik district,district,2007,,,16667.0,16428.0,328.0,,13760.0,,,,,,,0.4766715052437439,0.38229818406738125,0,False,True
Masalli district,district,2007,,,33490.0,31717.0,453.0,,43942.0,,,,,,,1.0000000000000018,0.8446756123314008,25,False,True
Neftchala district,district,2007,,,18228.0,16496.0,9493.0,,18855.0,,,,,,,0.40263526137157457,0.33259860881354947,0,False,True
Oghuz district,district,2007,,,12870.0,11125.0,2291.0,,15488.0,,,,,,,0.49914733741378703,0.39907221434333706,0,False,True
Ordubad district,district,2007,,,4342.0,4302.0,252.0,,4805.0,,,,,,,0.8803605079163808,0.7287774391537367,0,False,True
Saatli district,district,2007,,,29372.0,26780.0,14528.0,,35486.0,,,,,,,0.5484575727368053,0.4584812965289241,0,False,True
Sabirabad district,district,2007,,,49189.0,40171.0,12813.0,,66116.0,,,,,,,1.0000000000000389,0.8711852045261566,61,False,True
Sadarak district,district,2007,,,1362.0,1054.0,716.0,,1576.0,,,,,,,1.0000000000000002,0.0,3,False,True
Salyan district,district,2007,,,31987.0,30188.0,15586.0,,40192.0,,,,,,,0.6162367371210316,0.5169589027249795,0,False,True
Samukh district,district,2007,,,9171.0,8089.0,8582.0,,12850.0,,,,,,,0.5810247185306796,0.46883844523102614,0,False,True
Shabran district,district,2007,,,10655.0,9521.0,771.0,,10821.0,,,,,,,0.5032365041188231,0.40333910243497606,0,False,True
Shahbuz district,district,2007,,,10098.0,10098.0,360.0,,12565.0,,,,,,,0.5768148235877661,0.42598668083622415,0,False,True
Shaki district,district,2007,,,33940.0,27922.0,4713.0,,40242.0,,,,,,,0.7195346949725282,0.566463221717812,0,False,True
Shamkir district,district,2007,,,27880.0,26930.0,5159.0,,36110.0,,,,,,,0.5646804457549777,0.43685619553814437,0,False,True
Sharur district,district,2007,,,18680.0,18544.0,3681.0,,23127.0,,,,,,,0.43266809610948453,0.34324435131238173,0,False,True
Shusha district,district,2007,,,1057.0,1013.0,451.0,,898.0,,,,,,,1.429578890312364,0.34386862665233053,4,False,False
Siyazan district,district,2007,,,5088.0,4583.0,78.0,,8034.0,,,,,,,1.0000000000000009,0.5911715252114296,0,False,True
Tartar district,district,2007,,,10534.0,10257.0,7550.0,,10740.0,,,,,,,0.39168900849425786,0.30647292014429034,0,False,True
Tovuz district,district,2007,,,16987.0,16329.0,2110.0,,24852.0,,,,,,,0.5255218609723766,0.39785043254977925,0,False,True
Ujar district,district,2007,,,26407.0,16938.0,9509.0,,26702.0,,,,,,,0.5419482597256949,0.4297414381548085,0,False,True
Yevlakh district,district,2007,,,36730.0,22748.0,13980.0,,27291.0,,,,,,,0.411904205217271,0.3246200694168521,0,False,True
Zagatala district,district,2007,,,28054.0,23214.0,6942.0,,37753.0,,,,,,,0.713956000959367,0.5859325082581821,0,False,True
Zangilan district,district,2007,,,209.0,209.0,13.0,,41.0,,,,,,,17.850875186224673,1.0,200,True,False
Zardab district,district,2007,,,22128.0,18571.0,12858.0,,21346.0,,,,,,,0.4010251462269639,0.33026838920768664,0,False,True
Absheron district,district,2008,19.34,10.2,10481.0,10481.0,796.0,48.1,30846.0,11.0,9.7,43.6,40.0,19.34,11.0,1.0,0.5830285255434235,0,False,True
Agdash district,district,2008,12.07,12.81,33746.0,22492.0,11035.0,47.9,30285.0,113.6,130.0,25.87,30.0,12.07,113.6,0.4579635214071848,0.3619701930706062,0,False,True
Aghdam district,district,2008,18.07,,14347.0,13901.0,6447.0,48.2,25649.0,22.2,,22.0,,18.07,22.2,0.6336972353365068,0.5217581946279526,0,False,False
Aghjabadi district,district,2008,15.63,,39992.0,33610.0,29854.0,46.9,48040.0,40.0,,21.88,,15.63,40.0,0.7369094820727645,0.6265247847402936,24,False,True
Aghstafa district,district,2008,18.75,,11068.0,8833.0,5503.0,50.0,11047.0,,,50.0,,18.75,,0.4654456438142796,0.3699362811081697,0,False,True
Aghsu district,district,2008,25.4,16.35,18368.0,14015.0,592.0,46.0,23347.0,87.5,100.0,56.6,40.0,25.4,87.5,0.7401242187827312,0.6038053507308134,0,False,True
Astara district,district,2008,22.15,18.0,22521.0,22049.0,395.0,41.5,18620.0,3.3,0.2,35.34,18.03,22.15,3.3,0.4829174681477903,0.4087413048376415,0,False,True
Babak district,district,2008,,,7341.0,6916.0,1257.0,,11872.0,,,,,,,0.6328368594013579,0.49266367503783715,0,False,True
Balakan district,district,2008,24.16,,17368.0,13925.0,1769.0,42.0,14107.0,32.1,,46.19,,24.16,32.1,0.3772093676787693,0.29809243669734864,0,False,True
Barda district,district,2008,,,36008.0,30416.0,27564.0,,44100.0,,,,,,,0.7066601166931124,0.6142284401925175,1,False,True
Beylagan district,district,2008,46.93,6.59,25307.0,23526.0,27501.0,48.2,26733.0,-56.8,200.0,20.0,20.0,46.93,-56.8,0.38926162082260624,0.31843488057378805,0,False,True
Bilasuvar district,district,2008,,37.53,19166.0,16557.0,7267.0,,14623.0,,43.2,,53.0,37.53,43.2,0.31779605392623905,0.2606248284539961,0,False,True
Dashkasan district,district,2008,18.05,20.0,13002.0,12777.0,75.0,47.4,19025.0,67.5,24.3,50.38,31.08,18.05,67.5,0.9999999999999998,0.7606694227534379,0,False,True
Fuzuli district,district,2008,21.25,,13702.0,12729.0,6500.0,50.0,6420.0,20.0,,30.0,,21.25,20.0,0.20604026943350554,0.13084845385261562,0,False,False
Gabala district,district,2008,19.2,19.0,25730.0,23891.0,1569.0,47.5,25473.0,6.5,41.7,20.0,34.0,19.2,6.5,0.38895870970457597,0.2823630776569161,0,False,True
Gakh district,district,2008,26.34,37.31,13376.0,11231.0,2464.0,47.9,9636.0,64.3,52.4,44.15,60.0,26.34,64.3,0.3256464755816094,0.24171255940238018,0,False,True
Gazakh district,district,2008,21.03,20.06,15320.0,13146.0,6832.0,47.9,17282.0,45.9,45.8,35.06,35.0,21.03,45.9,0.4653279052809185,0.38790263023757177,0,False,True
Gobustan district,district,2008,,24.71,11085.0,10972.0,18.0,,14040.0,,42.9,,35.29,24.71,42.9,0.9999999999999992,0.4411128531246946,16,False,True
Goranboy district,district,2008,18.18,,20075.0,18699.0,5767.0,47.7,15740.0,38.5,,36.0,,18.18,38.5,0.3006101728343026,0.2467511706495592,0,False,True
Goychay district,district,2008,29.45,,23165.0,18633.0,3610.0,48.1,23286.0,34.5,,46.33,,29.45,34.5,0.4319649426527174,0.35592243823543124,0,False,True
Goygol district,district,2008,27.62,21.75,9812.0,9656.0,1168.0,48.1,22354.0,11.6,22.6,32.75,38.0,27.62,11.6,0.8025021202596428,0.6513269845020248,0,False,True
Guba district,district,2008,19.4,,26632.0,26150.0,312.0,47.9,34628.0,42.9,40.0,27.2,,19.4,42.9,0.9884892829014053,0.893675975527557,27,False,True
Gubadli district,district,2008,,,148.0,144.0,1.0,,190.0,,,,,,,47.84240036369149,1.0,200,True,False
Gusar district,district,2008,35.78,,18350.0,18264.0,2581.0,47.6,22262.0,-22.8,,27.24,,35.78,-22.8,0.4226545283594152,0.3463719496888712,0,False,True
Hajigabul district,district,2008,,17.41,14174.0,12833.0,1775.0,,12670.0,,90.5,,40.0,17.41,90.5,0.3732809531710281,0.2927678148167754,0,False,True
Imishli district,district,2008,34.38,41.02,36481.0,31032.0,15033.0,32.2,31214.0,9.6,9.6,45.0,45.0,34.38,9.6,0.34760156961432986,0.2754139718754534,0,False,True
Ismayilli district,district,2008,31.13,22.84,23681.0,22746.0,1411.0,48.0,23474.0,-13.7,6.8,25.03,24.57,31.13,-13.7,0.38635652448947444,0.2920902814305743,0,False,True
Jabrayil district,district,2008,,,3350.0,3286.0,190.0,,3675.0,,,,,,,1.1324915965927502,0.9425054060681175,0,False,False
Julfa district,district,2008,,,6829.0,6645.0,2136.0,,8441.0,,,,,,,0.4925328987128562,0.35933129995217716,0,False,True
Kalbajar district,district,2008,,47.17,11165.0,10750.0,197.0,,8010.0,,16.5,,54.95,47.17,16.5,0.4179209717998306,0.25664880452811956,0,False,False
Kangarli district,district,2008,,,5516.0,5516.0,2438.0,,7859.0,,,,,,,0.5593982110294704,0.402692173748298,0,False,True
Khachmaz district,district,2008,27.01,25.0,25973.0,24694.0,5314.0,47.8,36185.0,18.5,60.0,35.07,40.0,27.01,18.5,0.6040813710098237,0.47616522553558815,0,False,True
Khizi district,district,2008,,15.99,5068.0,5049.0,186.0,,5209.0,,50.0,,36.0,15.99,50.0,0.8073975700597295,0.6471379814138007,0,False,True
Khojavand district,district,2008,,9.92,961.0,957.0,553.0,,1660.0,,21.4,,17.0,9.92,21.4,1.2307899335274015,0.0,11,False,False
Kurdamir district,district,2008,22.05,22.95,30411.0,24181.0,12927.0,50.0,24038.0,12.4,21.7,37.11,42.0,22.05,12.4,0.34286156990883027,0.2866665028153489,0,False,True
Lachin district,district,2008,,23.85,13085.0,10874.0,1379.0,44.4,11391.0,20.0,25.0,30.0,30.0,23.85,20.0,0.4185652781104555,0.33011757502561845,0,False,False
Lankaran district,district,2008,24.31,17.84,21291.0,20619.0,189.0,42.8,25297.0,3.3,22.6,26.9,25.0,24.31,3.3,0.8819427731319266,0.7439130583938116,3,False,True
Lerik district,district,2008,27.03,17.6,16696.0,16493.0,239.0,54.1,13768.0,25.0,93.7,33.33,34.0,27.03,25.0,0.49071072718254394,0.3957869974082894,0,False,True
Masalli district,district,2008,25.0,38.0,34170.0,32320.0,472.0,48.0,44155.0,18.2,45.0,26.0,58.0,25.0,18.2,1.0,0.8829533238519249,68,False,True
Neftchala district,district,2008,26.06,18.86,18554.0,16895.0,12775.0,50.0,19999.0,49.0,73.7,39.04,33.0,26.06,49.0,0.413809513757805,0.3485422363147975,0,False,True
Oghuz district,district,2008,32.87,34.92,13051.0,11440.0,2373.0,46.5,15491.0,80.9,64.0,59.44,60.0,32.87,80.9,0.48435328135244554,0.39337137924340515,0,False,True
Ordubad district,district,2008,,,4407.0,4365.0,252.0,,4952.0,,,,,,,0.8528624889097319,0.7083700713010475,0,False,True
Saatli district,district,2008,11.99,12.5,29730.0,27231.0,15470.0,47.9,36381.0,56.5,50.0,24.87,27.0,11.99,56.5,0.5537821656548848,0.4727682724687724,0,False,True
Sabirabad district,district,2008,28.14,38.6,51721.0,42946.0,15870.0,48.0,69918.0,-16.3,5.3,23.69,55.82,28.14,-16.3,0.9999999999999784,0.8766953984281116,66,False,True
Sadarak district,district,2008,,,1384.0,1072.0,700.0,,1600.0,,,,,,,1.0,0.0,4,False,True
Salyan district,district,2008,20.7,16.01,33124.0,31033.0,17103.0,48.0,40510.0,63.6,56.2,33.85,25.0,20.7,63.6,0.5964887764585033,0.5110314745706028,1,False,True
Samukh district,district,2008,21.18,15.96,9530.0,8516.0,7314.0,47.0,13032.0,37.8,41.1,40.0,45.17,21.18,37.8,0.5577611557772016,0.4552623459695022,0,False,True
Shabran district,district,2008,19.04,14.0,11378.0,10114.0,963.0,41.8,10889.0,-4.4,,23.37,50.0,19.04,-4.4,0.4616031645614934,0.3700989115148998,0,False,True
Shahbuz district,district,2008,,,10246.0,10246.0,412.0,,12918.0,,,,,,,0.5647250190942504,0.4254799444190831,0,False,True
Shaki district,district,2008,48.23,32.0,35450.0,29260.0,7780.0,48.0,47273.0,22.1,71.9,58.52,55.0,48.23,22.1,0.8564376407453004,0.5959349049556362,9,False,True
Shamakhi district,district,2008,,9.01,19199.0,18788.0,35.0,,20671.0,,-7.5,,25.67,9.01,-7.5,1.0000000000000004,0.012445308081059814,12,False,True
Shamkir district,district,2008,10.0,,27893.0,26856.0,9704.0,48.0,36770.0,52.5,,20.22,,10.0,52.5,0.5735501564506192,0.479469088185407,0,False,True
Sharur district,district,2008,,,18947.0,18806.0,3931.0,,23690.0,,,,,,,0.4349025490307207,0.35775717864289536,0,False,True
Shusha district,district,2008,,17.78,1223.0,1182.0,515.0,,898.0,,41.7,,48.36,17.78,41.7,1.2254474665237496,0.13510677474384947,0,False,False
Siyazan district,district,2008,33.33,15.6,5130.0,4542.0,65.0,50.0,8048.0,0.1,,33.33,50.0,33.33,0.1,0.9999999999999997,0.5437095237221503,0,False,True
Tartar district,district,2008,34.98,,10805.0,10610.0,8544.0,47.7,10850.0,,,36.17,,34.98,,0.3815176896839792,0.30241269742590693,0,False,True
Tovuz district,district,2008,29.92,,17330.0,16671.0,2683.0,48.1,25532.0,66.2,,49.28,,29.92,66.2,0.5261462492295284,0.4171827177569978,0,False,True
Ujar district,district,2008,36.17,,28888.0,18997.0,10805.0,46.8,29055.0,5.6,,40.43,,36.17,5.6,0.521387634671212,0.418191718474038,0,False,True
Yevlakh district,district,2008,20.18,18.0,35158.0,22552.0,17419.0,48.2,29407.0,176.5,60.0,55.16,32.0,20.18,176.5,0.44421985001687964,0.35542836260360844,0,False,True
Zagatala district,district,2008,25.93,24.0,28340.0,24344.0,7062.0,48.4,38516.0,40.0,51.5,40.0,40.0,25.93,40.0,0.6923273809595897,0.56752094172753,1,False,True
Zangilan district,district,2008,25.0,,212.0,212.0,12.0,,43.0,,,,,25.0,,17.642800408487457,1.0,200,True,False
Zardab district,district,2008,16.67,10.21,22272.0,19258.0,11357.0,50.0,21605.0,60.0,61.1,33.33,30.6,16.67,60.0,0.3898635780111212,0.3297893380485788,0,False,True
Absheron district,district,2009,20.23,10.21,10535.0,10535.0,521.0,48.0,32280.0,32.7,6.8,39.29,38.12,20.23,32.7,1.0000000000000002,0.5301042842381711,2,False,True
Agdash district,district,2009,12.02,10.71,34312.0,22828.0,12690.0,48.0,32417.0,80.0,88.9,19.23,28.33,12.02,80.0,0.46681972612028266,0.34885990959229096,0,False,True
Aghdam district,district,2009,18.76,,14856.0,14515.0,6813.0,48.0,26726.0,44.7,,27.23,,18.76,44.7,0.6079257200881802,0.4819575073111104,0,False,False
Aghjabadi district,district,2009,14.77,,40093.0,34187.0,26417.0,48.0,48072.0,25.0,,40.0,,14.77,25.0,0.7180305867627731,0.5848159986203058,11,False,True
Aghstafa district,district,2009,30.0,,11340.0,9034.0,6685.0,48.0,11072.0,0.1,,37.5,,30.0,0.1,0.44295887820562607,0.35539819947072226,0,False,True
Aghsu district,district,2009,22.1,21.56,18523.0,14262.0,875.0,48.0,23396.0,33.3,68.2,30.0,40.0,22.1,33.3,0.5552411396871493,0.383545612545542,0,False,True
Astara district,district,2009,21.53,17.22,22298.0,21793.0,675.0,48.0,19365.0,1.2,2.6,30.39,20.0,21.53,1.2,0.355124366179134,0.2427910812995006,0,False,True
Babak district,district,2009,,,7502.0,7115.0,1153.0,,11398.0,,,,,,,0.5765449966124,0.4350712384686586,0,False,True
Balakan district,district,2009,26.99,,17525.0,14153.0,2776.0,47.0,14115.0,7.4,,41.16,,26.99,7.4,0.34897994868247706,0.27932083200723673,0,False,True
Barda district,district,2009,,,36943.0,31186.0,27068.0,,46300.0,,,,,,,0.7367090427509986,0.6349088841267537,1,False,True
Beylagan district,district,2009,38.33,13.64,25975.0,24258.0,24825.0,48.0,30360.0,-47.5,46.4,20.0,20.0,38.33,-47.5,0.4099071334432716,0.314357624182487,0,False,True
Bilasuvar district,district,2009,,37.57,19304.0,17057.0,7410.0,,22066.0,,42.0,,53.0,37.57,42.0,0.43316457504876915,0.3603621144426482,0,False,True
Dashkasan district,district,2009,20.04,18.8,13316.0,13137.0,80.0,48.0,19032.0,100.0,20.6,39.8,32.0,20.04,100.0,1.0000000000000007,0.8633773274162502,1,False,True
Fuzuli district,district,2009,22.0,,14437.0,13347.0,4064.0,48.0,6757.0,0.1,,30.0,,22.0,0.1,0.20022605051681727,0.13513476331150798,0,False,False
Gabala district,district,2009,11.03,16.31,25973.0,24232.0,1282.0,48.0,25608.0,2.0,39.1,50.0,25.0,11.03,2.0,0.3585412563748194,0.23242595711743336,0,False,True
Gakh district,district,2009,27.43,34.81,14142.0,12170.0,3293.0,48.0,9646.0,60.7,47.4,45.0,57.06,27.43,60.7,0.29271970091994726,0.22518983854484032,0,False,True
Gazakh district,district,2009,20.0,20.24,15338.0,13615.0,7359.0,45.0,18359.0,150.0,97.3,50.0,40.2,20.0,150.0,0.45879650778607006,0.3812883724411106,0,False,True
Gobustan district,district,2009,,22.63,11168.0,11055.0,30.0,,14545.0,,70.4,,41.24,22.63,70.4,0.9721397245084387,0.5889718609888448,1,False,True
Goranboy district,district,2009,30.0,,20098.0,18861.0,9106.0,48.0,18880.0,,,,,30.0,,0.3396963602444708,0.2820781235833511,0,False,True
Goychay district,district,2009,30.9,,23217.0,18707.0,4459.0,48.0,23360.0,11.5,,37.91,,30.9,11.5,0.41626750147439834,0.33978366409707367,0,False,True
Goygol district,district,2009,22.71,25.4,9823.0,9689.0,1636.0,48.0,22427.0,34.0,18.4,43.45,37.02,22.71,34.0,0.7740424561109901,0.6301260019296512,0,False,True
Guba district,district,2009,34.8,,26400.0,26008.0,386.0,48.0,34648.0,10.3,,37.49,,34.8,10.3,0.8088808505392879,0.5400124071009889,2,False,True
Gusar district,district,2009,28.59,,18566.0,18489.0,3045.0,48.0,23950.0,3.1,,29.59,,28.59,3.1,0.4310060468033681,0.34132781749143737,0,False,True
Hajigabul district,district,2009,,17.4,14390.0,12989.0,2052.0,,12681.0,,45.9,,42.31,17.4,45.9,0.34624351361680483,0.26496291520039694,0,False,True
Imishli district,district,2009,46.66,42.79,36660.0,31210.0,18489.0,46.4,40932.0,7.2,16.9,50.0,50.0,46.66,7.2,0.5835295735093883,0.49946046397175037,0,False,True
Ismayilli district,district,2009,26.6,24.97,23715.0,22842.0,1265.0,48.0,23491.0,3.8,51.0,28.02,50.0,26.6,3.8,0.35364487166534636,0.2419847078045413,0,False,True
Jabrayil district,district,2009,,,3407.0,3349.0,350.0,,4248.0,,,,,,,0.8271178030361769,0.5310296243041175,0,False,False
Jalilabad district,district,2009,16.04,,49685.0,45836.0,112.0,,50643.0,,,,,16.04,,0.9999999999999998,0.8670453788049652,79,False,True
Julfa district,district,2009,,,6876.0,6648.0,2090.0,,8691.0,,,,,,,0.49160690062681206,0.3719485174237893,0,False,True
Kalbajar district,district,2009,,25.27,11922.0,11444.0,499.0,48.0,8837.0,,2.9,,36.0,25.27,2.9,0.3867109321659706,0.28704816156786217,0,False,False
Kangarli district,district,2009,,,5577.0,5577.0,1810.0,,8052.0,,,,,,,0.5507177960283743,0.40773648248577976,0,False,True
Khachmaz district,district,2009,20.51,18.07,26129.0,24847.0,5815.0,48.0,36511.0,17.2,66.1,28.55,30.27,20.51,17.2,0.5750869349658174,0.4402936678218563,0,False,True
Khojavand district,district,2009,18.0,18.48,800.0,797.0,615.0,,813.0,,,,,18.0,,1.3713927227101625,0.6204869971619562,39,False,False
Kurdamir district,district,2009,28.98,25.0,30770.0,24726.0,15727.0,48.0,24446.0,158.4,39.5,74.91,34.88,28.98,158.4,0.3284667122956346,0.2687204582594272,0,False,True
Lachin district,district,2009,,28.96,14210.0,11798.0,2123.0,48.0,11907.0,-6.3,10.1,32.42,32.07,28.96,-6.3,0.3609865691837613,0.27879167513265035,0,False,False
Lankaran district,district,2009,31.64,31.0,21204.0,20630.0,432.0,48.0,26410.0,3.6,15.0,34.33,36.55,31.64,3.6,0.6496445780308973,0.5149995089823962,0,False,True
Lerik district,district,2009,24.68,30.94,16585.0,16411.0,407.0,48.0,13776.0,22.2,,36.67,,24.68,22.2,0.3709503549917817,0.25204163993284495,0,False,True
Masalli district,district,2009,,15.22,35476.0,33614.0,583.0,48.0,44185.0,25.0,53.5,20.83,21.55,15.22,25.0,0.975076232704243,0.8641211681227698,19,False,True
Neftchala district,district,2009,26.0,18.58,19113.0,17547.0,11131.0,49.0,20000.0,27.2,40.0,35.52,35.0,26.0,27.2,0.38479733432772645,0.32107196206234245,0,False,True
Oghuz district,district,2009,31.58,34.48,12926.0,11396.0,2216.0,47.0,15493.0,102.7,65.3,63.92,60.0,31.58,102.7,0.4706579624687291,0.37953224628802507,0,False,True
Ordubad district,district,2009,,,4496.0,4454.0,251.0,,5100.0,,,,,,,0.7750316028072011,0.5571024286191092,0,False,True
Saatli district,district,2009,12.01,12.6,30374.0,27997.0,14398.0,48.0,36523.0,66.9,60.0,20.02,20.0,12.01,66.9,0.5107630362660331,0.42182824239721206,0,False,True
Sabirabad district,district,2009,28.0,33.5,54187.0,45131.0,19216.0,48.1,71270.0,18.2,2.9,33.86,35.0,28.0,18.2,1.0000000000000318,0.882384913647418,71,False,True
Sadarak district,district,2009,,,1408.0,1093.0,523.0,,1630.0,,,,,,,1.0,0.0,3,False,True
Salyan district,district,2009,18.59,16.01,33270.0,31163.0,18890.0,48.0,40621.0,56.1,87.4,35.0,30.0,18.59,56.1,0.5755545457532996,0.49322804822815136,0,False,True
Samukh district,district,2009,25.11,24.6,9582.0,8554.0,8568.0,47.3,13106.0,32.7,37.0,34.64,50.0,25.11,32.7,0.5410663967249996,0.44272092641531413,0,False,True
Shabran district,district,2009,23.33,20.17,11404.0,10156.0,962.0,48.0,11068.0,-30.6,10.1,33.01,38.0,23.33,-30.6,0.43002582549385204,0.3198642886560379,0,False,True
Shahbuz district,district,2009,,,10400.0,10400.0,402.0,,13296.0,,,,,,,0.5485729650523727,0.40095575189318056,0,False,True
Shaki district,district,2009,48.53,35.0,36917.0,30408.0,9487.0,48.0,47602.0,21.7,71.4,58.63,60.0,48.53,21.7,0.8075516072431727,0.6212248790000896,5,False,True
Shamakhi district,district,2009,,13.44,19250.0,18856.0,96.0,,20878.0,,17.0,,55.0,13.44,17.0,0.8088522549905511,0.6327410759456615,1,False,True
Shamkir district,district,2009,10.01,,28018.0,27131.0,9034.0,48.0,38619.0,116.7,,46.86,,10.01,116.7,0.59561471476782,0.48782114203039684,0,False,True
Sharur district,district,2009,,,19250.0,19098.0,3487.0,,24512.0,,,,,,,0.4263273538716849,0.3374468718436534,0,False,True
Shusha district,district,2009,,50.0,1335.0,1288.0,613.0,48.0,903.0,,,,,50.0,,0.8521447399952073,0.0,1,False,False
Siyazan district,district,2009,55.0,25.65,5325.0,4806.0,6.0,50.0,8023.0,-16.5,117.2,50.17,56.13,55.0,-16.5,0.9999999999999998,0.6981281868734193,52,False,True
Tartar district,district,2009,15.91,,11039.0,10834.0,7880.0,48.0,11280.0,50.0,,30.0,,15.91,50.0,0.375278449422563,0.3020390437595597,0,False,True
Tovuz district,district,2009,40.09,,17416.0,16755.0,2833.0,51.0,25839.0,15.7,,46.44,,40.09,15.7,0.5103428072650517,0.3900313368267099,0,False,True
Ujar district,district,2009,30.0,32.22,31543.0,21078.0,11222.0,48.0,29593.0,,8.6,,40.0,30.0,8.6,0.4605392446636876,0.35381285411989194,0,False,True
Yevlakh district,district,2009,19.61,18.45,35164.0,24151.0,13519.0,50.1,29496.0,191.7,108.7,78.72,42.07,19.61,191.7,0.4007024347831138,0.3085422737907373,0,False,True
Zagatala district,district,2009,20.0,34.92,28500.0,24998.0,8072.0,48.0,39657.0,21.6,15.8,26.37,40.74,20.0,21.6,0.6832804557167856,0.5588568845065556,0,False,True
Zangilan district,district,2009,34.4,,222.0,222.0,19.0,48.0,44.0,,,,,34.4,,13.527770732944457,1.0,200,True,False
Zardab district,district,2009,21.48,20.0,22366.0,19646.0,13348.0,48.0,21663.0,19.7,76.3,30.93,35.0,21.48,19.7,0.36976180847991524,0.30917811319347377,0,False,True
Absheron district,district,2010,8.35,10.41,11740.0,11740.0,522.0,48.0,32931.0,7.7,9.3,37.1,40.2,8.35,7.7,0.9999999999999994,0.6637926676656181,0,False,True
Agdash district,district,2010,15.72,24.56,34629.0,23056.0,13728.0,48.0,33297.0,115.0,16.7,34.4,29.2,15.72,115.0,0.5214226365894451,0.4270304250966771,0,False,True
Aghdam district,district,2010,15.27,,14930.0,14528.0,7325.0,48.0,26856.0,29.4,,20.0,,15.27,29.4,0.6661676006026109,0.5613697421816455,0,False,False
Aghjabadi district,district,2010,32.19,,40107.0,34220.0,27838.0,48.0,48342.0,,,,,32.19,,0.6899676702318579,0.5828549867995979,1,False,True
Aghstafa district,district,2010,48.85,,11427.0,9153.0,7057.0,46.5,13644.0,400.0,,50.0,,48.85,400.0,0.5674418276996556,0.4761755991555928,0,False,True
Aghsu district,district,2010,22.5,18.85,18654.0,14506.0,941.0,48.0,24177.0,37.5,175.0,30.6,51.2,22.5,37.5,0.6044948929344093,0.4702610070226212,0,False,True
Astara district,district,2010,12.38,15.01,22374.0,22027.0,997.0,48.2,21108.0,4.3,4.3,23.2,21.1,12.38,4.3,0.36725771897248516,0.2756288775860154,0,False,True
Babak district,district,2010,,,7687.0,7298.0,1018.0,,11795.0,,,,,,,0.6256817687748917,0.50096951749911,0,False,True
Balakan district,district,2010,26.98,,17513.0,14289.0,3416.0,47.0,15625.0,48.7,,55.2,,26.98,48.7,0.41053724533909264,0.3428277364973604,0,False,True
Barda district,district,2010,22.54,,37550.0,31714.0,34994.0,,47604.0,,,,,22.54,,0.7265633919565702,0.6228780987122665,0,False,True
Beylagan district,district,2010,28.48,23.06,26358.0,24841.0,25326.0,48.0,34768.0,-30.0,0.0,20.0,22.8,28.48,-30.0,0.5295677897231083,0.4450851152208969,0,False,True
Bilasuvar district,district,2010,43.54,37.58,19463.0,17413.0,7615.0,48.0,23573.0,50.0,40.2,54.5,56.7,43.54,50.0,0.49180492407046267,0.42193872230344753,0,False,True
Dashkasan district,district,2010,19.57,20.29,13563.0,13375.0,85.0,48.0,19341.0,101.3,71.3,50.2,49.5,19.57,101.3,0.9902891142066597,0.725851524671095,2,False,True
Fuzuli district,district,2010,70.65,,14801.0,13757.0,7223.0,48.0,7631.0,,,,,70.65,,0.22918669653640072,0.16442680599302706,0,False,False
Gabala district,district,2010,20.0,15.78,26060.0,24489.0,1637.0,48.0,25658.0,14.3,73.8,40.0,32.9,20.0,14.3,0.37859730718439727,0.2919959509658998,0,False,True
Gakh district,district,2010,27.94,35.55,14168.0,12279.0,2723.0,48.0,11216.0,,22.2,,58.2,27.94,22.2,0.35586831419501924,0.2864902959414115,0,False,True
Gazakh district,district,2010,20.38,23.79,15459.0,13512.0,7557.0,48.0,23289.0,100.0,96.1,50.0,53.7,20.38,100.0,0.6266582770722476,0.5406532449634533,0,False,True
Gobustan district,district,2010,,23.29,11205.0,11092.0,33.0,,14830.0,,67.5,,40.4,23.29,67.5,0.9999999999999881,0.5139969564537223,8,False,True
Goranboy district,district,2010,20.96,,20857.0,19626.0,11186.0,48.0,23619.0,43.8,,32.9,,20.96,43.8,0.4371452161953215,0.3765024417697498,0,False,True
Goychay district,district,2010,40.38,,23525.0,19041.0,5180.0,56.6,23550.0,3.3,,39.4,,40.38,3.3,0.44934576480928795,0.38272520106258745,0,False,True
Goygol district,district,2010,37.18,35.15,9827.0,9682.0,949.0,43.1,22532.0,38.5,16.7,52.9,41.2,37.18,38.5,0.8480141604804668,0.7059263130412415,0,False,True
Guba district,district,2010,31.44,,26506.0,26051.0,862.0,49.6,35341.0,35.2,,38.9,,31.44,35.2,0.6204792596694243,0.40854067323654886,0,False,True
Gusar district,district,2010,26.03,,18714.0,18644.0,3778.0,48.0,24030.0,4.7,,26.7,,26.03,4.7,0.46765230713781314,0.3948210972956192,0,False,True
Hajigabul district,district,2010,,17.6,14948.0,13461.0,1509.0,,13800.0,,88.9,,42.4,17.6,88.9,0.38977364561040767,0.3134986658354182,0,False,True
Imishli district,district,2010,42.66,39.47,38800.0,33036.0,20896.0,46.4,43971.0,2.6,10.4,45.4,43.5,42.66,2.6,0.6127807761323713,0.5343787094474799,0,False,True
Ismayilli district,district,2010,30.64,86.45,23751.0,22908.0,1230.0,48.0,33687.0,7.5,23.1,27.6,44.4,30.64,7.5,0.5518893722163721,0.38507947968815126,0,False,True
Jabrayil district,district,2010,,,3458.0,3407.0,870.0,,5240.0,,,,,,,0.687229686976728,0.3611979220533761,0,False,False
Jalilabad district,district,2010,15.83,,49857.0,45971.0,112.0,48.0,50705.0,16.7,,29.2,,15.83,16.7,0.9999999999999999,0.8880340092687016,73,False,True
Julfa district,district,2010,,,6952.0,6789.0,1859.0,,8890.0,,,,,,,0.5273587941827814,0.4049056822889059,0,False,True
Kalbajar district,district,2010,,27.87,11973.0,11589.0,357.0,,14051.0,,26.1,,31.9,27.87,26.1,0.5284094747795401,0.3797588405397423,0,False,False
Kangarli district,district,2010,,,5653.0,5653.0,1781.0,,8255.0,,,,,,,0.5952084490992867,0.44376813885424227,0,False,True
Khachmaz district,district,2010,31.9,20.49,26020.0,24657.0,5812.0,48.0,37862.0,-6.1,51.6,29.6,33.5,31.9,-6.1,0.6301748563730829,0.5170095117969091,0,False,True
Khizi district,district,2010,,39.16,5150.0,5126.0,369.0,,8940.0,,100.0,,62.7,39.16,100.0,0.8010483214518204,0.6420817208595453,0,False,True
Khojavand district,district,2010,2.5,14.31,872.0,872.0,521.0,,385.0,,41.8,,21.1,2.5,41.8,1.2935779816513737,0.3407195238250349,42,False,False
Kurdamir district,district,2010,57.62,25.75,31106.0,25097.0,14809.0,48.1,32693.0,4.7,77.3,62.4,45.2,57.62,4.7,0.46456629745276923,0.37839895958965963,0,False,True
Lachin district,district,2010,,33.0,16369.0,13953.0,1462.0,48.0,12789.0,16.1,-5.3,42.4,32.0,33.0,16.1,0.35143691744812683,0.27753524125788387,0,False,False
Lankaran district,district,2010,45.79,35.47,21674.0,21324.0,1343.0,47.9,27976.0,,,23.0,,45.79,,0.47168553508519595,0.3515317726466578,0,False,True
Lerik district,district,2010,26.29,25.4,16747.0,16642.0,415.0,46.8,13788.0,,,,,26.29,,0.36800630401386153,0.24938815897637406,0,False,True
Masalli district,district,2010,12.36,53.85,34943.0,33072.0,974.0,48.0,42223.0,25.0,25.0,20.8,40.0,12.36,25.0,0.8464736958170407,0.48337703993052106,5,False,True
Neftchala district,district,2010,22.54,20.28,19495.0,17929.0,10285.0,48.0,20167.0,42.6,39.3,32.3,28.1,22.54,42.6,0.41317239817175894,0.35576272343557125,0,False,True
Oghuz district,district,2010,36.93,39.33,12931.0,11464.0,2523.0,47.0,15895.0,71.6,57.5,63.4,65.0,36.93,71.6,0.5196970916417665,0.434024805665718,0,False,True
Ordubad district,district,2010,,,4577.0,4534.0,223.0,,5225.0,,,,,,,0.8130805921399539,0.5876821755723314,0,False,True
Saatli district,district,2010,12.52,12.94,30943.0,28823.0,12622.0,48.0,36770.0,53.8,55.4,20.0,20.0,12.52,53.8,0.5099081341423981,0.429867928858394,0,False,True
Sabirabad district,district,2010,38.8,34.0,53500.0,44623.0,15075.0,48.1,75621.0,0.3,17.4,40.2,40.0,38.8,0.3,0.9999999999999785,0.8899298567202727,89,False,True
Sadarak district,district,2010,,,1550.0,1128.0,490.0,,1665.0,,,,,,,1.0,0.0,7,False,True
Salyan district,district,2010,18.09,17.4,33678.0,31592.0,19229.0,49.3,40000.0,91.5,56.4,34.3,27.9,18.09,91.5,0.5439689602694089,0.47130224628150597,0,False,True
Samukh district,district,2010,21.99,28.57,9804.0,8793.0,7861.0,47.2,13616.0,39.0,80.0,32.2,69.2,21.99,39.0,0.5895930356783678,0.4953606146287417,0,False,True
Shabran district,district,2010,38.73,37.5,11711.0,10442.0,846.0,54.4,11885.0,62.7,,58.2,,38.73,62.7,0.46589121156792407,0.3755459870694544,0,False,True
Shahbuz district,district,2010,,,10523.0,10523.0,382.0,,13610.0,,,,,,,0.5614194747534927,0.4216233769092369,0,False,True
Shaki district,district,2010,46.45,38.0,37896.0,31364.0,7598.0,47.4,49823.0,26.9,70.9,58.6,65.0,46.45,26.9,0.8054403293819139,0.6524045920256651,12,False,True
Shamakhi district,district,2010,,13.81,19312.0,18901.0,117.0,,20880.0,,13.9,,79.9,13.81,13.9,0.7755813443864817,0.47741300053687086,0,False,True
Shamkir district,district,2010,17.31,,28562.0,27814.0,10090.0,42.0,45027.0,156.0,,42.2,,17.31,156.0,0.7570732414264129,0.6388512549313329,0,False,True
Sharur district,district,2010,,,19535.0,19330.0,3043.0,,25236.0,,,,,,,0.47223167832223817,0.39037417177683664,0,False,True
Shusha district,district,2010,,27.5,1763.0,1746.0,776.0,,1162.0,,,26.0,,27.5,,0.6460481099656362,0.0,0,False,False
Siyazan district,district,2010,18.2,30.75,5446.0,5007.0,22.0,48.0,9557.0,284.6,73.8,70.0,51.4,18.2,284.6,1.0,0.2776106902230029,14,False,True
Tartar district,district,2010,32.92,,11136.0,10933.0,9923.0,52.0,12030.0,17.3,,33.5,,32.92,17.3,0.4249507866716595,0.3517724915595376,0,False,True
Tovuz district,district,2010,55.01,,17420.0,16736.0,4095.0,51.0,27350.0,2.5,,56.4,,55.01,2.5,0.58829777433113,0.4854904968916278,0,False,True
Ujar district,district,2010,28.93,88.97,32492.0,21675.0,11541.0,48.0,34006.0,23.1,,41.0,,28.93,23.1,0.5798405824237217,0.47860926630684963,0,False,True
Yevlakh district,district,2010,26.0,25.77,29923.0,20317.0,18587.0,50.1,32408.0,92.3,69.1,50.0,43.7,26.0,92.3,0.5691041223562234,0.4676606449343411,0,False,True
Zagatala district,district,2010,28.35,28.93,28800.0,25429.0,8091.0,39.5,40283.0,-18.2,24.1,23.3,49.7,28.35,-18.2,0.684378267109267,0.5766830176837684,0,False,True
Zangilan district,district,2010,36.53,,230.0,230.0,24.0,,48.0,,,,,36.53,,12.098547345767576,1.0,200,True,False
Zardab district,district,2010,28.7,30.83,22564.0,19904.0,14353.0,48.0,21702.0,152.3,104.2,61.8,35.0,28.7,152.3,0.3983502118940949,0.34481907462320954,0,False,True
Absheron district,district,2011,35.73,20.13,11972.0,11972.0,338.0,48.0,40807.0,7.6,9.5,49.3,39.2,35.73,7.6,1.0,0.5078455839307601,15,False,True
Agdash district,district,2011,22.91,25.0,35179.0,23541.0,12718.0,48.0,34323.0,51.5,25.0,35.1,29.4,22.91,51.5,0.432161480331867,0.34079391114416946,0,False,True
Aghdam district,district,2011,,,15200.0,14904.0,8069.0,,27100.0,,,,,,,0.548178218142962,0.45042461412600354,0,False,False
Aghjabadi district,district,2011,14.44,,40315.0,34777.0,28663.0,48.0,48526.0,,,,,14.44,,0.5322699043022708,0.4045835879692563,2,False,True
Aghstafa district,district,2011,25.0,,11543.0,9276.0,6097.0,48.0,13862.0,52.9,,51.0,,25.0,52.9,0.48492715262070835,0.388364434321286,0,False,True
Aghsu district,district,2011,,22.09,18719.0,14736.0,1027.0,,25019.0,,95.2,,54.0,22.09,95.2,0.5152575278979454,0.37766871749958675,0,False,True
Astara district,district,2011,14.94,16.67,22233.0,22011.0,906.0,48.0,21578.0,1.3,7.7,30.3,22.5,14.94,1.3,0.32670579112865,0.23239507273158144,0,False,True
Babak district,district,2011,,,7870.0,7466.0,1024.0,,12011.0,,,,,,,0.5337217824433383,0.3951567644138845,0,False,True
Balakan district,district,2011,26.99,,18245.0,15107.0,3214.0,47.2,15656.0,35.7,,51.1,,26.99,35.7,0.3306938138726615,0.26179742859766963,0,False,True
Barda district,district,2011,,,38423.0,32829.0,33387.0,,49964.0,,,,,,,0.6009588343293651,0.4476593348163497,3,False,True
Beylagan district,district,2011,27.69,17.22,26581.0,25158.0,26233.0,48.0,36350.0,-28.0,16.8,20.0,19.9,27.69,-28.0,0.4267329874431775,0.3332193385832286,0,False,True
Bilasuvar district,district,2011,49.24,36.78,19510.0,17588.0,6746.0,48.0,23781.0,,38.1,39.6,55.7,49.24,38.1,0.41218143880726976,0.3411929106584996,0,False,True
Dashkasan district,district,2011,22.96,35.03,13766.0,13584.0,100.0,48.0,20213.0,14.5,44.3,41.5,50.5,22.96,14.5,0.8462399111812406,0.6709535603118155,0,False,True
Fuzuli district,district,2011,83.21,,14798.0,13988.0,6447.0,48.0,9615.0,-8.3,,28.9,,83.21,-8.3,0.23735924347529613,0.17515700108950572,0,False,False
Gabala district,district,2011,24.99,,26135.0,24620.0,1922.0,48.0,26127.0,42.1,,33.0,,24.99,42.1,0.3208840059006052,0.23655612059113612,0,False,True
Gakh district,district,2011,30.46,35.86,12767.0,11161.0,2045.0,47.9,11352.0,,38.2,,69.5,30.46,38.2,0.3406485095129402,0.2546638571527472,0,False,True
Gazakh district,district,2011,25.99,24.1,15495.0,13760.0,7725.0,47.9,25124.0,21.9,105.1,32.0,50.1,25.99,21.9,0.5539214460078321,0.45974969399795296,0,False,True
Gobustan district,district,2011,,23.54,11246.0,11133.0,24.0,,15052.0,,93.3,,47.1,23.54,93.3,0.9999999999999992,0.3096332625999729,5,False,True
Goranboy district,district,2011,29.6,,20851.0,19945.0,11221.0,48.0,27510.0,,,35.0,,29.6,,0.4153307143126357,0.34075328193481985,0,False,True
Goychay district,district,2011,41.04,,23926.0,19546.0,5479.0,48.0,23750.0,24.4,,50.8,,41.04,24.4,0.37045168231135556,0.3039229521283538,0,False,True
Goygol district,district,2011,32.81,32.47,9851.0,9724.0,973.0,48.1,22586.0,31.8,59.2,35.2,42.9,32.81,31.8,0.7114342245757955,0.5634301704203666,0,False,True
Guba district,district,2011,49.38,,26406.0,26002.0,1042.0,48.0,35376.0,19.2,,39.2,,49.38,19.2,0.40249162322730825,0.1662366712142933,0,False,True
Gusar district,district,2011,31.24,,18793.0,18727.0,4099.0,48.0,26237.0,-6.0,,29.4,,31.24,-6.0,0.4234888266290616,0.33942090753533016,0,False,True
Hajigabul district,district,2011,,18.06,15342.0,13821.0,1794.0,,14790.0,,89.1,,40.5,18.06,89.1,0.3440841053633241,0.26390379665226127,0,False,True
Imishli district,district,2011,40.79,48.62,38955.0,33539.0,20765.0,47.9,44487.0,15.1,12.1,50.2,49.3,40.79,15.1,0.44990372750253693,0.342033167570031,0,False,True
Ismayilli district,district,2011,40.48,45.72,23798.0,22997.0,1370.0,48.0,33709.0,-17.1,-21.3,26.0,32.7,40.48,-17.1,0.4349787529180953,0.25349152321766877,0,False,True
Jabrayil district,district,2011,,,3564.0,3519.0,870.0,,5320.0,,,,,,,0.6049627801405713,0.2840791994630334,0,False,False
Jalilabad district,district,2011,14.58,,49969.0,46056.0,112.0,48.0,54905.0,18.6,,50.0,,14.58,18.6,0.9999999999999998,0.8530038544787157,84,False,True
Julfa district,district,2011,,,7020.0,6917.0,1566.0,,9010.0,,,,,,,0.4557424356194878,0.31987309414550424,0,False,True
Kalbajar district,district,2011,,45.21,12123.0,11753.0,325.0,,15010.0,,2.5,,56.5,45.21,2.5,0.5173368315073305,0.3894268016401463,0,False,False
Kangarli district,district,2011,,,5710.0,5710.0,1804.0,,8350.0,,,,,,,0.5200182558884036,0.36048406580756254,0,False,True
Khachmaz district,district,2011,60.64,21.15,25961.0,24709.0,3768.0,48.0,39263.0,-42.2,66.1,38.9,37.4,60.64,-42.2,0.46718750551741234,0.297225684855451,0,False,True
Khizi district,district,2011,,41.35,5460.0,5441.0,176.0,,9650.0,,100.0,,62.9,41.35,100.0,0.874663073498317,0.7137336518583961,0,False,True
Khojavand district,district,2011,,15.56,881.0,880.0,475.0,,290.0,,19.5,,30.0,15.56,19.5,1.2749999999999997,0.37260386239850707,37,False,False
Kurdamir district,district,2011,34.64,26.72,32175.0,25988.0,14086.0,48.0,33454.0,2.7,97.1,88.8,50.0,34.64,2.7,0.38219471538853483,0.3030092384838485,0,False,True
Lachin district,district,2011,,31.76,16700.0,14023.0,1325.0,,13095.0,,8.8,,34.6,31.76,8.8,0.3160544026893418,0.23379580250857723,0,False,False
Lankaran district,district,2011,35.71,31.34,22555.0,22219.0,1194.0,47.7,28983.0,,,41.4,,35.71,,0.3912120950305651,0.25374700983056353,0,False,True
Lerik district,district,2011,29.48,31.19,16732.0,16644.0,356.0,48.0,13795.0,59.3,,50.0,,29.48,59.3,0.35770256677103246,0.2613253877600404,0,False,True
Masalli district,district,2011,43.92,16.67,35473.0,33775.0,913.0,48.0,43133.0,42.9,,20.8,,43.92,42.9,0.5078723612812286,0.0,11,False,True
Neftchala district,district,2011,19.16,20.28,19864.0,18268.0,10754.0,48.0,20207.0,-6.8,39.3,16.8,28.1,19.16,-6.8,0.3425725865415773,0.2843211931280165,0,False,True
Oghuz district,district,2011,37.1,39.59,12942.0,11498.0,3445.0,46.9,15926.0,89.3,56.0,70.5,66.1,37.1,89.3,0.44100557998367107,0.3539917700008862,0,False,True
Ordubad district,district,2011,,,4659.0,4611.0,230.0,,5284.0,,,,,,,0.8418065240148757,0.6687339720883525,0,False,True
Saatli district,district,2011,15.19,15.7,31355.0,29360.0,15137.0,48.0,36845.0,24.5,55.7,20.0,20.3,15.19,24.5,0.3703354270312841,0.28439982862502516,0,False,True
Sabirabad district,district,2011,33.6,33.71,54483.0,45440.0,22581.0,48.1,80316.0,2.9,19.8,35.0,41.0,33.6,2.9,0.9999999999999992,0.8800057126830141,64,False,True
Sadarak district,district,2011,,,1570.0,1122.0,497.0,,1690.0,,,,,,,1.0,0.0,4,False,True
Salyan district,district,2011,34.59,13.49,32112.0,29915.0,21663.0,48.0,42207.0,20.8,104.7,42.6,32.8,34.59,20.8,0.43984413776888337,0.3306781688164525,0,False,True
Samukh district,district,2011,24.52,28.57,9901.0,8951.0,7727.0,47.1,13685.0,27.1,35.0,35.7,38.6,24.52,27.1,0.4970494073383148,0.39817896739712133,0,False,True
Shabran district,district,2011,47.28,,11892.0,10599.0,672.0,48.0,12377.0,28.9,,52.4,,47.28,28.9,0.4508787871397289,0.354601064729157,0,False,True
Shahbuz district,district,2011,,,10650.0,10650.0,386.0,,13785.0,,,,,,,0.5260759599808587,0.4160662114149456,0,False,True
Shaki district,district,2011,37.54,41.56,38694.0,32134.0,8647.0,48.0,50222.0,72.5,71.1,64.6,65.0,37.54,72.5,0.6339723010294426,0.42918582387198245,11,False,True
Shamakhi district,district,2011,,14.34,19544.0,19126.0,117.0,,21074.0,,14.0,,80.0,14.34,14.0,0.6742357662805154,0.47507106226546436,0,False,True
Shamkir district,district,2011,14.56,,28655.0,28012.0,10092.0,47.3,46962.0,76.4,,46.9,,14.56,76.4,0.6135188129130124,0.43645715133883467,1,False,True
Sharur district,district,2011,,,19750.0,19514.0,3046.0,,25690.0,,,,,,,0.3986344276038891,0.31467239552672566,0,False,True
Shusha district,district,2011,,,1901.0,1879.0,687.0,,1431.0,,,,,,,0.6942352727300392,0.0,0,False,False
Siyazan district,district,2011,29.73,30.69,5791.0,5388.0,28.0,48.0,9842.0,134.3,64.0,69.6,50.2,29.73,134.3,1.0,0.4456167473297554,5,False,True
Tartar district,district,2011,77.39,,11332.0,11178.0,10182.0,71.2,12367.0,-12.0,,83.7,,77.39,-12.0,0.3653168383422067,0.2882313107742075,0,False,True
Tovuz district,district,2011,28.11,,17587.0,16903.0,4351.0,47.0,28225.0,59.8,,52.0,,28.11,59.8,0.5018099034802993,0.39913179707520396,0,False,True
Ujar district,district,2011,42.02,75.0,32794.0,21873.0,11725.0,48.0,34657.0,-1.9,0.0,43.3,50.0,42.02,-1.9,0.4693529005421218,0.36904613638778605,0,False,True
Yevlakh district,district,2011,25.11,25.93,29954.0,20360.0,17611.0,47.9,34912.0,96.2,67.9,51.0,43.7,25.11,96.2,0.5077056046610058,0.4016048036983021,0,False,True
Zagatala district,district,2011,31.97,39.0,29088.0,25765.0,7915.0,47.9,40788.0,21.5,18.8,40.0,49.0,31.97,21.5,0.4644568178857231,0.33124780044381696,0,False,True
Zangilan district,district,2011,,,447.0,417.0,25.0,,64.0,,,,,,,8.756514229558968,1.0,200,True,False
Zardab district,district,2011,30.0,29.07,22629.0,20037.0,16005.0,48.0,21806.0,105.9,47.5,70.0,50.1,30.0,105.9,0.3344630160511308,0.27951152562294057,0,False,True
Absheron district,district,2012,38.0,20.12,12201.0,12201.0,351.0,48.0,40800.0,18.5,9.4,53.64,39.2,38.0,18.5,1.0,0.6347891144508193,10,False,True
Agdash district,district,2012,20.47,25.0,35727.0,23937.0,12398.0,46.9,38208.0,71.6,12.5,34.98,30.0,20.47,71.6,0.47906473465908084,0.38173994165107417,0,False,True
Aghdam district,district,2012,31.3,,16850.0,16527.0,7645.0,,27605.0,,,,,31.3,,0.5122738232473014,0.4315997901324403,0,False,False
Aghjabadi district,district,2012,19.93,,42347.0,36664.0,28043.0,48.0,50236.0,33.3,,40.0,,19.93,33.3,0.5335335004270132,0.42720446531379475,1,False,True
Aghstafa district,district,2012,19.8,,11627.0,9369.0,5536.0,48.0,14863.0,121.7,,67.11,,19.8,121.7,0.518722802388684,0.4278101194365056,0,False,True
Aghsu district,district,2012,,28.55,18764.0,14864.0,790.0,,25545.0,,,,98.8,28.55,,0.5346093041839809,0.39678249131175347,0,False,True
Astara district,district,2012,34.95,19.56,22238.0,22035.0,1005.0,48.0,29863.0,-2.5,1.9,37.12,30.6,34.95,-2.5,0.41322637348140734,0.2900956550014675,0,False,True
Babak district,district,2012,,,7975.0,7558.0,1510.0,,12261.0,,,,,,,0.5455750378818879,0.42203668949766804,0,False,True
Balakan district,district,2012,38.75,,18256.0,15272.0,2312.0,47.7,16420.0,22.8,,54.03,,38.75,22.8,0.3470796141280409,0.2763268126992222,0,False,True
Barda district,district,2012,,30.38,39297.0,33809.0,29378.0,,51450.0,,25.0,,40.0,30.38,25.0,0.6065971405926467,0.483338307941206,2,False,True
Beylagan district,district,2012,25.61,16.22,26788.0,25402.0,28775.0,48.0,37740.0,-2.0,39.0,25.13,22.3,25.61,-2.0,0.44622124408971836,0.35893064442712186,0,False,True
Bilasuvar district,district,2012,49.31,38.3,19652.0,17831.0,7675.0,48.0,26955.0,18.2,38.6,40.63,55.8,49.31,18.2,0.46449310440419544,0.39164657228574373,0,False,True
Dashkasan district,district,2012,22.11,35.29,13962.0,13792.0,442.0,48.0,20527.0,14.2,45.5,39.94,50.9,22.11,14.2,0.5384840738615138,0.40587486453722976,0,False,True
Fuzuli district,district,2012,43.5,,14830.0,13999.0,6884.0,48.0,11628.0,16.2,,50.32,,43.5,16.2,0.28175546852625144,0.2213511782900337,0,False,False
Gabala district,district,2012,15.43,,26256.0,24863.0,1661.0,48.0,27487.0,52.9,,34.97,,15.43,52.9,0.33917674109061785,0.2555821800091503,0,False,True
Gakh district,district,2012,26.49,35.94,12973.0,11329.0,1997.0,48.0,14969.0,116.7,35.2,50.98,68.7,26.49,116.7,0.4316281821245004,0.3425648156073803,0,False,True
Gazakh district,district,2012,24.46,25.08,15611.0,13833.0,7015.0,47.9,26344.0,103.1,124.0,46.43,56.3,24.46,103.1,0.5862388482892281,0.4979410229530917,0,False,True
Gobustan district,district,2012,,24.01,11287.0,11172.0,42.0,,16885.0,,117.8,,54.1,24.01,117.8,1.0000000000000004,0.28812511705999544,3,False,True
Goranboy district,district,2012,32.78,,21580.0,20929.0,12665.0,48.7,32390.0,33.3,,50.0,,32.78,33.3,0.46923757909650204,0.38710568235348497,0,False,True
Goychay district,district,2012,50.53,,24129.0,19809.0,5607.0,48.0,24240.0,24.4,,51.64,,50.53,24.4,0.379319287126667,0.3173737169372543,0,False,True
Goygol district,district,2012,35.2,29.76,9946.0,9830.0,1163.0,48.0,22594.0,34.6,45.6,40.12,40.2,35.2,34.6,0.7169948817257468,0.5795925990410817,0,False,True
Guba district,district,2012,49.7,,26318.0,25994.0,802.0,48.0,37028.0,-1.8,,42.38,,49.7,-1.8,0.4324590105916218,0.24113300819618155,0,False,True
Gusar district,district,2012,31.9,,19040.0,18980.0,4270.0,47.6,26426.0,0.6,,30.22,,31.9,0.6,0.4284852940657114,0.35331136529597007,0,False,True
Hajigabul district,district,2012,,57.88,15490.0,13967.0,2766.0,,16081.0,,61.5,,76.7,57.88,61.5,0.3726391427615923,0.29966748390061143,0,False,True
Imishli district,district,2012,40.92,46.81,39522.0,34699.0,20829.0,47.9,45794.0,18.0,21.5,50.0,52.8,40.92,18.0,0.4638902447706917,0.3722100002334756,1,False,True
Ismayilli district,district,2012,34.39,41.92,23836.0,23059.0,1314.0,48.0,34015.0,-4.1,16.9,29.56,60.4,34.39,-4.1,0.4458391787741459,0.3088534193158746,0,False,True
Jabrayil district,district,2012,58.19,,3685.0,3633.0,870.0,,5806.0,22.2,,68.75,,58.19,22.2,0.6321121393212691,0.3015005435105651,0,False,False
Jalilabad district,district,2012,39.33,,50137.0,46187.0,114.0,48.0,69530.0,19.3,,45.33,,39.33,19.3,0.9999999999999999,0.8606589862456464,74,False,True
Julfa district,district,2012,,,7220.0,7109.0,1332.0,,9160.0,,,,,,,0.4565710693750423,0.31185431906751826,0,False,True
Kalbajar district,district,2012,,34.89,12947.0,12472.0,319.0,,15763.0,,12.6,,45.1,34.89,12.6,0.520897692695364,0.37382276164695283,0,False,False
Kangarli district,district,2012,,,5780.0,5780.0,1782.0,,8450.0,,,,,,,0.5267835092030979,0.3587784157544017,0,False,True
Khachmaz district,district,2012,41.9,20.05,25850.0,24682.0,3358.0,52.5,39852.0,6.7,36.4,46.73,30.0,41.9,6.7,0.48345687360432454,0.3458151589666667,0,False,True
Khizi district,district,2012,,32.58,6078.0,6062.0,501.0,,11575.0,,-1.2,,30.6,32.58,-1.2,0.7472680311616312,0.5962772026191934,0,False,True
Khojavand district,district,2012,30.0,15.56,937.0,934.0,512.0,48.0,1103.0,,19.5,,30.0,30.0,19.5,1.2184154175588888,0.4509373175489251,43,False,False
Kurdamir district,district,2012,35.92,27.21,32507.0,26444.0,13447.0,48.2,37400.0,99.3,76.7,69.56,48.1,35.92,99.3,0.4249992454649247,0.34032434102737485,0,False,True
Lachin district,district,2012,,29.65,16724.0,14220.0,1608.0,,13927.0,,0.5,,29.7,29.65,0.5,0.32313592920146317,0.24208628592520987,0,False,False
Lankaran district,district,2012,32.24,33.62,23304.0,23043.0,482.0,47.9,30152.0,4.3,27.3,38.73,,32.24,4.3,0.4796325848536786,0.3197957736679298,0,False,True
Lerik district,district,2012,31.59,30.93,16764.0,16701.0,306.0,48.0,14943.0,108.0,,66.67,,31.59,108.0,0.4107093979801813,0.2860138443222756,0,False,True
Masalli district,district,2012,14.67,16.13,36308.0,34655.0,1089.0,48.0,45289.0,42.9,,20.83,,14.67,42.9,0.5002418854396331,0.0,5,False,True
Neftchala district,district,2012,27.56,16.36,20236.0,18521.0,12072.0,48.0,22869.0,46.8,39.3,43.7,28.1,27.56,46.8,0.38474674096641287,0.3288528876515734,0,False,True
Oghuz district,district,2012,35.0,37.13,12798.0,11406.0,3017.0,48.0,15953.0,75.9,81.2,61.56,63.6,35.0,75.9,0.45313189471123244,0.3683393812324547,0,False,True
Ordubad district,district,2012,,,4735.0,4680.0,220.0,,5359.0,,,,,,,0.9447705768643812,0.7473149668218466,0,False,True
Saatli district,district,2012,25.81,30.0,31524.0,29841.0,16244.0,48.0,37304.0,-35.0,-55.5,20.01,20.0,25.81,-35.0,0.37570820884582756,0.3016771206022278,0,False,True
Sabirabad district,district,2012,38.8,33.8,55660.0,46352.0,23206.0,48.1,84581.0,5.6,19.9,42.22,41.0,38.8,5.6,0.9999999999999998,0.8671733217891391,71,False,True
Sadarak district,district,2012,,,1590.0,1138.0,572.0,,1713.0,,,,,,,1.0000000000000002,0.0,6,False,True
Salyan district,district,2012,36.67,13.18,32518.0,30361.0,21504.0,48.0,42258.0,8.6,121.3,39.83,33.9,36.67,8.6,0.43932349428060957,0.3450678745597253,0,False,True
Samukh district,district,2012,24.62,28.93,10013.0,9018.0,7848.0,47.0,13714.0,31.2,37.5,37.25,45.8,24.62,31.2,0.5028505653744552,0.410793429812896,0,False,True
Shabran district,district,2012,53.26,,11976.0,10699.0,689.0,47.9,12666.0,23.8,,58.65,,53.26,23.8,0.4698620606732035,0.3738578700309453,0,False,True
Shahbuz district,district,2012,,,10875.0,10875.0,388.0,,13950.0,,,,,,,0.5376698736652237,0.41336720389339,0,False,True
Shaki district,district,2012,43.08,40.19,38984.0,32393.0,7753.0,48.0,54294.0,21.5,75.1,52.4,70.0,43.08,21.5,0.7404137724254558,0.5675246284314976,10,False,True
Shamakhi district,district,2012,,18.87,19759.0,19336.0,147.0,,22358.0,,14.0,,80.0,18.87,14.0,0.6413168306652243,0.40159280631448135,0,False,True
Shamkir district,district,2012,13.93,,28904.0,28341.0,10098.0,46.5,47293.0,83.3,,55.01,,13.93,83.3,0.6092166796353037,0.4735060198760137,1,False,True
Sharur district,district,2012,,,19980.0,19614.0,4117.0,,26190.0,,,,,,,0.4112294562671035,0.33821715415468956,0,False,True
Shusha district,district,2012,34.44,,1966.0,1933.0,1022.0,48.0,1485.0,125.0,,,,34.44,125.0,0.588722193481636,0.0,0,False,False
Siyazan district,district,2012,25.01,35.82,5819.0,5394.0,100.0,48.0,10426.0,151.2,77.5,62.8,63.4,25.01,151.2,1.0000000000000002,0.6093069842468406,0,False,True
Tartar district,district,2012,,,11505.0,11387.0,8755.0,48.0,13831.0,-23.4,,41.88,,,-23.4,0.40114354319300055,0.3278784540437223,0,False,True
Tovuz district,district,2012,36.38,,17752.0,17068.0,3872.0,46.9,29512.0,44.6,,63.63,,36.38,44.6,0.5276598169842546,0.428151350150368,0,False,True
Ujar district,district,2012,,50.0,32945.0,21917.0,11685.0,,37426.0,,,,,50.0,,0.5131194490286785,0.41157931091179234,0,False,True
Yevlakh district,district,2012,26.0,25.93,29973.0,20387.0,16029.0,48.0,35580.0,96.2,67.9,51.0,43.7,26.0,96.2,0.5259996976984865,0.42778289044625595,0,False,True
Zagatala district,district,2012,30.23,34.64,29380.0,26245.0,7721.0,49.7,41523.0,49.8,24.8,45.06,43.0,30.23,49.8,0.486377216822386,0.37192829699788754,0,False,True
Zangilan district,district,2012,,,451.0,423.0,42.0,,224.0,,,,,,,7.852814951058118,1.0,200,True,False
Zardab district,district,2012,30.0,29.9,22690.0,20196.0,16535.0,48.0,25066.0,142.6,47.1,82.21,50.2,30.0,142.6,0.383626604287829,0.327349678460398,0,False,True
Absheron district,district,2013,49.57,20.13,12133.0,12133.0,382.0,48.0,40955.0,2.6,9.5,58.1,39.2,49.57,2.6,1.0,0.475897556381049,7,False,True
Agdash district,district,2013,19.8,,36340.0,24528.0,11534.0,48.0,39789.0,76.2,,35.0,,19.8,76.2,0.4813537508652657,0.37164245547758845,0,False,True
Aghdam district,district,2013,35.0,,17757.0,17389.0,8287.0,47.9,31362.0,28.6,,45.0,,35.0,28.6,0.5433312308758571,0.4420405524526798,0,False,False
Aghjabadi district,district,2013,23.0,,42461.0,36705.0,27446.0,48.0,57915.0,30.4,,59.9,,23.0,30.4,0.669357555800289,0.5414557907755977,11,False,True
Aghstafa district,district,2013,29.64,,11665.0,9415.0,6920.0,48.0,16092.0,74.4,,60.0,,29.64,74.4,0.5495508419936439,0.4453040662621881,0,False,True
Aghsu district,district,2013,,29.76,18821.0,15010.0,739.0,,26979.0,,237.5,,100.0,29.76,237.5,0.5614761860796701,0.4062633852079307,0,False,True
Astara district,district,2013,14.27,25.43,22277.0,22067.0,1142.0,47.4,29925.0,0.6,1.7,50.1,23.5,14.27,0.6,0.4099234413848625,0.286257102092878,0,False,True
Babak district,district,2013,,,8060.0,7638.0,1180.0,,12268.0,,,,,,,0.5372755268402768,0.38657233343360964,0,False,True
Balakan district,district,2013,29.26,,18341.0,15485.0,2070.0,47.9,18865.0,74.7,,49.8,,29.26,74.7,0.38425343061599476,0.29801017068555485,0,False,True
Barda district,district,2013,23.0,,41185.0,35803.0,31573.0,48.0,57115.0,58.4,,24.0,,23.0,58.4,0.6698370584658002,0.5473825919620856,5,False,True
Beylagan district,district,2013,25.6,16.22,27070.0,25693.0,28730.0,48.0,38773.0,,30.5,,21.0,25.6,30.5,0.4484596406570181,0.35418923860992635,0,False,True
Bilasuvar district,district,2013,63.92,39.36,19895.0,18139.0,7863.0,48.0,27314.0,,40.4,38.4,57.6,63.92,40.4,0.4584034426303302,0.37888672248351696,0,False,True
Dashkasan district,district,2013,20.0,34.23,14185.0,14015.0,362.0,48.0,21511.0,14.3,41.4,39.9,49.5,20.0,14.3,0.6083083251701442,0.4675404205381032,0,False,True
Fuzuli district,district,2013,47.36,,14867.0,14049.0,6638.0,48.0,17404.0,6.0,,50.0,,47.36,6.0,0.39442243214715955,0.3201406802154079,0,False,False
Gabala district,district,2013,60.28,,28102.0,26749.0,1665.0,48.0,35130.0,3.8,,62.7,,60.28,3.8,0.3926361161519315,0.26659956216837777,0,False,True
Gakh district,district,2013,17.51,31.24,12985.0,11490.0,2201.0,48.0,15698.0,180.0,85.0,50.0,68.9,17.51,180.0,0.44070873356168055,0.3415439076911069,0,False,True
Gazakh district,district,2013,24.69,25.83,15762.0,14011.0,7071.0,48.0,27672.0,,122.0,,57.6,24.69,122.0,0.6006124993097376,0.4983265781725861,0,False,True
Gobustan district,district,2013,,2494.0,11327.0,11207.0,33.0,,17293.0,,119.4,,55.2,,119.4,0.9999999999999997,0.4019412934648132,27,False,True
Goranboy district,district,2013,29.45,,21847.0,21238.0,13975.0,48.0,35389.0,80.9,,50.0,,29.45,80.9,0.49793369193122977,0.39932736505612765,0,False,True
Goychay district,district,2013,52.83,,24372.0,20084.0,5569.0,48.2,24510.0,17.8,,51.5,,52.83,17.8,0.3749332885976739,0.3067751419753148,0,False,True
Goygol district,district,2013,41.11,35.08,9969.0,9866.0,1307.0,47.7,23028.0,22.0,47.1,48.7,55.6,41.11,22.0,0.7211999586508133,0.5733258809187743,0,False,True
Guba district,district,2013,51.63,,26207.0,25936.0,630.0,48.6,37992.0,,,39.7,,51.63,,0.49792986942611245,0.2236741281359763,0,False,True
Gusar district,district,2013,6.15,,18658.0,18594.0,4300.0,48.0,26448.0,,,44.8,,6.15,,0.4341504107240543,0.3505842600450465,0,False,True
Hajigabul district,district,2013,,55.74,15675.0,14143.0,3106.0,,17168.0,,55.9,,75.2,55.74,55.9,0.38713045387641887,0.3057722208831334,0,False,True
Imishli district,district,2013,39.98,47.72,39931.0,35672.0,21118.0,47.9,47949.0,17.3,9.5,51.1,51.9,39.98,17.3,0.4838889960088294,0.39205034704499164,0,False,True
Ismayilli district,district,2013,33.39,43.65,23925.0,23198.0,1413.0,48.0,34066.0,,21.2,21.1,68.1,33.39,21.2,0.4399007394922003,0.30297696842137734,0,False,True
Jabrayil district,district,2013,53.13,,3738.0,3689.0,870.0,48.0,5988.0,,,52.2,,53.13,,0.6482586129911061,0.29899117884721915,0,False,False
Jalilabad district,district,2013,20.08,,50228.0,46273.0,24.0,48.0,77490.0,,,45.1,,20.08,,0.9999999999999999,0.8620335109256614,68,False,True
Julfa district,district,2013,,,7295.0,7181.0,1338.0,,9180.0,,,,,,,0.4511072265539501,0.2895806827218048,0,False,True
Kalbajar district,district,2013,,18.12,13197.0,12675.0,329.0,,17053.0,,107.6,,48.0,18.12,107.6,0.5884938039606021,0.46812765051767113,0,False,False
Kangarli district,district,2013,,,5840.0,5840.0,1789.0,,8460.0,,,,,,,0.5201845989903818,0.3401563944285081,0,False,True
Khachmaz district,district,2013,45.7,14.91,25738.0,24651.0,2906.0,48.0,42513.0,,36.4,43.0,30.0,45.7,36.4,0.5385335133067102,0.3633551612588418,0,False,True
Khizi district,district,2013,,17.58,5653.0,5643.0,186.0,,11748.0,,100.0,,80.0,17.58,100.0,0.9999999999999997,0.8316893153730944,0,False,True
Khojavand district,district,2013,,15.56,1010.0,1010.0,270.0,,1486.0,,19.5,,30.0,15.56,19.5,1.9076559539290183,1.0,33,False,False
Kurdamir district,district,2013,36.72,27.35,33256.0,27444.0,16841.0,48.2,41564.0,87.2,77.2,67.6,48.5,36.72,87.2,0.4583713682759324,0.35626142023918483,0,False,True
Lachin district,district,2013,,30.43,16562.0,14428.0,1547.0,,13946.0,,4.4,,29.6,30.43,4.4,0.3255994483038375,0.23782259984565096,0,False,False
Lankaran district,district,2013,27.48,34.04,23834.0,23513.0,489.0,48.2,31208.0,5.8,,29.1,,27.48,5.8,0.49574132768430895,0.3091610669484637,0,False,True
Lerik district,district,2013,31.66,31.84,16789.0,16724.0,334.0,48.0,15109.0,116.7,121.4,72.2,67.4,31.66,116.7,0.4578391442646422,0.3518465719966819,0,False,True
Masalli district,district,2013,12.0,16.13,36619.0,34980.0,1951.0,48.7,48575.0,66.7,,20.8,66.7,12.0,66.7,0.5415246391149944,0.13898800645920906,2,False,True
Neftchala district,district,2013,27.14,16.23,20677.0,18929.0,10628.0,48.5,23734.0,57.4,74.4,43.7,28.7,27.14,57.4,0.3863364798087402,0.32305629117617085,0,False,True
Oghuz district,district,2013,35.0,37.4,12799.0,11463.0,3007.0,47.0,16079.0,55.6,59.2,60.0,62.6,35.0,55.6,0.4510496875867891,0.3557100612717886,0,False,True
Ordubad district,district,2013,,,4780.0,4724.0,220.0,,5424.0,,,,,,,1.0000000000000004,0.8397498680713986,0,False,True
Saatli district,district,2013,34.0,34.01,31569.0,29913.0,16426.0,48.0,37891.0,15.1,11.2,50.0,50.0,34.0,15.1,0.3769400578701667,0.2967193356266684,0,False,True
Sabirabad district,district,2013,38.0,29.45,56565.0,47113.0,23041.0,47.9,88661.0,9.2,19.3,43.1,41.4,38.0,9.2,1.0,0.8726942335299852,79,False,True
Sadarak district,district,2013,,,1610.0,1150.0,597.0,,1715.0,,,,,,,0.9999999999999949,0.0,8,False,True
Salyan district,district,2013,39.26,13.73,32855.0,31176.0,21004.0,48.0,44762.0,26.7,147.2,49.8,39.3,39.26,26.7,0.47871596338066164,0.3828407335126651,0,False,True
Samukh district,district,2013,28.94,32.97,10164.0,9144.0,7900.0,47.1,14041.0,35.2,25.0,35.9,37.0,28.94,35.2,0.5030578197029718,0.3982676243588331,0,False,True
Shabran district,district,2013,64.12,,11828.0,10576.0,637.0,47.5,13063.0,23.1,,63.5,,64.12,23.1,0.5045570488622166,0.41438189232526046,0,False,True
Shahbuz district,district,2013,,,10994.0,10994.0,332.0,,13980.0,,,,,,,0.577529768165803,0.47432192613042923,0,False,True
Shaki district,district,2013,40.0,41.99,39124.0,32571.0,6755.0,48.0,55789.0,19.1,54.8,47.6,65.0,40.0,19.1,0.7376122492074471,0.4513504319212869,2,False,True
Shamakhi district,district,2013,,16.11,19971.0,19652.0,328.0,,22674.0,,25.1,,80.0,16.11,25.1,0.5153264038398331,0.3667301363987494,0,False,True
Shamkir district,district,2013,15.74,,29132.0,28565.0,9998.0,48.0,48769.0,83.8,,55.1,,15.74,83.8,0.6253298081239451,0.4981193996008336,1,False,True
Sharur district,district,2013,,,20190.0,19820.0,3999.0,,26250.0,,,,,,,0.4044991891858525,0.3243743715587544,0,False,True
Shusha district,district,2013,25.11,,2047.0,2022.0,1111.0,48.0,1833.0,33.5,,,,25.11,33.5,0.5850778288973073,0.0,0,False,False
Siyazan district,district,2013,27.14,36.67,5901.0,5489.0,221.0,48.0,10766.0,65.4,91.5,45.1,70.0,27.14,65.4,0.967244275212263,0.8346800278594859,0,False,True
Tartar district,district,2013,77.65,,11715.0,11600.0,8985.0,48.1,14258.0,,,20.0,,77.65,,0.4017842652641346,0.31885992857594925,0,False,True
Tovuz district,district,2013,36.71,,17811.0,17108.0,4227.0,46.8,31421.0,40.9,,63.7,,36.71,40.9,0.5532207422676877,0.43717035034301677,0,False,True
Ujar district,district,2013,,20.0,33109.0,21964.0,11994.0,,38355.0,,153.3,,97.4,20.0,153.3,0.5192714572692472,0.40744824627625387,0,False,True
Yevlakh district,district,2013,26.0,25.92,29985.0,20584.0,14899.0,47.8,36276.0,96.3,67.8,51.0,46.2,26.0,96.3,0.5258152356392121,0.42026381183732553,0,False,True
Zagatala district,district,2013,33.63,38.4,29509.0,26559.0,7853.0,49.0,42651.0,22.0,24.2,43.8,51.2,33.63,22.0,0.5036551417058224,0.38402516958194954,0,False,True
Zangilan district,district,2013,,,639.0,539.0,47.0,,419.0,,,,,,,6.916377724075274,1.0,200,True,False
Zardab district,district,2013,25.96,28.77,22751.0,20376.0,15581.0,48.0,31766.0,43.1,47.9,53.5,50.2,25.96,43.1,0.4692316221098388,0.38390157055919516,0,False,True
Absheron district,district,2014,46.46,20.75,12153.0,12153.0,463.0,48.0,40637.0,,9.5,59.3,39.21,46.46,9.5,0.9999999999999999,0.5676600204373352,1,False,True
Agdash district,district,2014,20.99,,36886.0,24755.0,12872.0,48.0,42691.0,67.9,,35.24,,20.99,67.9,0.5475479020588597,0.44268167971458106,0,False,True
Aghdam district,district,2014,37.0,,18135.0,17879.0,8742.0,48.0,32576.0,21.6,,45.0,,37.0,21.6,0.5524254175365892,0.4490099595461078,0,False,False
Aghjabadi district,district,2014,30.59,,42797.0,37020.0,29623.0,48.0,66545.0,25.7,,46.46,,30.59,25.7,0.805816900429634,0.7060305432648712,7,False,True
Aghstafa district,district,2014,21.52,,11734.0,9476.0,5341.0,48.6,16334.0,62.3,,60.0,,21.52,62.3,0.5583112811017229,0.4497059414504687,0,False,True
Aghsu district,district,2014,,30.26,18840.0,15184.0,870.0,,27892.0,,222.7,,96.81,30.26,222.7,0.5668286649883392,0.4126060342710326,0,False,True
Astara district,district,2014,31.13,20.55,22300.0,22084.0,1111.0,48.0,30010.0,14.9,4.7,40.0,41.04,31.13,14.9,0.4203503691277353,0.30093135898640355,0,False,True
Babak district,district,2014,,,8154.0,7727.0,1167.0,,12298.0,,,,,,,0.5371957659945596,0.38835992914533424,0,False,True
Balakan district,district,2014,27.43,,18363.0,15581.0,2402.0,47.9,19996.0,90.8,,57.09,,27.43,90.8,0.4059172884356234,0.3180137302029426,0,False,True
Barda district,district,2014,36.64,,42021.0,36758.0,31041.0,48.0,65433.0,0.1,,44.98,,36.64,0.1,0.7909181045648759,0.6954316041935346,3,False,True
Beylagan district,district,2014,25.59,16.37,27140.0,25751.0,24880.0,48.0,39130.0,,30.5,25.0,21.02,25.59,30.5,0.4554179701823512,0.36240453483827717,0,False,True
Bilasuvar district,district,2014,40.1,,19992.0,18450.0,8555.0,48.0,27392.0,,,39.74,,40.1,,0.45598954289000987,0.3764097363216167,0,False,True
Dashkasan district,district,2014,20.0,34.99,14047.0,13870.0,298.0,48.1,21516.0,14.3,42.9,40.0,50.0,20.0,14.3,0.6048163244872691,0.4417282640611956,0,False,True
Fuzuli district,district,2014,36.46,,15460.0,14626.0,5287.0,47.9,17869.0,15.5,,41.67,,36.46,15.5,0.39135757653369996,0.3149565494550193,0,False,False
Gabala district,district,2014,31.03,,25138.0,24187.0,1505.0,48.0,37385.0,16.1,,50.0,,31.03,16.1,0.46449465412394814,0.31336546941265353,0,False,True
Gakh district,district,2014,20.61,30.71,12440.0,11067.0,2619.0,48.1,15733.0,,32.0,48.56,51.52,20.61,32.0,0.46271376399173847,0.36092056024136077,0,False,True
Gazakh district,district,2014,25.48,16.33,15978.0,14298.0,5783.0,47.0,29002.0,96.5,118.8,60.79,58.05,25.48,96.5,0.6202002408668348,0.5094357495709969,0,False,True
Gobustan district,district,2014,,24.58,11352.0,11232.0,143.0,,17601.0,,115.6,,60.78,24.58,115.6,0.7236769803075166,0.460224268213122,0,False,True
Goranboy district,district,2014,25.21,,20851.0,20304.0,13748.0,47.9,35966.0,64.5,,41.26,,25.21,64.5,0.5335918501100511,0.43007890989427655,0,False,True
Goychay district,district,2014,58.15,,24419.0,20475.0,5583.0,47.8,24850.0,28.5,,57.46,,58.15,28.5,0.3758350226145782,0.30551484994461664,0,False,True
Goygol district,district,2014,39.45,26.01,10003.0,9897.0,1307.0,47.7,23348.0,13.1,32.1,43.7,43.82,39.45,13.1,0.734677385981745,0.5787658886609525,0,False,True
Guba district,district,2014,45.46,,25842.0,25658.0,472.0,48.0,38182.0,13.3,,39.85,,45.46,13.3,0.6041218157906096,0.3181184081213898,0,False,True
Gusar district,district,2014,55.24,,18750.0,18728.0,4502.0,48.0,27506.0,,,51.97,,55.24,,0.4509396233434598,0.3625114216978731,0,False,True
Hajigabul district,district,2014,,55.76,15858.0,14403.0,3468.0,,17172.0,,57.5,,75.21,55.76,57.5,0.3837522671808927,0.3026927901865514,0,False,True
Imishli district,district,2014,40.2,40.0,40036.0,36066.0,20316.0,47.9,48373.0,28.4,24.7,51.68,50.0,40.2,28.4,0.4833268155905093,0.4109475159410084,0,False,True
Ismayilli district,district,2014,43.81,45.98,23979.0,23322.0,1169.0,48.0,34118.0,,26.5,27.51,59.2,43.81,26.5,0.44216743186714697,0.30186472107617723,0,False,True
Jabrayil district,district,2014,69.23,,3770.0,3722.0,885.0,46.2,6123.0,33.3,,80.0,,69.23,33.3,0.6505635630020762,0.2895779869757007,0,False,False
Jalilabad district,district,2014,20.0,,50207.0,46479.0,30.0,47.5,78500.0,9.4,,52.5,,20.0,9.4,0.9999999999999999,0.8835517306571434,76,False,True
Julfa district,district,2014,,,7368.0,7252.0,1258.0,,9195.0,,,,,,,0.45181719133608733,0.2850260633442385,0,False,True
Kalbajar district,district,2014,,39.09,13201.0,12712.0,319.0,,17223.0,,41.9,,52.0,39.09,41.9,0.5541560434082371,0.42183354806169626,0,False,False
Kangarli district,district,2014,,,5897.0,5897.0,2078.0,,8475.0,,,,,,,0.5208428887035969,0.3337658656862881,0,False,True
Khachmaz district,district,2014,48.01,,25543.0,24579.0,3083.0,48.0,45379.0,,,41.49,,48.01,,0.6365225367922389,0.47176652643008454,0,False,True
Khizi district,district,2014,,,5976.0,5933.0,38.0,,10956.0,,,,,,,0.9999999999999998,0.005915952800904067,11,False,True
Khojavand district,district,2014,,,1042.0,1042.0,283.0,,1492.0,,,,,,,1.8040476334890105,0.702551490176373,22,False,False
Kurdamir district,district,2014,36.65,27.87,32889.0,27468.0,17236.0,48.1,41620.0,29.0,73.5,50.49,48.39,36.65,29.0,0.4668614652472685,0.37267775059096653,0,False,True
Lachin district,district,2014,,37.5,16936.0,15140.0,1782.0,,22140.0,,26.7,,63.33,37.5,26.7,0.45772780190093215,0.35472999458120635,0,False,False
Lankaran district,district,2014,33.3,32.08,24070.0,23640.0,479.0,48.4,31893.0,1.9,,33.93,,33.3,1.9,0.5317135607846034,0.347257555699261,0,False,True
Lerik district,district,2014,31.71,32.34,16811.0,16753.0,341.0,48.8,15194.0,,,,,31.71,,0.3980528529333083,0.2862621373768146,0,False,True
Masalli district,district,2014,,17.24,36488.0,35040.0,1759.0,,48960.0,,135.3,,40.0,17.24,135.3,0.5532002271579299,0.1576518267522128,1,False,True
Neftchala district,district,2014,22.07,34.18,20869.0,19147.0,12191.0,48.0,23865.0,95.6,139.5,53.49,39.62,22.07,95.6,0.38737595801961466,0.32182463917399134,0,False,True
Oghuz district,district,2014,35.0,38.47,12050.0,11090.0,2786.0,47.2,16083.0,72.1,48.9,60.24,60.0,35.0,72.1,0.47066571563958004,0.3690784121166002,0,False,True
Ordubad district,district,2014,,,4832.0,4775.0,216.0,,5529.0,,,,,,,0.9443598975740596,0.7782605430966734,0,False,True
Saatli district,district,2014,36.78,33.96,31560.0,29971.0,17688.0,48.9,37893.0,17.2,11.1,50.0,50.0,36.78,17.2,0.37963952643837034,0.3028305737732645,0,False,True
Sabirabad district,district,2014,37.5,25.71,57377.0,47799.0,22419.0,48.0,92877.0,10.4,35.8,43.04,42.7,37.5,10.4,1.0000000000000002,0.8706176066401163,69,False,True
Sadarak district,district,2014,,,1630.0,1164.0,594.0,,1720.0,,,,,,,1.0000000000000004,0.0,8,False,True
Salyan district,district,2014,48.74,14.32,33293.0,31650.0,22434.0,48.0,44775.0,12.3,132.0,54.76,40.38,48.74,12.3,0.47319327493232244,0.39340362703346954,0,False,True
Samukh district,district,2014,30.89,30.56,10247.0,9220.0,7880.0,47.2,14099.0,15.5,54.7,36.98,50.0,30.89,15.5,0.50536446468169,0.3989655412993013,0,False,True
Shabran district,district,2014,87.92,22.22,11512.0,10183.0,656.0,48.3,15478.0,24.5,128.3,68.05,60.0,87.92,24.5,0.566890305626119,0.45744564662283627,0,False,True
Shahbuz district,district,2014,,,11114.0,11114.0,326.0,,14012.0,,,,,,,0.5547484788422823,0.4391331149162415,0,False,True
Shaki district,district,2014,38.59,43.0,36305.0,30160.0,6858.0,48.0,57508.0,25.6,62.8,48.56,70.0,38.59,25.6,0.8181093647603972,0.6528452333755483,2,False,True
Shamakhi district,district,2014,,25.0,20055.0,19733.0,431.0,,23011.0,,167.2,,80.62,25.0,167.2,0.4509689520047286,0.32709480612053043,0,False,True
Shamkir district,district,2014,17.46,,29190.0,28636.0,9372.0,48.0,51450.0,83.3,,55.0,,17.46,83.3,0.6820525911974923,0.574315121853052,1,False,True
Sharur district,district,2014,,,20418.0,20042.0,3994.0,,26358.0,,,,,,,0.40520089352560623,0.3232530414428239,0,False,True
Shusha district,district,2014,30.0,,1965.0,1941.0,1075.0,48.2,1834.0,35.2,,80.0,,30.0,35.2,0.6162752187819049,0.0,0,False,False
Siyazan district,district,2014,,38.97,5945.0,5607.0,306.0,,11167.0,,80.1,,70.08,38.97,80.1,0.8950475158260516,0.761056573129729,0,False,True
Tartar district,district,2014,28.88,,11757.0,11655.0,10866.0,47.8,14594.0,,,19.94,,28.88,,0.4117746546299615,0.3270522908604245,0,False,True
Tovuz district,district,2014,38.0,,17868.0,17196.0,4274.0,48.0,31786.0,49.3,,60.0,,38.0,49.3,0.5613946036244651,0.44579976306750657,0,False,True
Ujar district,district,2014,,,33127.0,21972.0,12056.0,,38359.0,,,,,,,0.5238376455138936,0.416251812024392,0,False,True
Yevlakh district,district,2014,25.99,25.92,30110.0,20693.0,18819.0,48.0,36512.0,96.2,68.1,51.0,43.71,25.99,96.2,0.5310115999987829,0.42877470570961396,0,False,True
Zagatala district,district,2014,37.81,37.82,29618.0,26842.0,7715.0,48.0,42944.0,22.4,16.0,53.52,50.35,37.81,22.4,0.5114068638632078,0.4057763974521762,0,False,True
Zangilan district,district,2014,28.57,,622.0,582.0,39.0,42.9,451.0,,,30.0,,28.57,,6.829054344434566,1.0,200,True,False
Zardab district,district,2014,24.68,24.21,22792.0,20531.0,16576.0,47.8,31777.0,43.5,47.6,51.12,50.2,24.68,43.5,0.4700794054052186,0.38558911257302775,0,False,True
Absheron district,district,2015,46.92,20.65,13398.0,13398.0,101.0,48.0,42861.0,4.7,9.5,57.27,39.23,46.92,4.7,1.0,0.651905226249637,14,False,True
Agdash district,district,2015,21.0,,37077.0,24864.0,12301.0,48.0,43761.0,,,,,21.0,,0.5574560328154009,0.46676035567074414,0,False,True
Aghdam district,district,2015,37.03,,18400.0,18295.0,8882.0,47.0,33312.0,28.6,,45.0,,37.03,28.6,0.5772161151715183,0.4967847290217865,0,False,False
Aghjabadi district,district,2015,26.17,,42955.0,37158.0,33025.0,48.0,89088.0,40.1,,50.98,,26.17,40.1,0.9999999999999999,0.8579253890184577,27,False,True
Aghstafa district,district,2015,26.19,,11796.0,9601.0,6455.0,47.6,16642.0,51.8,,60.0,,26.19,51.8,0.5839052820236748,0.5003479283353978,0,False,True
Aghsu district,district,2015,,30.18,18867.0,15341.0,1294.0,,29419.0,,173.8,,69.91,30.18,173.8,0.6129471931205076,0.49800048342497993,0,False,True
Astara district,district,2015,26.45,20.02,22329.0,22095.0,1124.0,48.1,30126.0,0.2,3.0,40.0,39.72,26.45,0.2,0.4350909049153068,0.3325775481506139,0,False,True
Babak district,district,2015,,,8257.0,7823.0,1303.0,,12504.0,,,,,,,0.5594168544652725,0.4507171588942276,0,False,True
Balakan district,district,2015,28.32,,18443.0,15648.0,2864.0,48.0,20556.0,76.6,,50.01,,28.32,76.6,0.4325959522391766,0.36899981301847845,0,False,True
Barda district,district,2015,36.15,,42042.0,36852.0,33835.0,48.0,69047.0,0.1,,44.98,,36.15,0.1,0.728785952903528,0.6261287879392196,5,False,True
Beylagan district,district,2015,25.67,20.89,27271.0,25856.0,28853.0,48.1,39457.0,,42.8,22.05,23.03,25.67,42.8,0.47905237167528014,0.40821990612792447,0,False,True
Bilasuvar district,district,2015,24.07,,20187.0,18585.0,10158.0,48.0,27693.0,54.1,,42.22,,24.07,54.1,0.4783577875439824,0.4173401302071169,0,False,True
Dashkasan district,district,2015,20.12,35.0,13350.0,13199.0,49.0,48.1,22713.0,100.0,48.2,40.0,50.0,20.12,100.0,0.9999999999999998,0.6473599687186042,5,False,True
Fuzuli district,district,2015,36.11,,15690.0,14821.0,5975.0,48.0,20321.0,11.1,,40.0,,36.11,11.1,0.45202231293221845,0.3914760670754862,0,False,False
Gabala district,district,2015,51.31,,25057.0,24192.0,2037.0,44.0,36591.0,,,49.56,,51.31,,0.4767957352874756,0.3683297539771023,0,False,True
Gadabay district,district,2015,,23.53,26183.0,26083.0,39.0,,43139.0,,,,,23.53,,0.9999999999999999,0.6658425086227575,22,False,True
Gakh district,district,2015,30.54,26.23,12028.0,10840.0,3862.0,47.9,15857.0,,19.0,,50.0,30.54,19.0,0.49564422817797943,0.4190791104254261,0,False,True
Gazakh district,district,2015,25.39,26.22,16070.0,14411.0,6221.0,48.0,30009.0,95.5,107.5,50.0,56.25,25.39,95.5,0.6646702350202174,0.5764891966472404,0,False,True
Gobustan district,district,2015,,25.13,11393.0,11271.0,273.0,,18042.0,,119.0,,56.64,25.13,119.0,0.5836949578439653,0.4625895054456598,0,False,True
Goranboy district,district,2015,25.9,,20682.0,20177.0,13686.0,48.0,36114.0,62.6,,42.28,,25.9,62.6,0.5646471032970605,0.48438635358358517,0,False,True
Goychay district,district,2015,60.0,,24436.0,20764.0,5706.0,48.2,24935.0,11.9,,60.0,,60.0,11.9,0.38868425634898063,0.336662807162436,0,False,True
Goygol district,district,2015,32.73,35.03,10017.0,9928.0,1297.0,48.0,23540.0,36.1,38.6,43.64,35.9,32.73,36.1,0.7711588565716172,0.6554729349609792,0,False,True
Guba district,district,2015,13.46,,25550.0,25352.0,519.0,48.0,38277.0,156.7,,90.04,,13.46,156.7,0.4747435463713592,0.30577869084192344,0,False,True
Gubadli district,district,2015,,,469.0,463.0,10.0,,638.0,,,,,,,11.213986569427405,1.0,200,True,False
Gusar district,district,2015,47.19,,19029.0,19009.0,5243.0,48.0,27755.0,0.4,,45.18,,47.19,0.4,0.46865721641712893,0.4036818468668132,0,False,True
Hajigabul district,district,2015,,69.79,15990.0,14546.0,4641.0,,17217.0,,43.8,,84.05,69.79,43.8,0.39715087905196456,0.33788070271130743,0,False,True
Imishli district,district,2015,40.47,40.36,40662.0,37221.0,20437.0,48.0,49020.0,24.3,24.5,50.0,50.18,40.47,24.3,0.44500780923314975,0.3776357247971288,0,False,True
Ismayilli district,district,2015,73.42,43.47,24040.0,23427.0,1927.0,48.0,34868.0,7.9,33.0,39.92,60.0,73.42,7.9,0.47050798559630574,0.3673624699544108,0,False,True
Jabrayil district,district,2015,66.67,,4010.0,3956.0,890.0,46.7,6704.0,23.3,,81.67,,66.67,23.3,0.6705353897616124,0.3692125819141705,0,False,False
Jalilabad district,district,2015,166.67,,50295.0,46763.0,30.0,44.4,82940.0,66.7,,55.56,,,66.7,1.0,0.874724014100954,71,False,True
Julfa district,district,2015,,,7446.0,7326.0,1124.0,,9321.0,,,,,,,0.46824656404169557,0.32491971491660476,0,False,True
Kalbajar district,district,2015,,32.28,13089.0,12629.0,380.0,,17396.0,,43.8,,51.78,32.28,43.8,0.5013436900840156,0.4023624345803841,0,False,False
Kangarli district,district,2015,,,5974.0,5974.0,2155.0,,8564.0,,,,,,,0.5365591501417094,0.37176744624433034,0,False,True
Khachmaz district,district,2015,59.22,,26428.0,25475.0,3228.0,48.0,48640.0,,,35.05,,59.22,,0.6772861170475926,0.521221822775215,0,False,True
Khizi district,district,2015,501.0,,5114.0,5083.0,113.0,48.0,12080.0,2.1,,43.64,,,2.1,0.9999999999999989,0.7200973103777657,0,False,True
Khojavand district,district,2015,,,1073.0,1073.0,409.0,,1680.0,,,,,,,1.357171829879409,0.21551835490112836,19,False,False
Kurdamir district,district,2015,36.87,27.83,33516.0,28084.0,14978.0,48.1,41786.0,29.5,71.7,50.35,48.13,36.87,29.5,0.46569309280054694,0.3908725397592474,0,False,True
Lachin district,district,2015,,60.0,17074.0,15489.0,1989.0,,20350.0,,,,,60.0,,0.4330841952496169,0.36470421639207196,0,False,False
Lankaran district,district,2015,35.43,33.82,24088.0,23661.0,597.0,48.5,32885.0,5.4,,38.33,,35.43,5.4,0.4409479866866996,0.30741313653195534,0,False,True
Lerik district,district,2015,33.33,30.38,16831.0,16783.0,423.0,47.6,15644.0,117.1,108.8,70.0,63.84,33.33,117.1,0.3548271602228974,0.2841646221901012,0,False,True
Masalli district,district,2015,,,36448.0,35041.0,1458.0,,49018.0,,,,,,,0.519938089762068,0.11803733963916818,0,False,True
Neftchala district,district,2015,13.68,90.0,21062.0,19356.0,12348.0,46.0,24325.0,158.1,53.8,70.0,40.0,13.68,158.1,0.4075922870067769,0.3574729379199811,0,False,True
Oghuz district,district,2015,34.48,37.96,12070.0,11258.0,2789.0,46.4,16084.0,71.4,54.4,60.0,60.0,34.48,71.4,0.48323367422229335,0.40638418586423986,0,False,True
Ordubad district,district,2015,,,4886.0,4824.0,214.0,,5634.0,,,,,,,0.9134322553700727,0.7654995625446257,0,False,True
Saatli district,district,2015,36.43,34.03,32064.0,31160.0,19287.0,48.7,38253.0,24.5,11.1,50.0,50.0,36.43,24.5,0.3860258638777878,0.32899545250901063,0,False,True
Sabirabad district,district,2015,37.93,29.61,58199.0,48514.0,23252.0,48.0,97771.0,10.1,40.5,42.04,42.94,37.93,10.1,1.0000000000000002,0.8909338888287903,73,False,True
Sadarak district,district,2015,,,1650.0,1178.0,589.0,,1742.0,,,,,,,1.0,0.0,2,False,True
Salyan district,district,2015,32.72,14.07,33351.0,32014.0,20861.0,48.0,45000.0,38.3,125.2,45.24,45.52,32.72,38.3,0.4528460869561727,0.3834271426932353,0,False,True
Samukh district,district,2015,33.7,38.46,10342.0,9346.0,7569.0,47.2,16737.0,31.6,27.3,39.43,60.03,33.7,31.6,0.6028576185740377,0.5173896361621941,0,False,True
Shabran district,district,2015,75.23,20.0,12072.0,10674.0,812.0,47.7,15485.0,28.0,,72.72,,75.23,28.0,0.49778568754337504,0.40025392608497057,0,False,True
Shahbuz district,district,2015,,,11240.0,11240.0,300.0,,14265.0,,,,,,,0.49698945024035407,0.4022513849175532,0,False,True
Shaki district,district,2015,45.0,39.99,35496.0,29618.0,7228.0,48.0,55692.0,4.6,75.0,47.27,70.0,45.0,4.6,0.7327141379253171,0.6105151177476275,1,False,True
Shamakhi district,district,2015,,37.27,20115.0,19797.0,364.0,,23146.0,,212.9,,80.23,37.27,212.9,0.40321979456527907,0.29356385981444433,0,False,True
Shamkir district,district,2015,18.4,,29202.0,28627.0,9822.0,46.5,54608.0,83.3,,55.0,,18.4,83.3,0.7025746072345919,0.5962975068347055,0,False,True
Sharur district,district,2015,,,20776.0,20287.0,3986.0,,26854.0,,,,,,,0.4259348472717174,0.3633409610470882,0,False,True
Shusha district,district,2015,,,2003.0,1980.0,1144.0,,1835.0,,,,,,,0.6089082414406515,0.0,0,False,False
Siyazan district,district,2015,,40.49,6272.0,5984.0,203.0,,12199.0,,66.4,,67.17,40.49,66.4,0.83271353850868,0.7026920320532625,0,False,True
Tartar district,district,2015,43.04,,11867.0,11783.0,11485.0,48.0,17742.0,,,23.33,,43.04,,0.5035202792064276,0.4342077610726166,0,False,True
Tovuz district,district,2015,36.96,,18010.0,17360.0,4672.0,47.8,32453.0,71.7,,61.96,,36.96,71.7,0.5935994163506334,0.5040949564236356,0,False,True
Ujar district,district,2015,,18.0,33152.0,21976.0,13865.0,,38781.0,,103.3,,49.91,18.0,103.3,0.554490364046151,0.47203478879413263,0,False,True
Yevlakh district,district,2015,25.9,25.91,27834.0,19196.0,21193.0,48.4,36534.0,97.0,68.6,51.0,43.99,25.9,97.0,0.6000053560004366,0.5158655788453423,0,False,True
Zagatala district,district,2015,35.05,36.67,29726.0,27079.0,7681.0,48.0,43179.0,35.5,23.5,55.0,50.66,35.05,35.5,0.5008104928532253,0.4078118219310496,0,False,True
Zangilan district,district,2015,40.0,,626.0,626.0,98.0,50.0,459.0,50.0,,60.0,,40.0,50.0,4.2029027452524454,1.0,102,False,False
Zardab district,district,2015,30.0,29.62,22828.0,20850.0,18570.0,48.3,31871.0,152.3,47.6,71.49,50.17,30.0,152.3,0.48594357267900307,0.42200483607111694,0,False,True
Absheron district,district,2016,29.51,20.64,13461.0,13461.0,114.0,30.0,49389.0,1.1,9.5,42.47,39.21,29.51,1.1,0.9999999999999999,0.6067831911496298,32,False,True
Agdash district,district,2016,18.03,,35733.0,24275.0,8808.0,48.0,55998.0,94.1,,35.0,,18.03,94.1,0.6855025180303961,0.5540086534142246,0,False,True
Aghdam district,district,2016,44.55,,18691.0,18596.0,8314.0,59.1,34168.0,22.2,,55.0,,44.55,22.2,0.5129864012750178,0.43261441428550507,0,False,False
Aghjabadi district,district,2016,26.07,,44251.0,38429.0,29176.0,48.0,101287.0,40.1,,50.98,,26.07,40.1,1.0,0.7852185239498548,30,False,True
Aghstafa district,district,2016,23.64,,11840.0,9606.0,6088.0,47.3,16985.0,32.7,,80.0,,23.64,32.7,0.5322199543920216,0.4335456966856175,0,False,True
Aghsu district,district,2016,,30.24,18901.0,15430.0,1038.0,,29654.0,,145.8,,80.0,30.24,145.8,0.5428722041630735,0.40387663123065365,0,False,True
Astara district,district,2016,32.69,29.0,22331.0,22080.0,1303.0,47.3,30166.0,10.7,16.4,50.0,42.5,32.69,10.7,0.3853455009699874,0.2799784255583219,0,False,True
Babak district,district,2016,,,8355.0,7908.0,2448.0,,12667.0,,,,,,,0.5058200407043211,0.3769364261122662,0,False,True
Balakan district,district,2016,29.12,,17827.0,15607.0,3014.0,47.1,20654.0,61.6,,47.07,,29.12,61.6,0.3881449319379705,0.30915573092206333,0,False,True
Barda district,district,2016,36.68,,42015.0,37150.0,31204.0,48.0,79830.0,1.2,,45.53,,36.68,1.2,0.7565569350833996,0.613321725901624,2,False,True
Beylagan district,district,2016,25.64,21.16,27614.0,26205.0,24348.0,48.0,39520.0,,43.5,20.0,22.97,25.64,43.5,0.4166522647748595,0.34772882635300617,0,False,True
Bilasuvar district,district,2016,38.01,,20260.0,18760.0,8064.0,48.0,27995.0,2.8,,40.07,,38.01,2.8,0.42372585329818807,0.35885091321279877,0,False,True
Dashkasan district,district,2016,18.64,35.38,13595.0,13436.0,256.0,45.0,22892.0,102.3,42.9,37.91,50.0,18.64,102.3,0.6731140194116699,0.5278082324215366,0,False,True
Fuzuli district,district,2016,36.1,,15857.0,14992.0,6040.0,26.8,23199.0,38.9,,50.0,,36.1,38.9,0.44780323784233456,0.37508511147232304,0,False,False
Gabala district,district,2016,47.69,,23746.0,23232.0,1972.0,18.8,38855.0,20.3,,57.86,,47.69,20.3,0.4625965678618685,0.33771107750912954,0,False,True
Gadabay district,district,2016,,25.0,23515.0,23423.0,57.0,,43786.0,,,,,25.0,,0.9999999999999996,0.599758280459652,11,False,True
Gakh district,district,2016,14.21,22.48,11883.0,10826.0,3555.0,47.9,15937.0,,,,,14.21,,0.4473028332201137,0.3524395275698785,0,False,True
Gazakh district,district,2016,59.98,60.63,16458.0,14777.0,5666.0,48.0,31172.0,11.7,72.7,70.0,62.16,59.98,11.7,0.5933282996186353,0.5009851640132122,0,False,True
Gobustan district,district,2016,,25.57,11510.0,11386.0,86.0,,19756.0,,126.7,,75.19,25.57,126.7,1.0000000000000009,0.6388862597687757,0,False,True
Goranboy district,district,2016,28.28,,20838.0,20375.0,13598.0,45.8,36208.0,50.7,,40.7,,28.28,50.7,0.4939914709434327,0.41628212740931503,0,False,True
Goychay district,district,2016,60.0,,19566.0,17974.0,5728.0,47.1,25030.0,18.6,,60.0,,60.0,18.6,0.39975525452775607,0.3330600889893027,0,False,True
Goygol district,district,2016,43.98,34.52,10032.0,9944.0,1221.0,45.8,23559.0,18.9,29.8,49.65,45.18,43.98,18.9,0.6844545201157988,0.5395997136961431,0,False,True
Guba district,district,2016,15.78,,24731.0,24559.0,612.0,47.9,38761.0,41.1,,50.08,,15.78,41.1,0.4366149074396768,0.23292889559505536,0,False,True
Gubadli district,district,2016,33.02,,494.0,488.0,10.0,47.3,652.0,83.9,,61.02,,33.02,83.9,17.065711913092027,1.0,200,True,False
Gusar district,district,2016,42.26,,19043.0,19023.0,5403.0,50.7,27795.0,1.3,,49.64,,42.26,1.3,0.41515898905634757,0.3450159745903784,0,False,True
Hajigabul district,district,2016,,58.71,16245.0,14802.0,3673.0,,17242.0,,42.8,,88.25,58.71,42.8,0.34986608534492564,0.2752183510728173,0,False,True
Imishli district,district,2016,39.66,58.08,40812.0,37859.0,19493.0,56.7,49555.0,14.8,20.8,49.84,50.0,39.66,14.8,0.35766560636100375,0.28679386611085567,0,False,True
Ismayilli district,district,2016,63.46,55.01,24050.0,23568.0,1462.0,48.0,34891.0,,23.0,38.07,58.61,63.46,23.0,0.4126683318098476,0.29541541924494763,0,False,True
Jabrayil district,district,2016,58.33,,4048.0,4023.0,900.0,50.0,7179.0,39.0,,81.67,,58.33,39.0,0.7061065473708111,0.41329337533256083,0,False,False
Jalilabad district,district,2016,,,50319.0,47518.0,102.0,,82361.0,,,,,,,1.0,0.8719508444953961,80,False,True
Julfa district,district,2016,,,7525.0,7396.0,1557.0,,9452.0,,,,,,,0.4288425324606186,0.26506056895066554,0,False,True
Kalbajar district,district,2016,,35.47,12575.0,12164.0,256.0,,17493.0,,44.7,,52.33,35.47,44.7,0.6891571903707602,0.564004218647802,0,False,False
Kangarli district,district,2016,,,6035.0,6035.0,3020.0,,8674.0,,,,,,,0.4923408724696467,0.31695910115948533,0,False,True
Khachmaz district,district,2016,758.63,,25925.0,25029.0,3604.0,80.4,52020.0,,,57.03,,,,0.5883881745616257,0.4131875013751187,0,False,True
Khizi district,district,2016,55.46,,5147.0,5137.0,259.0,48.0,10344.0,42.6,,32.84,,55.46,42.6,1.0000000000000007,0.83959989833931,0,False,True
Khojavand district,district,2016,,,1159.0,1159.0,400.0,,2200.0,,,,,,,1.6757368589110593,0.5464106828232516,4,False,False
Kurdamir district,district,2016,35.37,28.27,33548.0,28202.0,13244.0,48.1,42786.0,12.8,72.4,61.09,49.33,35.37,12.8,0.4169852364298728,0.341540262267152,0,False,True
Lachin district,district,2016,,,17043.0,15602.0,1887.0,,20554.0,,,,,,,0.386618008795561,0.29724933381293356,0,False,False
Lankaran district,district,2016,39.07,34.34,23839.0,23426.0,873.0,48.6,33419.0,4.1,,42.84,,39.07,4.1,0.3989808080529676,0.2596745386932545,0,False,True
Lerik district,district,2016,35.71,32.96,16908.0,16868.0,411.0,47.6,15696.0,146.6,,85.38,,35.71,146.6,0.4619421910282774,0.3852177941770163,0,False,True
Masalli district,district,2016,,,36495.0,35085.0,1765.0,,49872.0,,,,,,,0.39029129572756344,0.164874856045654,0,False,True
Neftchala district,district,2016,16.36,187.5,21173.0,19559.0,10695.0,45.4,24415.0,157.3,141.8,70.0,60.0,16.36,157.3,0.359259353790449,0.30485317868464396,0,False,True
Oghuz district,district,2016,35.42,37.97,11826.0,11209.0,2553.0,46.3,16086.0,97.6,50.5,69.18,60.0,35.42,97.6,0.4354437063018117,0.3363865625789868,0,False,True
Ordubad district,district,2016,,,4950.0,4872.0,414.0,,5751.0,,,,,,,0.8839001903315469,0.7447981907218455,0,False,True
Saatli district,district,2016,35.32,34.01,32093.0,31309.0,17620.0,48.6,38696.0,25.0,11.1,50.0,50.0,35.32,25.0,0.34194893018359285,0.28538001316800865,0,False,True
Sabirabad district,district,2016,38.66,29.97,59188.0,49357.0,20033.0,48.0,103719.0,26.0,42.3,50.58,42.72,38.66,26.0,0.9999999999999999,0.8539579933696204,76,False,True
Sadarak district,district,2016,,,1670.0,1191.0,767.0,,1764.0,,,,,,,1.0,0.0,4,False,True
Salyan district,district,2016,35.77,14.42,33426.0,31995.0,19091.0,48.0,45011.0,38.7,130.0,49.6,43.44,35.77,38.7,0.38546840857269765,0.31457518828240383,0,False,True
Samukh district,district,2016,33.43,41.67,12078.0,11256.0,7612.0,47.2,29014.0,25.3,40.3,42.13,60.0,33.43,25.3,0.7295335750941578,0.6277766112262326,0,False,True
Shabran district,district,2016,92.05,20.0,11760.0,10450.0,855.0,47.7,15541.0,20.1,,75.51,,92.05,20.1,0.5129826655231311,0.4054779109185782,0,False,True
Shahbuz district,district,2016,,,11374.0,11374.0,304.0,,14421.0,,,,,,,0.6516758448385814,0.5480955996664456,0,False,True
Shaki district,district,2016,38.96,43.0,35696.0,29819.0,6387.0,48.0,56845.0,,62.8,42.74,70.0,38.96,62.8,0.5882859646716772,0.42746141441345364,0,False,True
Shamakhi district,district,2016,,35.29,20155.0,19900.0,399.0,,23261.0,,225.5,,73.74,35.29,225.5,0.4469913360493834,0.3460404837212778,0,False,True
Shamkir district,district,2016,20.06,,29295.0,28703.0,9771.0,48.0,56355.0,82.5,,55.0,,20.06,82.5,0.5857340851502381,0.4667402699400749,0,False,True
Sharur district,district,2016,,,21015.0,20514.0,5024.0,,27265.0,,,,,,,0.37832804023217526,0.3116642955817257,0,False,True
Shusha district,district,2016,,,2102.0,2074.0,594.0,,1836.0,,,,,,,1.068901515106919,0.4455166653310978,0,False,False
Siyazan district,district,2016,,46.95,6279.0,5978.0,309.0,,12287.0,,58.6,,74.51,46.95,58.6,0.90734961890591,0.7859381652639033,0,False,True
Tartar district,district,2016,35.8,,11946.0,11857.0,9944.0,46.5,20127.0,,,25.9,,35.8,,0.4994520396934865,0.4176246490811494,0,False,True
Tovuz district,district,2016,40.74,,18102.0,17450.0,4675.0,48.1,33300.0,50.0,,61.11,,40.74,50.0,0.5338604877828667,0.44059608063606626,0,False,True
Ujar district,district,2016,,18.75,33182.0,22223.0,12395.0,,38788.0,,73.9,,51.53,18.75,73.9,0.482823279137986,0.4027961661210171,0,False,True
Yevlakh district,district,2016,25.87,25.81,28257.0,25109.0,17284.0,48.4,36547.0,97.0,109.1,51.0,54.3,25.87,97.0,0.4043337222936344,0.3404235508501753,0,False,True
Zagatala district,district,2016,35.12,38.41,29763.0,27310.0,7681.0,48.0,43369.0,17.8,32.9,50.0,57.06,35.12,17.8,0.4361047408436816,0.3479339380723392,0,False,True
Zangilan district,district,2016,11.25,,630.0,630.0,171.0,47.5,508.0,,,9.43,,11.25,,3.650571066117412,1.0,89,False,False
Zardab district,district,2016,30.36,30.45,22853.0,20975.0,18100.0,48.2,31934.0,173.7,47.4,78.95,50.14,30.36,173.7,0.42736268335945476,0.3654171018080681,0,False,True
Absheron district,district,2017,26.89,21.69,13357.0,13357.0,247.0,31.3,48986.0,0.5,9.4,63.55,39.15,26.89,0.5,1.0,0.6378660982670183,17,False,True
Agdash district,district,2017,64.91,,34334.0,23862.0,7742.0,48.0,53344.0,,,63.47,,64.91,,0.6476680531633763,0.5322196566124515,0,False,True
Aghdam district,district,2017,50.13,,18844.0,18751.0,7561.0,58.5,34612.0,22.3,,55.0,,50.13,22.3,0.515056622968809,0.44375802296061506,0,False,False
Aghjabadi district,district,2017,52.0,,44551.0,38680.0,23106.0,48.0,101596.0,40.4,,45.1,,52.0,40.4,1.0,0.8119689174675926,34,False,True
Aghstafa district,district,2017,29.17,,11881.0,9642.0,5157.0,45.8,17112.0,53.6,,80.0,,29.17,53.6,0.5345542497688427,0.4514802563601019,0,False,True
Aghsu district,district,2017,,30.26,18368.0,15534.0,2302.0,,30010.0,,167.0,,80.11,30.26,167.0,0.5454805096747841,0.44888877382494485,0,False,True
Astara district,district,2017,32.37,28.3,20079.0,19768.0,1132.0,47.2,30186.0,7.4,14.8,30.0,42.17,32.37,7.4,0.43093829095473596,0.32286498277164855,0,False,True
Babak district,district,2017,,,8654.0,7995.0,1255.0,,12874.0,,,,,,,0.5082571098461962,0.3959546534047237,0,False,True
Balakan district,district,2017,28.68,,17845.0,15766.0,3085.0,48.0,20784.0,91.3,,60.0,,28.68,91.3,0.38685573385766825,0.3226116877672817,0,False,True
Barda district,district,2017,36.69,,42045.0,38294.0,26641.0,49.0,81536.0,1.2,,45.54,,36.69,1.2,0.7579368307705904,0.5930621134604329,3,False,True
Beylagan district,district,2017,25.54,22.82,27705.0,27273.0,21346.0,47.9,39573.0,17.9,67.8,32.0,43.73,25.54,17.9,0.4009294355502774,0.3413045322512734,0,False,True
Bilasuvar district,district,2017,89.73,,19651.0,18381.0,6573.0,48.0,28008.0,44.1,,39.53,,89.73,44.1,0.4329620882469837,0.37477633237117297,0,False,True
Dashkasan district,district,2017,13.68,35.22,12433.0,12307.0,251.0,48.0,23548.0,119.8,45.2,42.19,50.0,13.68,119.8,0.7633517360216407,0.6460984420358545,0,False,True
Fuzuli district,district,2017,31.83,,16028.0,15067.0,6216.0,30.6,24560.0,57.2,,50.0,,31.83,57.2,0.4692989646246712,0.4069785490209855,0,False,False
Gabala district,district,2017,57.16,,23183.0,22658.0,1599.0,17.4,40313.0,12.6,,68.33,,57.16,12.6,0.4909960609939075,0.3560375929563657,0,False,True
Gadabay district,district,2017,,26.32,23783.0,23702.0,10.0,,42816.0,,172.7,,75.0,26.32,172.7,1.0,0.5554832090265927,28,False,True
Gakh district,district,2017,21.23,31.58,11345.0,10314.0,2672.0,47.8,15985.0,263.4,,75.0,,21.23,263.4,0.4716052662499218,0.38815453233709496,0,False,True
Gazakh district,district,2017,39.94,38.57,16595.0,15142.0,3338.0,48.1,31180.0,65.7,56.5,66.18,61.64,39.94,65.7,0.5794872355262858,0.48961262936815775,0,False,True
Gobustan district,district,2017,,27.92,11578.0,11452.0,84.0,,20088.0,,107.6,,66.12,27.92,107.6,0.9999999999999996,0.8039663059069917,0,False,True
Goranboy district,district,2017,13.42,,21097.0,20656.0,13882.0,45.2,37061.0,42.1,,42.17,,13.42,42.1,0.4980674398787566,0.4283318992287013,0,False,True
Goychay district,district,2017,11.76,,19597.0,18135.0,5768.0,48.0,20298.0,4.3,,90.78,,11.76,4.3,0.329423467122756,0.279661545279974,0,False,True
Goygol district,district,2017,40.09,,10064.0,9972.0,851.0,41.6,23698.0,31.4,,47.12,,40.09,31.4,0.6868321639573857,0.5464830230607437,0,False,True
Guba district,district,2017,54.6,,24357.0,24208.0,567.0,48.0,37938.0,,,44.66,,54.6,,0.4476033443400691,0.2949407399713103,0,False,True
Gubadli district,district,2017,33.02,,560.0,554.0,13.0,47.2,687.0,141.3,,80.0,,33.02,141.3,13.43876012920043,1.0,200,True,False
Gusar district,district,2017,38.7,,19008.0,19005.0,5034.0,48.0,28710.0,0.5,,59.95,,38.7,0.5,0.4282524090448948,0.3656833553856384,0,False,True
Hajigabul district,district,2017,,83.02,16424.0,15457.0,3083.0,,17253.0,,37.3,,71.08,83.02,37.3,0.3357998748304478,0.27577966086155625,0,False,True
Imishli district,district,2017,39.92,40.0,40839.0,38235.0,17985.0,48.7,49630.0,11.1,20.3,50.0,50.0,39.92,11.1,0.35744682410150397,0.29400058020180814,0,False,True
Ismayilli district,district,2017,63.35,60.0,24082.0,23709.0,1194.0,48.0,34950.0,,23.1,44.02,80.0,63.35,23.1,0.4110174031030196,0.29690232283641504,0,False,True
Jabrayil district,district,2017,,,4105.0,4083.0,954.0,,7610.0,,,,,,,0.6634377347995198,0.43417404049762365,0,False,False
Jalilabad district,district,2017,,,50331.0,48853.0,48.0,,82445.0,,,,,,,0.9999999999999999,0.8900332840355505,69,False,True
Julfa district,district,2017,,,7704.0,7468.0,399.0,,9594.0,,,,,,,0.6399235760601364,0.5588302049860633,0,False,True
Kalbajar district,district,2017,,30.41,12469.0,12101.0,146.0,,16936.0,,61.4,,58.1,30.41,61.4,0.8206662956677003,0.6923979094158446,0,False,False
Kangarli district,district,2017,,,6110.0,6110.0,2486.0,,8798.0,,,,,,,0.49337971927099183,0.35494964055315636,0,False,True
Khachmaz district,district,2017,62.2,,26335.0,25394.0,4520.0,44.5,60569.0,5.8,,70.22,,62.2,5.8,0.825727962385947,0.6547606666564072,2,False,True
Khizi district,district,2017,65.89,,4685.0,4675.0,300.0,48.0,9468.0,12.9,,63.55,,65.89,12.9,0.9131672834920382,0.785465758431708,0,False,True
Khojavand district,district,2017,,,949.0,949.0,394.0,,2298.0,,,,,,,1.4138715150649197,0.5554937820928689,26,False,False
Kurdamir district,district,2017,36.99,29.02,33571.0,28522.0,12975.0,48.1,42834.0,25.4,69.7,50.8,50.08,36.99,25.4,0.41279617042568384,0.3456391045882676,0,False,True
Lachin district,district,2017,,,15048.0,13770.0,1463.0,,19846.0,,,,,,,0.42540098839284607,0.339842013185081,0,False,False
Lankaran district,district,2017,45.52,,23504.0,23002.0,929.0,49.2,33790.0,5.9,,47.02,,45.52,5.9,0.4106722738921751,0.2903600002315103,0,False,True
Lerik district,district,2017,39.58,21.93,16532.0,16485.0,389.0,47.9,15967.0,,127.0,,73.76,39.58,127.0,0.47996870519761303,0.42266334757684954,0,False,True
Masalli district,district,2017,,,36505.0,35092.0,3921.0,,50101.0,,,,,,,0.39592179975483677,0.2833845300639366,0,False,True
Neftchala district,district,2017,20.03,34.29,21039.0,19802.0,8746.0,46.1,24508.0,62.3,44.4,60.79,60.0,20.03,62.3,0.3564056767934757,0.3098036241753869,0,False,True
Oghuz district,district,2017,34.69,38.1,11257.0,10843.0,2093.0,47.0,16086.0,97.1,50.5,69.0,60.0,34.69,97.1,0.4509941194584648,0.36685089382998726,0,False,True
Ordubad district,district,2017,,,5011.0,4927.0,687.0,,5846.0,,,,,,,0.46625006607372416,0.2512963443025291,0,False,True
Saatli district,district,2017,34.6,34.1,32135.0,31415.0,13299.0,49.0,38753.0,25.0,11.1,57.2,50.0,34.6,25.0,0.3413503137333187,0.28995939414491156,0,False,True
Sabirabad district,district,2017,38.53,,60171.0,51129.0,19342.0,48.1,106852.0,27.1,,51.41,,38.53,27.1,0.9999999999999998,0.8919723757371867,78,False,True
Sadarak district,district,2017,,,1699.0,1210.0,329.0,,1786.0,,,,,,,1.0,0.015314625657562697,4,False,True
Salyan district,district,2017,33.76,17.29,33292.0,31950.0,18079.0,48.0,45857.0,48.1,83.8,49.99,32.12,33.76,48.1,0.3928559169518052,0.3266701634617181,0,False,True
Samukh district,district,2017,40.88,40.78,11750.0,10964.0,5893.0,47.1,30413.0,18.9,19.8,50.25,50.0,40.88,18.9,0.7823063635843888,0.68929167026309,0,False,True
Shabran district,district,2017,72.0,,11770.0,10479.0,828.0,48.0,14602.0,10.9,,79.41,,72.0,10.9,0.4302146504469795,0.3198089520613132,0,False,True
Shahbuz district,district,2017,,,11524.0,11524.0,217.0,,14865.0,,,,,,,0.7300042675164597,0.6361240675747811,0,False,True
Shaki district,district,2017,36.84,40.0,35921.0,30029.0,5583.0,48.0,58261.0,30.0,75.0,47.82,70.0,36.84,30.0,0.6273971111430201,0.5031653074802293,1,False,True
Shamakhi district,district,2017,,32.1,13602.0,13339.0,485.0,,20319.0,,55.6,,70.0,32.1,55.6,0.5277350331340354,0.43281825081648306,0,False,True
Shamkir district,district,2017,17.53,,29328.0,28729.0,9777.0,47.7,58159.0,83.3,,55.0,,17.53,83.3,0.6186181198714209,0.507982449467199,0,False,True
Sharur district,district,2017,,,21468.0,20756.0,7857.0,,27698.0,,,,,,,0.3795768509657005,0.3292931215515646,0,False,True
Shusha district,district,2017,,,2168.0,2138.0,504.0,,1838.0,,,,,,,0.6445288220571813,0.06819723830792279,0,False,False
Siyazan district,district,2017,,42.49,6245.0,6002.0,335.0,,12338.0,,64.8,,70.0,42.49,64.8,0.8157255355889127,0.7069866740132427,0,False,True
Tartar district,district,2017,32.55,,12022.0,11938.0,8294.0,45.4,21630.0,,,27.65,,32.55,,0.5291411487601195,0.4578798115238887,0,False,True
Tovuz district,district,2017,47.17,,18156.0,17582.0,3294.0,47.2,33365.0,20.0,,60.0,,47.17,20.0,0.5310493216772181,0.4416961698300155,0,False,True
Ujar district,district,2017,,,33209.0,22687.0,10241.0,,38793.0,,,,,,,0.4731262032762737,0.40233844295446786,0,False,True
Yardimli district,district,2017,38.98,39.08,14497.0,14424.0,2.0,48.0,17091.0,15.1,10.9,70.0,62.0,38.98,15.1,1.0,0.8808582182146012,70,False,True
Yevlakh district,district,2017,25.99,25.92,28395.0,25253.0,15493.0,51.0,36560.0,92.3,96.9,50.0,51.18,25.99,92.3,0.4022946912835328,0.34653818875924264,0,False,True
Zagatala district,district,2017,34.94,40.7,29615.0,27258.0,7685.0,48.0,43495.0,5.3,15.8,40.0,55.0,34.94,5.3,0.4381789508848904,0.35961490727508405,0,False,True
Zangilan district,district,2017,68.46,,475.0,475.0,175.0,15.4,1163.0,9.4,,100.0,,68.46,9.4,2.547368421052629,1.0,72,False,False
Zardab district,district,2017,29.87,30.58,22867.0,21031.0,18612.0,48.1,31944.0,97.7,50.4,52.0,51.19,29.87,97.7,0.4265708913154177,0.3741562589086027,0,False,True
Absheron district,district,2018,25.82,20.92,13149.0,13149.0,167.0,30.7,52426.0,0.9,9.5,65.81,39.1,25.82,0.9,0.9999999999999998,0.3917078903248039,9,False,True
Agdash district,district,2018,61.99,,31727.0,22314.0,7235.0,48.0,52656.0,,,45.0,,61.99,,0.5945655691082751,0.469788874032381,0,False,True
Aghdam district,district,2018,72.78,,19147.0,19059.0,8185.0,8.6,35866.0,22.9,,60.06,,72.78,22.9,0.4852041765642468,0.4032848522863163,0,False,False
Aghjabadi district,district,2018,52.05,,44612.0,38463.0,19821.0,48.0,101710.0,40.5,,45.02,,52.05,40.5,1.0000000000000002,0.8018718272769991,22,False,True
Aghstafa district,district,2018,68.18,,11907.0,9669.0,5487.0,6.8,17170.0,44.2,,52.27,,68.18,44.2,0.500856000766197,0.4067036054043799,0,False,True
Aghsu district,district,2018,,,18421.0,15863.0,1282.0,,30165.0,,,,,,,0.498289440729562,0.3746944662345898,0,False,True
Astara district,district,2018,32.39,,20015.0,19769.0,1332.0,43.1,27164.0,20.0,,30.0,,32.39,20.0,0.36407190460918926,0.2710166772468288,0,False,True
Babak district,district,2018,,,8756.0,8085.0,1134.0,,13062.0,,,,,,,0.47927549656873747,0.3511126324512477,0,False,True
Balakan district,district,2018,27.96,,17697.0,15808.0,2800.0,47.0,21065.0,115.0,,60.0,,27.96,115.0,0.3643995887168051,0.2891849898265907,0,False,True
Barda district,district,2018,37.62,,42635.0,39542.0,26776.0,48.0,82008.0,9.6,,47.38,,37.62,9.6,0.7167912136204491,0.5882649118345917,13,False,True
Beylagan district,district,2018,25.6,19.71,27827.0,27438.0,20748.0,47.9,39621.0,59.6,73.2,40.87,44.58,25.6,59.6,0.36927526738934086,0.3054515039045797,0,False,True
Bilasuvar district,district,2018,28.3,,19464.0,18339.0,5562.0,48.0,27105.0,49.5,,45.16,,28.3,49.5,0.3917027773207946,0.32342850284874214,0,False,True
Dashkasan district,district,2018,14.9,35.21,11628.0,11470.0,282.0,47.1,22763.0,56.1,42.7,47.69,49.93,14.9,56.1,0.6922572648719276,0.5692787786070685,0,False,True
Fuzuli district,district,2018,33.01,,16030.0,15195.0,5787.0,30.3,27916.0,33.0,,43.93,,33.01,33.0,0.48532456444598887,0.404965864075609,0,False,False
Gabala district,district,2018,56.97,,22550.0,22019.0,1218.0,4.6,40472.0,28.7,,68.3,,56.97,28.7,0.4692614654471759,0.3208969875365614,0,False,True
Gadabay district,district,2018,,27.27,21712.0,21614.0,10.0,,50392.0,,,,,27.27,,1.0,0.8574751332772104,67,False,True
Gakh district,district,2018,14.43,41.67,11923.0,10863.0,2755.0,48.0,16081.0,198.1,,100.0,,14.43,198.1,0.4221864180929771,0.3310486705626784,0,False,True
Gazakh district,district,2018,45.95,38.85,16657.0,15187.0,3572.0,34.6,31212.0,163.4,60.9,93.93,62.09,45.95,163.4,0.5367113924735978,0.4372568865948735,0,False,True
Gobustan district,district,2018,,28.4,12168.0,12016.0,42.0,,20319.0,,106.7,,65.8,28.4,106.7,1.0,0.7476987159615283,0,False,True
Goranboy district,district,2018,13.11,,19911.0,19370.0,13821.0,14.7,35114.0,10.0,,55.0,,13.11,10.0,0.468267275508533,0.3922853893208882,0,False,True
Goychay district,district,2018,57.05,,18720.0,17370.0,6008.0,48.0,20588.0,31.9,,64.55,,57.05,31.9,0.3251611237635257,0.26576998884331826,0,False,True
Goygol district,district,2018,46.89,,10084.0,9984.0,803.0,46.7,23717.0,34.2,,54.43,,46.89,34.2,0.6395465853473715,0.488623137004934,0,False,True
Guba district,district,2018,48.53,,24458.0,24293.0,592.0,48.0,41363.0,17.3,,54.31,,48.53,17.3,0.43397626996730704,0.24137631236737467,0,False,True
Gubadli district,district,2018,33.02,,537.0,537.0,14.0,47.1,779.0,141.2,,79.99,,33.02,141.2,12.629961314894098,1.0,200,True,False
Gusar district,district,2018,63.61,,18488.0,18485.0,5263.0,48.0,28762.0,,,44.99,,63.61,,0.40972800598385745,0.33743513108483003,0,False,True
Hajigabul district,district,2018,,76.45,16618.0,15725.0,2449.0,,18282.0,,45.0,,78.89,76.45,45.0,0.32462709215784524,0.2518912838781087,0,False,True
Imishli district,district,2018,40.0,40.0,40887.0,38730.0,16178.0,49.0,49633.0,11.0,11.4,50.0,50.0,40.0,11.0,0.3225142357694643,0.2588474921288749,0,False,True
Ismayilli district,district,2018,88.04,60.0,24105.0,23759.0,1169.0,48.0,35506.0,,23.0,48.63,79.92,88.04,23.0,0.38565138780680375,0.26946281913715675,0,False,True
Jabrayil district,district,2018,,,4166.0,4158.0,989.0,,7895.0,,,,,,,0.6391559450770038,0.391287869601465,0,False,False
Jalilabad district,district,2018,,,48858.0,47718.0,148.0,,72471.0,,,,,,,1.0,0.8522873194105103,73,False,True
Julfa district,district,2018,,,7786.0,7543.0,326.0,,9716.0,,,,,,,0.6866466738791883,0.5969697606464562,0,False,True
Kalbajar district,district,2018,,36.03,12379.0,11999.0,151.0,,17111.0,,94.4,,70.0,36.03,94.4,0.7792065475297967,0.6580407177909426,0,False,False
Kangarli district,district,2018,,,6182.0,6182.0,2660.0,,8915.0,,,,,,,0.46876735813100323,0.31488443557407664,0,False,True
Khachmaz district,district,2018,60.81,,26491.0,25626.0,4663.0,2.4,63822.0,4.6,,67.36,,60.81,4.6,0.8230713835061791,0.662239011272826,1,False,True
Khizi district,district,2018,62.11,,5207.0,5191.0,265.0,47.8,6992.0,61.6,,79.49,,62.11,61.6,0.8816480121441477,0.7645578100279754,0,False,True
Khojavand district,district,2018,,,922.0,922.0,410.0,,2510.0,,,,,,,1.5064188803485765,0.7291517669685299,36,False,False
Kurdamir district,district,2018,40.59,30.79,33025.0,28607.0,10131.0,48.7,43265.0,23.7,66.7,55.23,51.68,40.59,23.7,0.384195891087147,0.31149754750275016,0,False,True
Lachin district,district,2018,,,14767.0,13732.0,1837.0,,15610.0,,,,,,,0.32589897070480617,0.24544182859645786,0,False,False
Lankaran district,district,2018,43.13,,23953.0,23530.0,609.0,49.2,34089.0,5.1,,43.45,,43.13,5.1,0.37521673400199157,0.23291633445062,0,False,True
Lerik district,district,2018,36.17,18.03,16745.0,16701.0,318.0,48.9,15979.0,180.8,102.8,94.8,62.95,36.17,180.8,0.485885514935525,0.41841982453383086,0,False,True
Masalli district,district,2018,,,36567.0,35126.0,2425.0,,50194.0,,,,,,,0.35936760561794645,0.220373151280907,0,False,True
Neftchala district,district,2018,21.43,33.93,20959.0,19877.0,8870.0,46.7,27163.0,113.3,93.4,50.0,50.23,21.43,113.3,0.3620818979111231,0.30374806785008146,0,False,True
Oghuz district,district,2018,38.24,38.24,10467.0,10112.0,1712.0,47.2,15389.0,73.6,50.4,65.9,60.0,38.24,73.6,0.4374186740089993,0.333726222376564,0,False,True
Ordubad district,district,2018,,,5070.0,4975.0,677.0,,5920.0,,,,,,,0.4515585939108338,0.22103428489895804,0,False,True
Saatli district,district,2018,33.14,33.23,32208.0,31531.0,13688.0,48.2,41852.0,24.2,11.1,50.0,50.0,33.14,24.2,0.3380099798374045,0.27683445403572343,0,False,True
Sabirabad district,district,2018,16.53,,60927.0,55613.0,20141.0,41.5,113994.0,100.0,,30.88,,16.53,100.0,1.0000000000000007,0.8502669395955376,72,False,True
Sadarak district,district,2018,,,1722.0,1224.0,320.0,,1810.0,,,,,,,1.0,0.0,5,False,True
Salyan district,district,2018,31.67,15.44,33304.0,31994.0,19840.0,48.0,49957.0,57.6,126.2,49.8,47.73,31.67,57.6,0.3928020854461421,0.3163753026432219,0,False,True
Samukh district,district,2018,46.28,36.63,12377.0,11572.0,6509.0,47.0,30785.0,54.2,36.6,60.92,71.25,46.28,54.2,0.6956823203258719,0.5901141489133737,0,False,True
Shabran district,district,2018,94.38,,11900.0,10587.0,647.0,48.3,15011.0,16.9,,80.62,,94.38,16.9,0.4244197418960814,0.2994753200477642,0,False,True
Shahbuz district,district,2018,,,11657.0,11657.0,212.0,,15042.0,,,,,,,0.6996158738339044,0.6027567847693959,0,False,True
Shaki district,district,2018,36.5,40.0,35944.0,30605.0,5001.0,48.0,58973.0,33.8,50.9,65.57,60.36,36.5,33.8,0.543962380830503,0.4028230824016833,0,False,True
Shamakhi district,district,2018,29.9,76.99,13584.0,13298.0,450.0,41.0,21796.0,,38.4,,75.26,29.9,38.4,0.5108389066164818,0.3959498686889181,0,False,True
Shamkir district,district,2018,16.5,,28303.0,27780.0,9882.0,47.8,59438.0,88.5,,56.54,,16.5,88.5,0.6029737372653724,0.501214752115978,0,False,True
Sharur district,district,2018,,,21725.0,20998.0,7934.0,,28087.0,,,,,,,0.3531190550966272,0.29457234081516653,0,False,True
Shusha district,district,2018,,,2307.0,2268.0,391.0,,1842.0,,,,,,,0.7821802755198987,0.25770837921715883,0,False,False
Siyazan district,district,2018,,58.31,6374.0,6145.0,377.0,,12373.0,,20.0,,70.0,58.31,20.0,0.7065150241969403,0.5498375403126453,0,False,True
Tartar district,district,2018,33.93,,12156.0,12079.0,7264.0,42.6,22127.0,12.0,,30.0,,33.93,12.0,0.4976101646851492,0.41555062904834106,0,False,True
Tovuz district,district,2018,54.55,,18258.0,17693.0,3609.0,47.3,33596.0,24.2,,70.0,,54.55,24.2,0.49243769928057807,0.3962770032999352,0,False,True
Ujar district,district,2018,,,33217.0,23078.0,9761.0,,62269.0,,,,,,,0.7888340338614732,0.6668247696672666,0,False,True
Yardimli district,district,2018,38.99,38.89,14666.0,14600.0,9.0,48.0,23887.0,21.2,11.2,65.0,66.54,38.99,21.2,0.9999999999999998,0.7040590471698718,22,False,True
Yevlakh district,district,2018,25.99,25.93,28418.0,25256.0,15612.0,51.4,36574.0,169.2,115.7,70.0,56.18,25.99,169.2,0.3727553606404699,0.31086879447467286,0,False,True
Zagatala district,district,2018,35.17,,29465.0,27251.0,7791.0,47.9,43590.0,10.7,,46.31,,35.17,10.7,0.40612311563546577,0.32542201329955206,0,False,True
Zangilan district,district,2018,10.47,,393.0,393.0,51.0,5.2,668.0,,,120.0,,10.47,,5.751133183556028,1.0,200,True,False
Zardab district,district,2018,28.85,31.16,22873.0,21353.0,19497.0,48.1,31957.0,100.5,50.8,47.69,52.53,28.85,100.5,0.3899478298111512,0.3297375495776596,0,False,True
Absheron district,district,2019,18.49,23.46,13184.0,13184.0,135.0,30.1,49501.0,11.5,9.7,43.93,40.0,18.49,11.5,1.0,0.3554277180797931,14,False,True
Agdash district,district,2019,96.94,,32134.0,23285.0,8997.0,48.0,58027.0,,,80.0,,96.94,,0.6911732699438814,0.5868276865628962,0,False,True
Aghdam district,district,2019,37.15,,19165.0,19079.0,8409.0,8.4,37873.0,71.7,,60.6,,37.15,71.7,0.5382553719735679,0.46484878079906955,0,False,False
Aghjabadi district,district,2019,34.27,,42513.0,38572.0,22071.0,48.0,123886.0,27.5,,45.02,,34.27,27.5,1.0,0.8828089987078696,67,False,True
Aghstafa district,district,2019,27.78,,11938.0,9696.0,5362.0,16.7,17245.0,80.0,,50.0,,27.78,80.0,0.5258711008873431,0.4484796277713642,0,False,True
Aghsu district,district,2019,,,18453.0,16126.0,1066.0,,30354.0,,,,,,,0.5199487291862944,0.40472470468111965,0,False,True
Astara district,district,2019,28.24,,20005.0,19760.0,1336.0,27.6,27338.0,22.1,,32.82,,28.24,22.1,0.3860685872492107,0.3035624666806949,0,False,True
Babak district,district,2019,,,8879.0,8174.0,1124.0,,13336.0,,,,,,,0.503918844274919,0.3923400561999776,0,False,True
Balakan district,district,2019,27.0,,18104.0,16300.0,2685.0,47.0,21158.0,92.0,,62.16,,27.0,92.0,0.3729854219965641,0.3096891431795156,0,False,True
Barda district,district,2019,37.75,,42003.0,39380.0,28783.0,48.0,82618.0,4.7,,46.66,,37.75,4.7,0.6218133560610927,0.5008099372492585,7,False,True
Beylagan district,district,2019,38.65,35.56,28282.0,27890.0,22634.0,19.3,39663.0,7.4,,43.98,,38.65,7.4,0.3842971725240921,0.3334847430610687,0,False,True
Bilasuvar district,district,2019,41.42,,19393.0,18263.0,6289.0,48.0,27165.0,11.1,,46.0,,41.42,11.1,0.4153398581242287,0.358961114818984,0,False,True
Dashkasan district,district,2019,35.29,35.2,10751.0,10639.0,160.0,47.7,22174.0,30.3,41.9,64.31,49.94,35.29,30.3,0.9114736382402873,0.7706397567751804,0,False,True
Fuzuli district,district,2019,34.05,,16120.0,15306.0,6279.0,35.1,28135.0,46.9,,50.0,,34.05,46.9,0.5114653054080572,0.4449083039076015,0,False,False
Gabala district,district,2019,57.74,,22301.0,21729.0,1438.0,5.0,40502.0,5.8,,67.52,,57.74,5.8,0.5029383941389964,0.36436639595312803,0,False,True
Gadabay district,district,2019,,25.0,22072.0,21962.0,24.0,,47483.0,,,,,25.0,,1.0,0.2717245846385934,55,False,True
Gakh district,district,2019,14.31,,12015.0,10940.0,2690.0,48.0,16115.0,,,,,14.31,,0.44018328418267433,0.3651635822043784,0,False,True
Gazakh district,district,2019,28.97,40.73,16457.0,15023.0,4154.0,24.4,32055.0,108.3,95.0,70.0,80.0,28.97,108.3,0.5865046089053938,0.5001795039395935,0,False,True
Gobustan district,district,2019,,28.76,12167.0,12058.0,51.0,,20758.0,,114.2,,68.0,28.76,114.2,0.9999999999999999,0.47992839938049126,1,False,True
Goranboy district,district,2019,10.49,,20520.0,20064.0,14001.0,15.0,42104.0,2.8,,50.14,,10.49,2.8,0.5646879472582033,0.4881749480769483,0,False,True
Goychay district,district,2019,51.51,,18535.0,17247.0,5940.0,40.1,20016.0,10.5,,57.55,,51.51,10.5,0.33590847356521963,0.2870757136797131,0,False,True
Goygol district,district,2019,52.08,,10079.0,9975.0,761.0,46.0,23943.0,49.0,,79.17,,52.08,49.0,0.6794725623317275,0.5447545912050675,0,False,True
Guba district,district,2019,43.58,,24831.0,24672.0,619.0,45.7,41820.0,25.2,,54.43,,43.58,25.2,0.45633563244821507,0.2732616674555087,0,False,True
Gubadli district,district,2019,33.02,,503.0,503.0,26.0,47.0,779.0,141.3,,79.98,,33.02,141.3,10.020467078472159,1.0,200,True,False
Gusar district,district,2019,66.3,,18446.0,18443.0,5530.0,48.0,28914.0,0.6,,106.13,,66.3,0.6,0.4350565981959538,0.3735983090383409,0,False,True
Hajigabul district,district,2019,,86.67,15311.0,14594.0,2806.0,,19773.0,,22.6,,83.51,86.67,22.6,0.392798689993225,0.32773011891658194,0,False,True
Imishli district,district,2019,40.0,,40692.0,38754.0,17271.0,49.0,50085.0,13.1,,54.93,,40.0,13.1,0.3453404122540274,0.29341951156346624,0,False,True
Ismayilli district,district,2019,77.46,61.79,24125.0,23847.0,1092.0,48.0,36391.0,,23.4,54.27,79.72,77.46,23.4,0.41505859569486914,0.29676502021926054,0,False,True
Jabrayil district,district,2019,,,4186.0,4178.0,948.0,,8321.0,,,,,,,0.6850152575864785,0.46543256544710143,0,False,False
Jalilabad district,district,2019,15.31,,48289.0,47288.0,148.0,18.4,75524.0,150.0,,50.0,,15.31,150.0,1.0000000000000004,0.8652897717075734,77,False,True
Julfa district,district,2019,,,7884.0,7624.0,352.0,,9894.0,,,,,,,0.7143540103648612,0.6258960990194316,0,False,True
Kalbajar district,district,2019,,39.88,12417.0,11958.0,159.0,,17210.0,,40.0,,70.0,39.88,40.0,0.8028590608852231,0.6595364962311682,0,False,False
Kangarli district,district,2019,,,6257.0,6257.0,2684.0,,9072.0,,,,,,,0.487491810687209,0.36116127911507,0,False,True
Khachmaz district,district,2019,58.36,,25735.0,24966.0,4789.0,2.6,69035.0,11.5,,92.58,,58.36,11.5,0.96386286300407,0.7450447527386725,0,False,True
Khizi district,district,2019,52.62,,4864.0,4815.0,297.0,48.0,6845.0,,,44.76,,52.62,,0.9325238858929936,0.8056561538473253,0,False,True
Khojavand district,district,2019,,,1014.0,1014.0,416.0,,2541.0,,,,,,,1.3936914839018706,0.4691866255646029,14,False,False
Kurdamir district,district,2019,47.52,32.67,33154.0,28881.0,10234.0,48.4,44842.0,12.4,57.3,54.96,52.36,47.52,12.4,0.41605881311020604,0.3522890680486592,0,False,True
Lachin district,district,2019,,,14679.0,13645.0,1224.0,,15374.0,,,,,,,0.3393088438097755,0.2615680688476978,0,False,False
Lankaran district,district,2019,41.37,41.43,24316.0,23866.0,522.0,49.4,34785.0,6.1,5.1,44.12,43.76,41.37,6.1,0.3986555811106251,0.2504436413538491,0,False,True
Lerik district,district,2019,34.92,41.71,17040.0,16998.0,309.0,47.6,23521.0,105.1,,72.79,,34.92,105.1,0.5445888794304773,0.45036755458922073,0,False,True
Masalli district,district,2019,,,36628.0,35200.0,2963.0,,49249.0,,,,,,,0.37275098681512003,0.2522957911103905,0,False,True
Neftchala district,district,2019,16.5,16.15,21030.0,20017.0,9519.0,46.7,31151.0,120.7,98.4,40.49,51.58,16.5,120.7,0.42885876441972126,0.37427198020762964,0,False,True
Oghuz district,district,2019,40.0,40.74,10443.0,10190.0,1849.0,49.2,14374.0,37.8,54.8,60.0,65.0,40.0,37.8,0.42975597289822,0.34521588627145483,0,False,True
Ordubad district,district,2019,,,5233.0,5136.0,669.0,,6035.0,,,,,,,0.5093259074134044,0.32060848560843924,0,False,True
Saatli district,district,2019,29.8,32.65,32307.0,31701.0,12993.0,48.2,41870.0,67.2,15.9,50.0,50.0,29.8,67.2,0.35554857935900874,0.3044474655094866,0,False,True
Sabirabad district,district,2019,5.16,,61331.0,57022.0,23872.0,6.9,118812.0,26.2,,72.43,,5.16,26.2,0.828204707393847,0.7175171237715023,26,False,True
Sadarak district,district,2019,,,1746.0,1240.0,374.0,,1850.0,,,,,,,0.9999999999999998,0.02183415246892051,1,False,True
Salyan district,district,2019,48.25,16.95,33324.0,32205.0,22352.0,48.0,50030.0,11.9,106.8,54.0,42.12,48.25,11.9,0.41498371498536635,0.35496818650469053,0,False,True
Samukh district,district,2019,45.64,50.48,12222.0,11414.0,7074.0,47.0,31359.0,36.0,59.2,62.09,79.74,45.64,36.0,0.7566674518888608,0.6656957187308207,0,False,True
Shabran district,district,2019,164.23,30.0,11933.0,10724.0,686.0,48.1,15060.0,22.0,,98.57,,,22.0,0.4396510139198225,0.3286353505490648,0,False,True
Shahbuz district,district,2019,,,11796.0,11796.0,218.0,,15301.0,,,,,,,0.7258690995790678,0.623515496096999,0,False,True
Shaki district,district,2019,36.96,34.36,35648.0,30954.0,4644.0,48.0,59121.0,37.4,37.9,69.44,61.54,36.96,37.4,0.567686714117245,0.4151316791388978,0,False,True
Shamakhi district,district,2019,38.5,75.63,14631.0,14340.0,722.0,41.0,29483.0,,40.7,,74.44,38.5,40.7,0.5694820081164864,0.4313049425479675,0,False,True
Shamkir district,district,2019,14.83,,27668.0,27260.0,9882.0,42.6,51109.0,89.9,,66.6,,14.83,89.9,0.5037717914928831,0.42426670977088043,0,False,True
Sharur district,district,2019,,,21998.0,21256.0,8129.0,,28708.0,,,,,,,0.3750523966728436,0.32545631395657,0,False,True
Shusha district,district,2019,,,2383.0,2343.0,352.0,,1994.0,,,,,,,0.9740897863507657,0.5424976902492873,0,False,False
Siyazan district,district,2019,,52.77,6744.0,6520.0,466.0,,13445.0,,32.6,,70.0,52.77,32.6,0.6633717334010518,0.4982536363940573,0,False,True
Tartar district,district,2019,26.66,,12535.0,12471.0,7541.0,44.7,22441.0,44.7,,30.0,,26.66,44.7,0.5132911380572354,0.44795691251113023,0,False,True
Tovuz district,district,2019,55.36,,18373.0,17779.0,3700.0,46.4,37232.0,22.1,,70.0,,55.36,22.1,0.568575502992563,0.4702337343539189,0,False,True
Ujar district,district,2019,,,33238.0,24094.0,9496.0,,64181.0,,,,,,,0.7551408168826611,0.6327259117702504,0,False,True
Yevlakh district,district,2019,25.98,18.79,28427.0,24922.0,16167.0,51.4,37187.0,168.0,109.3,69.68,54.41,25.98,168.0,0.4051610768099253,0.3528421016238656,0,False,True
Zagatala district,district,2019,34.87,49.7,29410.0,27250.0,8260.0,48.1,43658.0,50.0,19.3,60.0,62.45,34.87,50.0,0.4300703890808536,0.36075754204661603,0,False,True
Zangilan district,district,2019,,,631.0,631.0,60.0,,360.0,,,,,,,5.213376121037456,1.0,200,True,False
Zardab district,district,2019,21.74,29.98,22885.0,21454.0,20611.0,47.8,31958.0,79.6,49.1,40.0,50.7,21.74,79.6,0.40956209219820705,0.36013251732254187,0,False,True
Absheron district,district,2020,20.18,45.35,13155.0,13155.0,187.3,26.2,49719.0,4.9,9.8,56.72,40.04,20.18,4.9,1.0000000000000004,0.4523521906960679,12,False,True
Agdash district,district,2020,30.0,,32509.0,24291.0,9449.0,48.0,59319.0,83.63,,55.0,,30.0,83.63,0.6704945836722983,0.5585503194375122,0,False,True
Aghdam district,district,2020,12.13,,19577.0,19484.0,10002.2,2.1,38843.0,31.5,,65.16,,12.13,31.5,0.536429935824347,0.4598240223553166,0,False,False
Aghjabadi district,district,2020,30.85,,41702.0,38251.0,23783.9,5.4,126642.0,44.5,,44.97,,30.85,44.5,1.0000000000000366,0.8656200345009435,70,False,True
Aghstafa district,district,2020,35.96,,11954.0,9712.0,5214.0,7.1,17317.0,122.4,,80.0,,35.96,122.4,0.5252856539847346,0.42873078736360226,0,False,True
Aghsu district,district,2020,63.19,,18622.0,16510.0,842.6,19.2,31187.0,4.5,,66.0,,63.19,4.5,0.517802765536998,0.3937878288454537,0,False,True
Astara district,district,2020,33.07,,19866.0,19602.0,1319.2,22.7,27352.0,24.2,,43.32,,33.07,24.2,0.38749848094390904,0.30143403565301485,0,False,True
Babak district,district,2020,,,9021.0,8275.0,1107.6,,13621.0,,,,,,,0.505491709241755,0.3682995273351021,0,False,True
Balakan district,district,2020,27.0,,18214.0,16469.0,3096.0,47.0,21690.0,85.2,,50.0,,27.0,85.2,0.3757648363548849,0.30301236464107073,0,False,True
Barda district,district,2020,14.0,,41945.0,39321.0,28981.0,11.5,89962.0,197.8,,41.69,,14.0,197.8,0.6684522619773663,0.5160478589180427,11,False,True
Beylagan district,district,2020,4.29,27.01,28356.0,28148.0,22890.5,45.4,39796.0,,22.1,,,4.29,22.1,0.3797309340700772,0.3270280022568443,0,False,True
Bilasuvar district,district,2020,72.88,,19525.0,18397.0,6404.3,48.0,27202.0,55.1,,47.99,,72.88,55.1,0.4108530274747394,0.3471916300260188,0,False,True
Dashkasan district,district,2020,126.68,35.0,11657.0,11539.0,160.0,26.7,22054.0,17.4,42.7,83.08,49.94,126.68,17.4,0.9203080895730977,0.8203043158173773,0,False,True
Fuzuli district,district,2020,32.23,,16228.0,15350.0,6957.0,32.1,28293.0,55.1,,50.0,,32.23,55.1,0.5100734931534161,0.435592674850351,0,False,False
Gabala district,district,2020,30.84,,21858.0,21314.0,1396.7,35.5,41283.0,82.5,,73.0,,30.84,82.5,0.5188259354866642,0.36374537585558187,0,False,True
Gadabay district,district,2020,,,22120.0,22001.0,30.0,,47512.0,,,,,,,1.0,0.4924546437777242,38,False,True
Gakh district,district,2020,50.63,,12145.0,11047.0,2146.0,11.9,16116.0,,,,,50.63,,0.43478492878069946,0.33618803804644914,0,False,True
Gazakh district,district,2020,30.7,31.81,16384.0,15008.0,8353.0,48.0,31917.0,66.2,62.1,60.0,65.85,30.7,66.2,0.5817139592526721,0.5020339310443678,0,False,True
Gobustan district,district,2020,,,13108.0,12988.0,27.0,,21083.0,,138.8,,78.85,,138.8,1.0000000000000002,0.8051923480815557,8,False,True
Goranboy district,district,2020,10.46,,20601.0,20167.0,15458.0,15.0,42237.0,2.8,,50.03,,10.46,2.8,0.5600917339587368,0.4805262852574498,0,False,True
Goychay district,district,2020,51.32,,17824.0,16596.0,6067.0,40.2,19900.0,21.8,,52.79,,51.32,21.8,0.346081684599323,0.28494600899250605,0,False,True
Goygol district,district,2020,58.12,,10092.0,9972.0,545.0,43.1,23937.0,60.8,,72.83,,58.12,60.8,0.6765901126691659,0.5074420720242483,0,False,True
Guba district,district,2020,43.69,,24919.0,24820.0,673.0,45.6,42390.0,27.3,,55.01,,43.69,27.3,0.45662359860176766,0.2219858757240386,0,False,True
Gubadli district,district,2020,33.15,,717.0,717.0,23.2,46.9,779.0,141.5,,79.98,,33.15,141.5,10.398594725013709,1.0,200,True,False
Gusar district,district,2020,23.69,,18697.0,18693.0,5843.0,48.0,30931.0,11.7,,42.5,,23.69,11.7,0.45392904193649286,0.38366283563119064,0,False,True
Hajigabul district,district,2020,,81.23,15248.0,14661.0,3083.8,,27226.0,,20.8,,76.15,81.23,20.8,0.515955820119653,0.426157679036817,0,False,True
Imishli district,district,2020,45.66,,40725.0,38717.0,17539.1,49.2,50307.0,30.1,,66.54,,45.66,30.1,0.34472800102884593,0.28994681102578546,0,False,True
Ismayilli district,district,2020,39.1,64.1,22226.0,21939.0,952.5,50.1,36498.0,67.6,18.0,64.62,79.09,39.1,67.6,0.4498362611033641,0.31550419071458724,0,False,True
Jabrayil district,district,2020,,,4298.0,4290.0,1275.0,,8572.0,,,,,,,0.6825242848070018,0.429076296208422,0,False,False
Jalilabad district,district,2020,94.0,,48280.0,47534.0,148.0,86.0,74009.0,,,,,94.0,,1.0000000000000002,0.8620931569977637,73,False,True
Julfa district,district,2020,,,8014.0,7738.0,416.0,,10084.0,,,,,,,0.7471628251564353,0.6695863607470427,0,False,True
Kalbajar district,district,2020,,50.0,12521.0,12294.0,171.0,,17348.0,,,,,50.0,,0.8270444048177102,0.7339434115474031,0,False,False
Kangarli district,district,2020,,,6334.0,6334.0,2599.0,,9226.0,,,,,,,0.4879348022711082,0.3265204126153928,0,False,True
Khachmaz district,district,2020,53.52,,26205.0,25475.0,4756.6,2.5,71902.0,23.5,,67.87,,53.52,23.5,0.9999999999999981,0.7694525944010684,0,False,True
Khizi district,district,2020,19.67,,4866.0,4837.0,375.0,48.0,6728.0,40.5,,46.57,,19.67,40.5,0.9424995559093786,0.8243790617318858,0,False,True
Khojavand district,district,2020,,,1040.0,1040.0,399.4,,2591.0,,,,,,,1.3860274017759155,0.3852204492123428,21,False,False
Kurdamir district,district,2020,48.65,38.13,32580.0,28832.0,10265.5,48.5,44894.0,10.2,31.2,54.82,51.49,48.65,10.2,0.4146698063325923,0.34839937057070014,0,False,True
Lachin district,district,2020,,,14433.0,13508.0,910.2,,15180.0,,,,,,,0.3968017183988508,0.3246040909307847,0,False,False
Lankaran district,district,2020,44.33,54.02,24510.0,24075.0,456.0,49.3,34936.0,3.9,14.2,46.07,61.67,44.33,3.9,0.4545856566138659,0.3022967958233572,0,False,True
Lerik district,district,2020,37.93,,17349.0,17298.0,301.0,48.0,23653.0,112.0,,76.68,,37.93,112.0,0.5891762224225169,0.5129457713632564,0,False,True
Masalli district,district,2020,,,36621.0,35150.0,3075.6,,49463.0,,,,,,,0.37244301342540825,0.23981229939154947,0,False,True
Neftchala district,district,2020,16.5,16.15,21127.0,20216.0,11282.8,46.7,31180.0,133.8,83.8,79.42,80.0,16.5,133.8,0.42279302674888586,0.3647138041796568,0,False,True
Oghuz district,district,2020,40.0,,10434.0,10201.0,1339.0,48.0,14352.0,75.0,54.8,70.0,65.0,40.0,75.0,0.42786313916319924,0.3155391396376923,0,False,True
Ordubad district,district,2020,,,5420.0,5319.0,730.0,,6178.0,,,,,,,0.5747859362516988,0.39700432067976,0,False,True
Saatli district,district,2020,29.92,32.65,32354.0,31782.0,13838.0,48.2,41877.0,48.8,31.2,50.0,50.0,29.92,48.8,0.3525861498307846,0.29969686685143593,0,False,True
Sabirabad district,district,2020,5.22,,61607.0,58923.0,22374.0,7.1,118771.0,92.0,,58.41,,5.22,92.0,0.9050357658845959,0.7982712197444042,28,False,True
Sadarak district,district,2020,,,1784.0,1265.0,481.0,,1881.0,,,,,,,1.0000000000000002,0.0,3,False,True
Salyan district,district,2020,35.45,29.2,33329.0,32268.0,22249.0,48.0,50487.0,8.1,69.9,37.59,50.0,35.45,8.1,0.41544436328742157,0.3518861468149873,0,False,True
Samukh district,district,2020,48.41,48.0,11872.0,11075.0,8110.0,47.0,31367.0,46.9,40.6,71.13,67.48,48.41,46.9,0.775951435794813,0.675358351444186,0,False,True
Shabran district,district,2020,47.83,48.0,11977.0,10760.0,679.4,48.0,15167.0,66.5,,75.41,,47.83,66.5,0.5170247467627749,0.43341813987427946,0,False,True
Shahbuz district,district,2020,,,11957.0,11957.0,367.0,,15578.0,,,,,,,0.6587981378524619,0.5944652282528335,0,False,True
Shaki district,district,2020,22.7,37.49,34914.0,30478.0,4042.0,48.0,60678.0,37.5,56.4,69.85,72.87,22.7,37.5,0.6251800774406103,0.44814133702834524,0,False,True
Shamakhi district,district,2020,38.7,76.77,14720.0,14434.0,806.0,41.0,33256.0,,40.5,,74.52,38.7,40.5,0.6279040996655497,0.48241517503408693,0,False,True
Shamkir district,district,2020,15.76,,27827.0,27377.0,10374.5,42.0,52234.0,,,63.46,,15.76,,0.5104837834866688,0.4266393174365448,0,False,True
Sharur district,district,2020,,,22336.0,21568.0,6788.3,,29294.0,,,,,,,0.3745560018152274,0.3160972364654143,0,False,True
Shusha district,district,2020,,,2399.0,2356.0,236.5,,2027.0,,,,,,,1.6170977249891243,1.0,0,False,False
Siyazan district,district,2020,,41.36,7036.0,6797.0,468.0,,13450.0,,69.3,,70.0,41.36,69.3,0.7659140865326093,0.649639883833519,0,False,True
Tartar district,district,2020,26.21,14.86,12439.0,12362.0,8110.5,38.9,22065.0,21.3,102.2,30.16,30.0,26.21,21.3,0.5081440124942284,0.43053213363748977,0,False,True
Tovuz district,district,2020,59.2,,18402.0,17801.0,3416.0,47.1,38134.0,,,,,59.2,,0.5772473972773866,0.4743647335224941,0,False,True
Ujar district,district,2020,,,33286.0,26946.0,10095.0,,68873.0,,,,,,,0.7201054123417506,0.5699676112834555,0,False,True
Yardimli district,district,2020,33.8,39.0,14832.0,14768.0,3.0,41.9,24373.0,9.5,13.4,70.0,70.0,33.8,9.5,1.0,0.8889708079787191,72,False,True
Yevlakh district,district,2020,25.81,26.02,28450.0,25005.0,16442.5,49.1,37243.0,155.2,159.6,65.86,67.5,25.81,155.2,0.4020845983401684,0.3471968907554796,0,False,True
Zagatala district,district,2020,40.0,49.77,29376.0,27389.0,8275.0,48.0,43699.0,3.8,15.5,60.0,62.95,40.0,3.8,0.42567256840345963,0.354949521714669,0,False,True
Zangilan district,district,2020,,,797.0,797.0,63.5,,331.0,,,,,,,5.616344790524011,1.0,200,True,False
Zardab district,district,2020,43.0,41.05,22909.0,21487.0,17514.3,34.5,31960.0,16.3,10.9,50.0,50.9,43.0,16.3,0.40680647038707357,0.35394795935137313,0,False,True
Absheron district,district,2021,89.04,40.94,13151.0,13151.0,298.3,21.1,50370.0,6.8,10.2,74.77,48.35,89.04,6.8,1.0,0.5987470544096973,8,False,True
Agdash district,district,2021,31.0,,31997.0,24476.0,9931.0,48.0,60772.0,93.5,,60.0,,31.0,93.5,0.6776486990967517,0.5687038159774576,0,False,True
Aghdam district,district,2021,6.31,,20124.0,20028.0,10440.1,3.4,40211.0,19.4,,47.76,,6.31,19.4,0.5422628488079876,0.4771239890102854,0,False,False
Aghjabadi district,district,2021,31.11,,41658.0,38467.0,24753.5,4.9,127030.0,42.6,,46.59,,31.11,42.6,0.9999999999999999,0.8769484167265211,62,False,True
Aghstafa district,district,2021,7.4,,11965.0,9717.0,5058.0,54.4,17370.0,75.0,,80.0,,7.4,75.0,0.5876770331007392,0.5194861988553382,0,False,True
Aghsu district,district,2021,70.77,39.42,18895.0,16857.0,886.2,32.3,31531.0,7.0,59.0,75.69,60.0,70.77,7.0,0.5446290474135163,0.4629456360919538,0,False,True
Astara district,district,2021,32.62,,19993.0,19785.0,1349.4,23.0,27626.0,21.1,,41.1,,32.62,21.1,0.4199468251647713,0.36424127805828194,0,False,True
Babak district,district,2021,,,9127.0,8365.0,1607.0,,13852.0,,,,,,,0.6103696876295197,0.5301775675994116,0,False,True
Balakan district,district,2021,27.0,,17404.0,15682.0,2986.0,47.0,21929.0,85.2,,50.0,,27.0,85.2,0.42968881001791004,0.3729724305589635,0,False,True
Barda district,district,2021,38.28,,43805.0,41443.0,29431.0,36.2,86540.0,77.0,,67.8,,38.28,77.0,0.6055470692322094,0.4735543833335033,5,False,True
Beylagan district,district,2021,4.31,28.46,28463.0,28346.0,23809.0,66.3,39899.0,62.3,,40.06,,4.31,62.3,0.3806566496448968,0.33733636086420776,0,False,True
Bilasuvar district,district,2021,95.84,,19586.0,18572.0,7288.3,48.0,27376.0,,,59.73,,95.84,,0.42895328101986857,0.38243646953908406,0,False,True
Fuzuli district,district,2021,31.25,,16227.0,15349.0,6721.0,30.6,28599.0,36.4,,44.73,,31.25,36.4,0.5369907708009019,0.4800514233000802,0,False,False
Gabala district,district,2021,39.29,,21301.0,20924.0,1174.5,54.0,40892.0,12.9,,64.93,,39.29,12.9,0.5263805234108498,0.4148329458976846,0,False,True
Gadabay district,district,2021,,,22578.0,22499.0,40.4,,47618.0,,,,,,,0.9999999999999999,0.3792870810114204,22,False,True
Gakh district,district,2021,37.42,,12383.0,11290.0,2022.0,24.8,16210.0,32.1,,81.12,,37.42,32.1,0.4926100573269754,0.42625090246390773,0,False,True
Gazakh district,district,2021,34.0,38.22,16179.0,14873.0,4767.1,48.0,31848.0,81.8,103.8,60.0,64.69,34.0,81.8,0.6034308174603796,0.533762401076028,0,False,True
Gobustan district,district,2021,,33.0,13241.0,13121.0,36.0,,22436.0,,135.4,,71.97,33.0,135.4,1.0,0.4511296672270695,14,False,True
Goranboy district,district,2021,10.31,,20387.0,19932.0,15505.0,16.1,43060.0,1.5,,33.51,,10.31,1.5,0.5771025061131749,0.5049726815576604,0,False,True
Goychay district,district,2021,32.06,,18204.0,16997.0,6067.0,47.4,19941.0,49.8,,63.16,,32.06,49.8,0.3700737550577386,0.3266357227875884,0,False,True
Goygol district,district,2021,55.66,16.14,9817.0,9726.0,498.5,41.2,24174.0,44.5,45.5,72.57,80.0,55.66,44.5,0.8016547567900469,0.7067557574162439,0,False,True
Guba district,district,2021,43.12,,24858.0,24755.0,643.0,46.8,42668.0,32.2,,56.52,,43.12,32.2,0.4688118691831602,0.30423613701896024,0,False,True
Gubadli district,district,2021,35.19,,839.0,839.0,24.8,46.9,1114.0,141.5,,85.02,,35.19,141.5,7.7761212689482715,1.0,200,True,False
Gusar district,district,2021,15.36,,18727.0,18723.0,4097.0,48.0,30933.0,,,83.46,,15.36,,0.4683288256874907,0.4093835628220722,0,False,True
Hajigabul district,district,2021,,88.42,15129.0,14740.0,3632.8,,27375.0,,28.9,,84.54,88.42,28.9,0.5404541970232799,0.47545778318191545,0,False,True
Imishli district,district,2021,49.98,,40782.0,38913.0,18616.7,50.6,50378.0,41.6,,77.9,,49.98,41.6,0.33802692928572936,0.2863059064397889,0,False,True
Ismayilli district,district,2021,45.98,67.91,20136.0,19897.0,741.0,50.6,36558.0,43.2,12.6,59.87,78.82,45.98,43.2,0.5173656192522244,0.4201898355401089,0,False,True
Jabrayil district,district,2021,,,4321.0,4313.0,1371.0,,8709.0,,,,,,,0.8865950653440623,0.7171611058946077,0,False,False
Jalilabad district,district,2021,,,48101.0,47491.0,159.0,,73900.0,,,,,,,1.0000000000000004,0.8690577750906174,71,False,True
Julfa district,district,2021,,,8126.0,7839.0,1768.0,,10205.0,,,,,,,0.5575106854744618,0.4737080997123324,0,False,True
Kalbajar district,district,2021,,,16724.0,16401.0,116.2,,18522.0,,,,,,,0.6874744404531637,0.3169951270936724,0,False,False
Kangarli district,district,2021,,,6423.0,6423.0,2898.0,,9325.0,,,,,,,0.606654789624944,0.49693436883618736,0,False,True
Khachmaz district,district,2021,82.31,,26065.0,25271.0,4443.6,24.4,74902.0,21.7,,64.07,,82.31,21.7,0.9999999999999999,0.6811314600392901,4,False,True
Khizi district,district,2021,80.0,,4561.0,4541.0,240.0,48.0,7057.0,,,68.68,,80.0,,0.9999999999999997,0.6993343800325615,0,False,True
Khojavand district,district,2021,,,1086.0,1086.0,421.6,,2716.0,,,,,,,2.631625712209105,1.0,11,False,False
Kurdamir district,district,2021,48.76,38.36,32790.0,29305.0,9269.0,48.4,46468.0,15.1,30.1,56.09,51.46,48.76,15.1,0.4187412470360904,0.35530892985571544,0,False,True
Lachin district,district,2021,,,18852.0,17919.0,752.2,,15117.0,,,,,,,0.3424290705761569,0.264055114520625,0,False,False
Lankaran district,district,2021,53.73,56.3,24765.0,24407.0,441.0,49.3,35210.0,10.0,7.7,64.61,60.99,53.73,10.0,0.48140508650559904,0.3509691976073327,0,False,True
Lerik district,district,2021,40.41,,17168.0,17118.0,527.2,58.4,23961.0,17.0,,24.71,,40.41,17.0,0.47743895274283454,0.3724395490340353,0,False,True
Masalli district,district,2021,,,36714.0,35206.0,3338.7,,49563.0,,75.1,,35.0,,75.1,0.36837598479996203,0.2736688109940927,0,False,True
Neftchala district,district,2021,19.55,16.4,22452.0,21582.0,11311.5,46.7,31696.0,138.8,100.0,73.4,75.11,19.55,138.8,0.41425979795448087,0.37159857751290637,0,False,True
Oghuz district,district,2021,40.0,40.0,10349.0,10111.0,1138.0,48.0,14236.0,100.2,54.8,80.07,61.99,40.0,100.2,0.5502541986958371,0.48718071360941473,0,False,True
Ordubad district,district,2021,,,5489.0,5380.0,900.0,,6323.0,,,,,,,0.7329451178092344,0.5901120706897446,0,False,True
Saatli district,district,2021,30.44,32.65,32464.0,31941.0,15547.6,48.0,41884.0,38.4,15.9,56.35,50.0,30.44,38.4,0.3518253430351319,0.3071465503927201,0,False,True
Sabirabad district,district,2021,6.03,,61874.0,60095.0,23062.0,6.8,121761.0,94.9,,61.66,,6.03,94.9,0.9675838225627439,0.8680600261829416,22,False,True
Sadarak district,district,2021,,,2752.0,2224.0,1437.0,,1907.0,,,,,,,1.0,0.5304398341872059,0,False,True
Salyan district,district,2021,62.28,32.84,33331.0,32344.0,20925.0,48.0,50606.0,15.9,50.8,72.18,52.53,62.28,15.9,0.40900742113591176,0.3478210109531836,0,False,True
Samukh district,district,2021,47.84,64.9,11470.0,10672.0,8542.5,47.0,32547.0,24.2,23.3,58.69,80.0,47.84,24.2,0.8557375151435491,0.7778358872780564,0,False,True
Shabran district,district,2021,59.76,53.0,11957.0,10765.0,720.9,48.0,15252.0,29.1,,66.46,,59.76,29.1,0.5580629211906805,0.48651626099956846,0,False,True
Shahbuz district,district,2021,,,12107.0,12107.0,495.0,,15767.0,,,,,,,0.5176805499671164,0.39940949660815683,0,False,True
Shaki district,district,2021,22.83,36.66,32721.0,29275.0,4120.0,48.0,61638.0,20.1,59.9,84.09,61.18,22.83,20.1,0.6254190532288699,0.4606245070147045,0,False,True
Shamakhi district,district,2021,39.0,35.17,14285.0,13955.0,564.0,38.0,37477.0,,55.6,,70.0,39.0,55.6,0.7478856980254589,0.6130130469327214,0,False,True
Shamkir district,district,2021,18.65,,27855.0,27356.0,10603.0,44.2,53435.0,86.8,,63.88,,18.65,86.8,0.5177356948246554,0.4358450162633566,0,False,True
Sharur district,district,2021,,,21652.0,20866.0,6409.6,,29694.0,,,,,,,0.40684185094311764,0.35985232190427824,0,False,True
Shusha district,district,2021,,,2413.0,2376.0,231.9,,2033.0,,,,,,,1.7719538710817344,1.0,0,False,False
Siyazan district,district,2021,,47.13,6943.0,6701.0,422.0,,14002.0,,114.3,,88.42,47.13,114.3,0.8651308690280439,0.747695944661903,0,False,True
Tartar district,district,2021,22.74,24.33,12715.0,12680.0,9026.2,39.9,22419.0,32.7,100.0,43.12,30.0,22.74,32.7,0.5401309698621437,0.4861901024656117,0,False,True
Tovuz district,district,2021,60.0,,17962.0,17379.0,3325.0,27.0,38668.0,,,,,60.0,,0.6048989364801959,0.5194970751440989,0,False,True
Ujar district,district,2021,,,33305.0,31107.0,9310.0,,69563.0,,,,,,,0.6420809066931158,0.5081163000230728,0,False,True
Yevlakh district,district,2021,25.84,26.03,30461.0,26493.0,16580.0,59.0,37352.0,145.8,161.7,59.3,62.72,25.84,145.8,0.385604454392721,0.34440280752125174,0,False,True
Zagatala district,district,2021,50.0,49.1,28935.0,26972.0,8275.0,48.0,43857.0,11.3,30.2,50.07,76.82,50.0,11.3,0.4331346404123439,0.37067458421162264,0,False,True
Zangilan district,district,2021,,,853.0,853.0,66.5,,481.0,,,,,,,5.09875532019455,1.0,200,True,False
Zardab district,district,2021,32.09,43.01,22919.0,21760.0,17440.0,34.5,31963.0,55.8,10.1,50.0,50.63,32.09,55.8,0.41363767052123496,0.3760084133588792,0,False,True
Absheron district,district,2022,76.13,43.36,14030.0,14030.0,159.8,17.1,51186.0,29.5,8.6,89.58,49.02,76.13,29.5,1.0000000000000002,0.6073824750201298,15,False,True
Agdash district,district,2022,55.0,,32866.0,26116.0,10572.0,48.0,63608.0,,,65.0,,55.0,,0.6923586446591576,0.5827154192050816,2,False,True
Aghdam district,district,2022,7.59,,20707.0,20612.0,10476.3,4.1,41823.0,48.2,,66.7,,7.59,48.2,0.57206210535111,0.5146820753404817,0,False,False
Aghjabadi district,district,2022,31.12,,45366.0,42610.0,24966.0,4.9,138810.0,38.9,,21.53,,31.12,38.9,1.0000000000000002,0.8616580700227425,84,False,True
Aghstafa district,district,2022,14.46,,12018.0,9763.0,4730.5,54.4,17621.0,75.0,,80.0,,14.46,75.0,0.6150509709251573,0.5416127639612544,0,False,True
Aghsu district,district,2022,74.44,41.42,18906.0,16880.0,980.8,32.3,31120.0,5.9,44.8,78.82,60.0,74.44,5.9,0.5551144269380865,0.47355392908454674,0,False,True
Astara district,district,2022,32.16,,19819.0,19601.0,1307.8,23.2,27896.0,22.5,,41.08,,32.16,22.5,0.44242610114206293,0.3817266098460447,0,False,True
Babak district,district,2022,,,9246.0,8475.0,1386.0,,14087.0,,,,,,,0.6365203322228301,0.5488227658166327,0,False,True
Balakan district,district,2022,43.02,,13739.0,12486.0,2968.0,47.0,22180.0,86.0,,80.0,,43.02,86.0,0.568218910052553,0.4977362799140863,0,False,True
Barda district,district,2022,48.08,,46270.0,44064.0,27864.0,33.4,93292.0,34.0,,64.41,,48.08,34.0,0.6300735342187298,0.48499322668488765,21,False,True
Beylagan district,district,2022,,28.46,28420.0,28314.0,23570.5,,39925.0,,,,,28.46,,0.4004216959841988,0.3632314960900391,0,False,True
Bilasuvar district,district,2022,72.76,,19603.0,18681.0,7635.2,48.0,27472.0,13.0,,70.87,,72.76,13.0,0.4475176577028945,0.4014852061514522,0,False,True
Fuzuli district,district,2022,29.49,,16289.0,15412.0,6928.0,33.5,28747.0,120.4,,65.0,,29.49,120.4,0.5622193594938112,0.5063647641757472,0,False,False
Gabala district,district,2022,51.81,,20192.0,19865.0,1035.0,54.5,40129.0,18.4,,75.0,,51.81,18.4,0.5731847714519402,0.48096686055365023,0,False,True
Gadabay district,district,2022,,,21182.0,21085.0,10.0,,47914.0,,,,,,,0.9999999999999999,0.8900777486037859,77,False,True
Gakh district,district,2022,14.8,,11311.0,10397.0,1728.2,26.2,16370.0,43.5,,76.46,,14.8,43.5,0.5501748109753825,0.4652207847849148,0,False,True
Gazakh district,district,2022,39.34,31.5,16069.0,14852.0,4782.0,48.0,31787.0,77.8,96.4,80.0,67.68,39.34,77.8,0.6323577040378664,0.5661505465990666,0,False,True
Gobustan district,district,2022,,31.65,11306.0,11178.0,27.0,,22728.0,,127.9,,71.19,31.65,127.9,1.0,0.6869828698916409,28,False,True
Goranboy district,district,2022,10.1,,20401.0,20006.0,14896.5,14.3,43094.0,2.2,,40.23,,10.1,2.2,0.6045803827078036,0.5450391948914445,0,False,True
Goychay district,district,2022,36.75,,17856.0,16647.0,6079.0,47.1,19840.0,42.9,,65.68,,36.75,42.9,0.39258104534110455,0.345753371785517,0,False,True
Goygol district,district,2022,35.75,16.9,9764.0,9680.0,417.5,40.5,24220.0,44.8,45.5,68.89,80.0,35.75,44.8,0.8888168961382459,0.7871786898069005,0,False,True
Guba district,district,2022,37.8,,24691.0,24582.0,640.0,45.4,42718.0,71.3,,64.77,,37.8,71.3,0.4913176825238508,0.3675257620113441,0,False,True
Gubadli district,district,2022,36.74,,975.0,975.0,11.0,46.9,1292.0,141.8,,88.78,,36.74,141.8,10.413037213471558,1.0,200,True,False
Gusar district,district,2022,63.58,,17001.0,16997.0,3566.0,48.0,32197.0,14.5,,80.19,,63.58,14.5,0.5583224087761879,0.49417311761859306,0,False,True
Hajigabul district,district,2022,,88.27,15010.0,14644.0,3621.0,,27084.0,,18.7,,95.07,88.27,18.7,0.5645525890491051,0.49953017181307857,0,False,True
Imishli district,district,2022,50.72,52.0,41076.0,39485.0,18971.3,49.8,50379.0,45.6,33.9,82.81,75.0,50.72,45.6,0.35043812903264027,0.3068197124794396,0,False,True
Ismayilli district,district,2022,49.02,71.01,19328.0,19088.0,500.0,53.4,36594.0,21.8,9.1,61.83,79.51,49.02,21.8,0.5755052033275443,0.45989394273329764,0,False,True
Jabrayil district,district,2022,,,4270.0,4264.0,1455.0,,8915.0,,,,,,,0.9200686724204467,0.7424539531528966,0,False,False
Jalilabad district,district,2022,,,48876.0,48229.0,197.0,,73920.0,,,,,,,1.0000000000000002,0.8636255753878441,66,False,True
Julfa district,district,2022,,,8215.0,7924.0,1679.0,,10347.0,,,,,,,0.5703335031575837,0.4815593383555412,0,False,True
Kalbajar district,district,2022,,,18879.0,18563.0,90.0,,20174.0,,,,,,,0.5859296994734058,0.22635409229846637,0,False,False
Kangarli district,district,2022,,,6498.0,6498.0,2929.0,,9457.0,,,,,,,0.6236938832431284,0.5147405464194237,0,False,True
Khachmaz district,district,2022,80.4,,26129.0,25429.0,3558.6,33.4,78806.0,25.5,,88.76,,80.4,25.5,1.0000000000000002,0.6329331684508737,11,False,True
Khizi district,district,2022,80.0,,4542.0,4514.0,596.0,48.0,6985.0,,,,,80.0,,1.0000000000000004,0.826436352278755,0,False,True
Khojavand district,district,2022,,,1091.0,1026.0,390.9,,2890.0,,,,,,,2.8080472846905993,1.0,20,False,False
Kurdamir district,district,2022,51.7,46.19,31102.0,28058.0,8888.0,48.4,47734.0,5.1,18.8,60.21,56.64,51.7,5.1,0.4706194523680203,0.41285349376222846,0,False,True
Lachin district,district,2022,,,18361.0,17355.0,709.0,,19882.0,,,,,,,0.47668943345950016,0.4145491743506816,0,False,False
Lankaran district,district,2022,68.04,59.11,25064.0,24654.0,292.1,49.2,35660.0,7.9,11.1,70.7,67.01,68.04,7.9,0.48788503830270546,0.34472020674631165,0,False,True
Lerik district,district,2022,50.07,,17874.0,17824.0,308.0,44.9,23743.0,96.2,,64.13,,50.07,96.2,0.5679326781300399,0.4504132131020834,0,False,True
Masalli district,district,2022,,,37349.0,35874.0,3126.5,,49571.0,,,,,,,0.3803272552183673,0.3091098565835432,0,False,True
Neftchala district,district,2022,19.3,16.4,22440.0,21603.0,9268.2,46.7,31920.0,119.6,100.0,80.0,80.0,19.3,119.6,0.43621609910146114,0.3934330680810585,0,False,True
Oghuz district,district,2022,40.02,,10152.0,9945.0,1016.0,48.0,14049.0,124.7,,89.94,,40.02,124.7,0.5928927282628993,0.5269776296718061,0,False,True
Ordubad district,district,2022,,,5557.0,5445.0,874.0,,6414.0,,,,,,,0.779746242837175,0.6510695699531064,0,False,True
Saatli district,district,2022,30.47,28.5,32547.0,32034.0,18642.7,48.0,41892.0,97.8,13.8,79.11,50.0,30.47,97.8,0.36860341324112145,0.3322731403069499,0,False,True
Sabirabad district,district,2022,10.6,,63813.0,61963.0,23752.6,7.9,123523.0,27.8,,44.63,,10.6,27.8,0.805420769555141,0.6784811537456279,35,False,True
Sadarak district,district,2022,,,2789.0,2255.0,1290.0,,1938.0,,,,,,,1.0000000000000002,0.5537548475572343,0,False,True
Salyan district,district,2022,52.95,37.5,33279.0,32366.0,17689.0,48.0,50749.0,13.5,23.6,60.13,47.01,52.95,13.5,0.4302513454333653,0.37664343139176265,0,False,True
Samukh district,district,2022,55.11,60.04,11131.0,10395.0,8361.5,47.0,32657.0,24.5,33.3,68.92,80.0,55.11,24.5,0.9235007353306659,0.8491073675173079,0,False,True
Shabran district,district,2022,54.21,,11746.0,10694.0,747.5,48.0,15216.0,45.8,,72.99,,54.21,45.8,0.6191227369364214,0.5522662832676362,0,False,True
Shahbuz district,district,2022,,,12247.0,12247.0,494.0,,15962.0,,,,,,,0.6459430637007412,0.548404929404352,0,False,True
Shaki district,district,2022,31.69,34.92,31935.0,28500.0,4149.0,43.9,54558.0,55.5,47.2,96.99,48.37,31.69,55.5,0.5308713306135787,0.4361550045736903,1,False,True
Shamakhi district,district,2022,40.27,36.13,15502.0,15168.0,695.5,38.1,44013.0,83.1,,76.92,,40.27,83.1,0.8119042961521024,0.6682738407980309,0,False,True
Shamkir district,district,2022,23.28,,27917.0,27401.0,10915.0,47.0,54504.0,254.0,,104.74,,23.28,254.0,0.5515207452188804,0.4733258163690308,0,False,True
Sharur district,district,2022,,,21906.0,21112.0,6837.0,,30135.0,,,,,,,0.42614579490004684,0.38107239652398256,0,False,True
Shusha district,district,2022,,,2383.0,2352.0,220.7,,2040.0,,,,,,,2.3282782600473744,1.0,0,False,False
Siyazan district,district,2022,,65.31,6496.0,6304.0,483.0,,14102.0,,23.6,,80.69,65.31,23.6,1.0000000000000002,0.8932683200918314,0,False,True
Tartar district,district,2022,53.92,,13220.0,13142.0,9515.4,45.6,23499.0,10.9,,61.49,,53.92,10.9,0.56385245320792,0.5101005391787232,0,False,True
Tovuz district,district,2022,60.0,,18020.0,17476.0,3330.0,27.0,38739.0,,,,,60.0,,0.6325230052342461,0.5596938470700374,0,False,True
Ujar district,district,2022,,,33334.0,31800.0,9177.0,,66424.0,,,,,,,0.5974881382832423,0.4865664386439552,3,False,True
Yevlakh district,district,2022,26.36,26.44,30586.0,26423.0,16580.0,50.6,38062.0,180.2,157.1,86.3,70.32,26.36,180.2,0.4122205671132748,0.3745024550177802,0,False,True
Zagatala district,district,2022,60.0,45.36,28599.0,26650.0,8275.0,48.0,44103.0,1.9,17.9,60.0,70.0,60.0,1.9,0.46290742980810373,0.4111146789937009,0,False,True
Zangilan district,district,2022,,,878.0,878.0,323.5,,486.0,,,,,,,3.3423014457303615,1.0,54,False,False
Zardab district,district,2022,43.0,42.45,22972.0,21895.0,15495.0,34.5,31965.0,16.3,10.2,50.0,50.58,43.0,16.3,0.430889961592355,0.3943775155954147,0,False,True
Absheron district,district,2023,84.9,43.36,11296.0,11296.0,179.1,20.5,54440.0,49.6,8.6,50.32,49.02,84.9,49.6,0.9999999999999998,0.3830208296472304,14,False,True
Agdash district,district,2023,75.41,,31196.0,24920.0,10346.5,48.0,61865.0,,,76.31,,75.41,,0.557413762581619,0.4397623363495151,0,False,True
Aghdam district,district,2023,23.18,,21392.0,21302.0,11232.0,11.2,43727.0,,,,,23.18,,0.43357807811318727,0.35809012311481736,0,False,False
Aghjabadi district,district,2023,35.95,,49112.0,46658.0,17506.2,4.8,155630.0,39.3,,49.19,,35.95,39.3,0.9999999999999999,0.8575414734417293,84,False,True
Aghstafa district,district,2023,15.57,,12303.0,10137.0,4214.6,54.4,18077.0,118.8,,100.0,,15.57,118.8,0.42458719757251817,0.35191972876499444,0,False,True
Aghsu district,district,2023,76.93,41.42,18926.0,17012.0,846.4,3.8,31765.0,0.9,45.0,77.65,60.07,76.93,0.9,0.443251508140058,0.3415422988506498,0,False,True
Astara district,district,2023,33.5,,18254.0,18090.0,1353.3,22.8,28175.0,21.6,,43.79,,33.5,21.6,0.3708433571238619,0.2957845296481692,0,False,True
Babak district,district,2023,,,5361.0,5179.0,1541.0,,9777.0,,,,,,,0.5888452822896253,0.4756038444904003,0,False,True
Balakan district,district,2023,43.02,,13171.0,12037.0,2663.0,47.0,22312.0,86.0,,80.0,,43.02,86.0,0.42521855650810786,0.3414900301797664,0,False,True
Barda district,district,2023,47.56,,47321.0,45218.0,24786.0,33.5,96741.0,52.3,,72.43,,47.56,52.3,0.5767297773418781,0.41560598364500245,16,False,True
Beylagan district,district,2023,,28.46,28220.0,28114.0,21134.5,,39965.0,,,,,28.46,,0.30279271476493996,0.2535347542798986,0,False,True
Bilasuvar district,district,2023,76.79,,19509.0,18713.0,7467.7,48.0,27496.0,3.4,,80.06,,76.79,3.4,0.3267860292846346,0.2738677927820919,0,False,True
Fuzuli district,district,2023,27.75,,13630.0,12770.0,7126.9,19.6,29291.0,136.2,,159.78,,27.75,136.2,0.5058961324000707,0.42852956059545033,0,False,False
Gabala district,district,2023,51.89,,18761.0,18489.0,1036.1,51.7,40343.0,22.3,,82.24,,51.89,22.3,0.4643516185117688,0.3393169361763332,0,False,True
Gadabay district,district,2023,,,20482.0,20401.0,45.0,,48633.0,,,,,,,0.9999999999999997,0.09283182816942626,15,False,True
Gakh district,district,2023,13.26,,11264.0,10366.0,1554.0,27.1,16380.0,16.0,,90.02,,13.26,16.0,0.4396950901984519,0.36782421105042373,0,False,True
Gazakh district,district,2023,56.32,47.97,16054.0,14821.0,4457.0,48.1,31724.0,113.3,100.9,100.0,73.8,56.32,113.3,0.4674526909874812,0.3868010972397572,0,False,True
Gobustan district,district,2023,,32.61,10928.0,10807.0,19.0,,19542.0,,126.9,,77.42,32.61,126.9,0.9999999999999999,0.43619263228249583,26,False,True
Goranboy district,district,2023,45.91,,17586.0,17197.0,14923.0,41.9,43266.0,2.3,,59.73,,45.91,2.3,0.5319205734242782,0.44153142234110165,0,False,True
Goychay district,district,2023,32.67,,18308.0,17226.0,6077.0,47.4,20105.0,,,,,32.67,,0.27249441725103996,0.22506613099910389,0,False,True
Goygol district,district,2023,57.77,66.67,9944.0,9869.0,395.0,41.6,24312.0,59.4,50.0,71.08,100.0,57.77,59.4,0.6818321685979964,0.5292944478742749,0,False,True
Guba district,district,2023,36.1,,24961.0,24849.0,645.0,33.8,42784.0,79.1,,64.65,,36.1,79.1,0.38035134461305675,0.22953592322336025,0,False,True
Gubadli district,district,2023,36.62,,938.0,938.0,16.0,46.9,1535.0,145.8,,89.98,,36.62,145.8,8.582253022203728,1.0,200,True,False
Gusar district,district,2023,63.59,,16600.0,16595.0,3148.4,48.0,32211.0,16.2,,81.4,,63.59,16.2,0.42312490451956075,0.34243771496767395,0,False,True
Hajigabul district,district,2023,,98.43,15627.0,15400.0,3343.0,,25424.0,,21.8,,97.61,98.43,21.8,0.3712167621482213,0.3003615881888805,0,False,True
Imishli district,district,2023,59.49,,40666.0,39109.0,18332.7,45.6,50389.0,23.0,,78.33,,59.49,23.0,0.26891673506658587,0.21611165555476436,0,False,True
Ismayilli district,district,2023,38.23,74.28,18279.0,18054.0,317.5,48.0,36619.0,31.6,4.7,62.36,79.36,38.23,31.6,0.5357500070055512,0.34955264399549113,0,False,True
Jabrayil district,district,2023,,,4296.0,4291.0,1458.0,,9022.0,,,,,,,0.6565256182034629,0.51521295279921,0,False,False
Jalilabad district,district,2023,,,49105.0,48465.0,159.0,,72456.0,,,,,,,1.0,0.8685795745116263,63,False,True
Julfa district,district,2023,,,3425.0,3410.0,1737.0,,7254.0,,,,,,,0.6518972416106509,0.4613439823893225,0,False,True
Kalbajar district,district,2023,,,18442.0,18218.0,66.0,,23237.0,,,,,,,0.5927600367419156,0.07810734018698606,0,False,False
Kangarli district,district,2023,,,2187.0,2187.0,3038.0,,6528.0,,,,,,,0.9526166794546761,0.7734182456355552,0,False,True
Khachmaz district,district,2023,64.28,,24878.0,24378.0,2672.7,34.0,82482.0,13.9,,86.22,,64.28,13.9,1.0000000000000002,0.539018207984653,6,False,True
Khizi district,district,2023,60.0,,4156.0,4143.0,305.0,48.0,6987.0,66.7,,100.0,,60.0,66.7,1.0000000000000002,0.7434378500854377,0,False,True
Khojavand district,district,2023,,,1095.0,1007.0,403.2,,2722.0,,,,,,,2.188664714079225,1.0,2,False,False
Kurdamir district,district,2023,56.55,50.64,30080.0,27277.0,8784.0,48.4,48331.0,10.9,15.1,69.62,60.56,56.55,10.9,0.37105795044708373,0.2995227484380532,0,False,True
Lachin district,district,2023,,,18652.0,17699.0,709.0,,23086.0,,,,,,,0.37107939654368294,0.2848050051416818,0,False,False
Lankaran district,district,2023,70.92,62.97,24925.0,24519.0,256.6,49.2,36440.0,6.4,8.3,78.04,67.63,70.92,6.4,0.4381639555403354,0.24015478066596752,0,False,True
Lerik district,district,2023,15.63,,17160.0,17134.0,376.0,18.6,27699.0,64.0,,90.7,,15.63,64.0,0.4946246400923908,0.36380149119010674,0,False,True
Masalli district,district,2023,,,37460.0,36012.0,2895.0,,50526.0,,,,,,,0.2927748322899784,0.21271965192607672,0,False,True
Neftchala district,district,2023,19.25,16.42,24708.0,23774.0,8505.4,46.7,32157.0,100.0,90.5,80.0,80.0,19.25,100.0,0.29491774833102286,0.24550970055343618,0,False,True
Oghuz district,district,2023,39.83,,9791.0,9599.0,1041.0,48.0,14094.0,148.9,,100.0,,39.83,148.9,0.4862914854164541,0.4207305634430567,0,False,True
Ordubad district,district,2023,,,3285.0,3237.0,884.0,,4396.0,,,,,,,0.8333959362259186,0.6666556188551831,0,False,True
Saatli district,district,2023,30.44,27.78,32657.0,32133.0,16586.0,48.0,41899.0,80.5,15.8,73.44,50.0,30.44,80.5,0.27649420411605974,0.22937087099917458,0,False,True
Sabirabad district,district,2023,50.39,,63849.0,62035.0,21475.0,11.2,124397.0,24.2,,62.47,,50.39,24.2,0.5761791215525812,0.39187118025086076,38,False,True
Sadarak district,district,2023,,,1445.0,1121.0,1205.0,,1523.0,,,,,,,0.9999999999999998,0.3104505941202482,0,False,True
Salyan district,district,2023,49.65,49.6,33264.0,32447.0,16465.0,48.0,50870.0,37.8,56.3,68.39,78.18,49.65,37.8,0.32698099533318054,0.2622607381099973,0,False,True
Samukh district,district,2023,57.19,50.66,11178.0,10447.0,7720.1,47.0,33207.0,20.4,58.0,70.28,80.03,57.19,20.4,0.6904633784654809,0.5892407624406901,0,False,True
Shabran district,district,2023,56.67,,11725.0,10694.0,1032.4,48.0,15061.0,49.0,,77.98,,56.67,49.0,0.45742294514407017,0.39433338965538,0,False,True
Shahbuz district,district,2023,,,4794.0,4794.0,504.0,,10824.0,,,,,,,0.9020832962564307,0.7832870509453873,0,False,True
Shaki district,district,2023,85.22,34.98,28375.0,25872.0,4360.2,12.0,53731.0,33.3,22.0,120.0,81.14,85.22,33.3,0.43134167758123987,0.32577441071514257,0,False,True
Shamakhi district,district,2023,47.19,47.0,14112.0,13851.0,843.8,37.3,48243.0,11.8,,75.44,,47.19,11.8,0.7295088351780502,0.5319271467707726,0,False,True
Shamkir district,district,2023,6.33,,27965.0,27482.0,10769.0,10.4,55673.0,163.7,,51.33,,6.33,163.7,0.4267115172687863,0.33406566308851127,0,False,True
Sharur district,district,2023,,,11676.0,11304.0,5780.0,,20960.0,,,,,,,0.4297938922657663,0.363539122711972,0,False,True
Shusha district,district,2023,,,2531.0,2497.0,199.0,,2039.0,,,,,,,1.632480048640106,1.0,0,False,False
Siyazan district,district,2023,69.11,40.96,6377.0,6148.0,419.0,48.0,13804.0,44.7,120.0,100.0,95.56,69.11,44.7,0.8184062777434918,0.6868662013843382,0,False,True
Tartar district,district,2023,58.67,,13928.0,13872.0,9362.2,46.3,24231.0,8.2,,67.23,,58.67,8.2,0.39556988241405827,0.33779238508948617,0,False,True
Tovuz district,district,2023,,,17347.0,16858.0,3061.0,,38889.0,,,,,,,0.4926930050010403,0.3968915440777627,0,False,True
Ujar district,district,2023,,,29111.0,28048.0,9188.0,,67194.0,,,,,,,0.5616454226084381,0.4390620315132491,1,False,True
Yevlakh district,district,2023,29.18,26.42,32613.0,28491.0,16600.0,54.9,38193.0,137.8,154.3,33.37,67.8,29.18,137.8,0.2868270762690956,0.2407367756985862,0,False,True
Zagatala district,district,2023,70.0,62.19,27990.0,26096.0,8275.0,48.0,44331.0,14.3,38.5,79.99,98.71,70.0,14.3,0.3583774793449018,0.2918344073137485,0,False,True
Zangilan district,district,2023,,,2057.0,2057.0,169.0,,494.0,,,,,,,1.9688291960518502,1.0,0,False,False
Zardab district,district,2023,43.0,43.2,22475.0,21436.0,13364.0,34.5,31973.0,23.1,10.2,56.46,50.58,43.0,23.1,0.32543359834890595,0.27632825152216134,0,False,True
Absheron district,district,2024,53.37,43.36,11486.0,11486.0,165.1,11.4,41695.0,57.9,8.6,31.78,49.46,53.37,57.9,1.0000000000000002,0.6801731845998586,0,False,True
Agdash district,district,2024,60.59,,29982.0,23996.0,10109.8,48.0,59824.0,15.8,,72.52,,60.59,15.8,0.6764557681787078,0.6024969036700853,0,False,True
Aghdam district,district,2024,79.01,,21931.0,21870.0,9755.9,29.1,45480.0,,,,,79.01,,0.559548065785197,0.5135239293808048,0,False,False
Aghjabadi district,district,2024,35.97,,52696.0,50276.0,20516.3,5.3,167207.0,40.8,,41.98,,35.97,40.8,1.0000000000000064,0.9040861824669733,81,False,True
Aghstafa district,district,2024,39.49,,12159.0,10766.0,4543.0,54.4,18154.0,108.2,,100.0,,39.49,108.2,0.4924112300098905,0.4507671661464583,0,False,True
Aghsu district,district,2024,76.93,41.44,18645.0,16489.0,959.4,3.0,32260.0,4.0,45.1,79.99,60.12,76.93,4.0,0.5464407068491396,0.4792004592948238,0,False,True
Astara district,district,2024,37.14,,18072.0,17888.0,1373.6,20.6,25966.0,19.7,,48.29,,37.14,19.7,0.4141925128379366,0.36688564254489914,0,False,True
Babak district,district,2024,,,5230.0,5073.0,1618.2,,9897.0,,,,,,,0.6369612523602831,0.5493147398525604,0,False,True
Balakan district,district,2024,42.98,,12950.0,11929.0,2863.0,47.0,22373.0,86.1,,80.0,,42.98,86.1,0.5341760580971602,0.48701944106201167,0,False,True
Barda district,district,2024,26.6,,49957.0,48023.0,25892.0,33.5,100184.0,202.1,,100.76,,26.6,202.1,0.5924027117787265,0.45224470736551836,8,False,True
Beylagan district,district,2024,,28.85,27959.0,27857.0,21091.5,,40027.0,,,,,28.85,,0.3896043896391892,0.3628519981589784,0,False,True
Bilasuvar district,district,2024,65.97,,19528.0,18741.0,7598.0,48.0,27511.0,21.9,,72.37,,65.97,21.9,0.40960130712551474,0.3789702279272032,0,False,True
Fuzuli district,district,2024,29.22,,14070.0,13705.0,7803.0,23.3,27980.0,146.9,,71.73,,29.22,146.9,0.5687983900112541,0.52900275705405,0,False,False
Gabala district,district,2024,49.1,,17692.0,17262.0,997.3,49.0,41508.0,22.3,,84.77,,49.1,22.3,0.655345079261052,0.5730091256046624,0,False,True
Gadabay district,district,2024,,,20026.0,19909.0,53.3,,48487.0,,,,,,,1.000000000000004,0.7400672565678696,27,False,True
Gakh district,district,2024,23.38,,10704.0,9835.0,1363.0,34.9,16169.0,25.4,,96.98,,23.38,25.4,0.5109793269490102,0.45508892768673126,0,False,True
Gazakh district,district,2024,51.16,52.14,15993.0,14853.0,4416.0,48.2,31724.0,100.0,91.1,100.0,98.04,51.16,100.0,0.58881721151979,0.5437857621043901,0,False,True
Gobustan district,district,2024,,34.64,10833.0,10687.0,15.0,,18954.0,,75.0,,70.0,34.64,75.0,1.0000000000000109,0.1159853479828381,25,False,True
Goranboy district,district,2024,46.08,,16988.0,16666.0,14517.9,41.8,42408.0,9.6,,61.59,,46.08,9.6,0.6874814812700107,0.6382437927612383,0,False,True
Goychay district,district,2024,27.08,,17906.0,16899.0,6076.0,47.6,20183.0,,,,,27.08,,0.34418071199781686,0.31529651338046555,0,False,True
Goygol district,district,2024,51.32,65.62,9920.0,9817.0,421.7,29.2,24879.0,116.7,55.0,85.2,100.0,51.32,116.7,0.763993267157715,0.6642186057785702,0,False,True
Guba district,district,2024,42.63,,24738.0,24622.0,629.0,33.9,42786.0,108.0,,88.68,,42.63,108.0,0.47627343293738844,0.3623997236935864,0,False,True
Gubadli district,district,2024,36.69,,1058.0,1058.0,796.0,46.9,1443.0,145.5,,90.04,,36.69,145.5,1.326192550670443,0.7351521359581921,0,False,False
Gusar district,district,2024,63.57,,15940.0,15934.0,2320.1,48.0,32211.0,3.3,,72.29,,63.57,3.3,0.5566282620584633,0.5067299256122599,0,False,True
Hajigabul district,district,2024,30.01,108.14,16018.0,15878.0,3579.4,12.6,26669.0,,15.7,,99.29,30.01,15.7,0.46999732979943804,0.43076687539136693,0,False,True
Imishli district,district,2024,59.45,,40800.0,39405.0,18469.0,45.6,53506.0,41.7,,104.46,,59.45,41.7,0.36593148318061103,0.3300295195992185,0,False,True
Ismayilli district,district,2024,70.19,90.41,16683.0,16498.0,406.5,48.0,36728.0,9.3,16.5,72.6,108.96,70.19,9.3,0.621357442009281,0.49364837475557766,0,False,True
Jabrayil district,district,2024,,,4415.0,4412.0,1490.0,,9203.0,,,,,,,0.6925900303083161,0.5926053464737532,0,False,False
Jalilabad district,district,2024,,,48635.0,47883.0,87.0,,71732.0,,,,,,,1.0000000000000133,0.8833701856594272,78,False,True
Julfa district,district,2024,,,3412.0,3394.0,1465.0,,7324.0,,,,,,,0.7548726532924437,0.6303886230830591,0,False,True
Kalbajar district,district,2024,,,16083.0,15843.0,83.0,,22714.0,,,,,,,0.6474389463480422,0.36796476101318776,0,False,False
Kangarli district,district,2024,,,2774.0,2774.0,2823.0,,6594.0,,,,,,,0.8533109012789996,0.7399792701775751,0,False,True
Khachmaz district,district,2024,67.35,,23418.0,23096.0,2354.9,32.0,83747.0,10.7,,72.2,,67.35,10.7,0.9999999999999999,0.37242934705441755,5,False,True
Khizi district,district,2024,,,4082.0,4063.0,90.0,,7022.0,,,,,,,1.0,0.4046578978430917,0,False,True
Khojavand district,district,2024,,,1285.0,1213.0,409.0,,2693.0,,,,,,,1.8425873834437858,1.0,0,False,False
Kurdamir district,district,2024,59.63,52.68,27620.0,25250.0,8712.0,48.4,48072.0,9.0,17.8,70.49,63.65,59.63,9.0,0.5107021829452615,0.46488481000918214,0,False,True
Lachin district,district,2024,,,18705.0,17648.0,761.0,,23537.0,,,,,,,0.4088314470534562,0.35445031201828375,0,False,False
Lankaran district,district,2024,72.0,77.01,25326.0,24841.0,155.1,3.3,37003.0,3.1,9.3,82.03,86.32,72.0,3.1,0.55637078223978,0.3823364106179259,0,False,True
Lerik district,district,2024,20.38,,17145.0,17145.0,376.0,11.7,30896.0,2.8,,35.54,,20.38,2.8,0.5276831732178507,0.4149980999559817,0,False,True
Masalli district,district,2024,39.0,,37198.0,35687.0,3262.0,48.0,50545.0,15.9,,69.57,,39.0,15.9,0.3802501520588717,0.3274007802814343,0,False,True
Neftchala district,district,2024,20.42,16.43,23814.0,22820.0,8063.0,46.7,34894.0,112.6,83.6,54.56,80.0,20.42,112.6,0.41850686706643153,0.3876550849188527,0,False,True
Oghuz district,district,2024,40.0,,9649.0,9434.0,1073.0,48.0,13819.0,150.0,,100.0,,40.0,150.0,0.5005629169646475,0.44973473754868387,0,False,True
Ordubad district,district,2024,,,3018.0,2981.0,809.1,,4444.0,,,,,,,0.8428664473211626,0.6950451753972323,0,False,True
Saatli district,district,2024,30.45,27.78,33274.0,32892.0,18930.0,48.0,41907.0,93.8,19.3,77.54,51.52,30.45,93.8,0.34447282422774506,0.3195879964928804,0,False,True
Sabirabad district,district,2024,61.16,,63280.0,62341.0,21963.0,21.1,126595.0,2.7,,67.52,,61.16,2.7,0.5943134286896886,0.4522558570258317,30,False,True
Sadarak district,district,2024,,,1358.0,1084.0,1171.5,,1539.0,,,,,,,1.0,0.37161644557346585,0,False,True
Salyan district,district,2024,50.63,50.0,33155.0,32933.0,17217.0,48.0,50865.0,58.1,75.7,80.05,87.87,50.63,58.1,0.4148361411588298,0.37654777306490556,0,False,True
Samukh district,district,2024,57.05,53.53,11215.0,10586.0,8071.3,47.0,33708.0,20.2,49.4,72.91,80.8,57.05,20.2,0.8737285542972036,0.8193683810275015,0,False,True
Shabran district,district,2024,49.07,,11214.0,10293.0,992.7,38.9,15108.0,43.7,,78.11,,49.07,43.7,0.49328429597543005,0.44315311473688246,0,False,True
Shahbuz district,district,2024,,,4338.0,4338.0,349.0,,10927.0,,,,,,,1.0,0.868232035617649,0,False,True
Shaki district,district,2024,95.35,,27628.0,25560.0,4396.5,12.5,53282.0,77.1,,151.54,,95.35,77.1,0.5616299715395473,0.49824188890502885,0,False,True
Shamakhi district,district,2024,49.12,49.57,13424.0,13162.0,939.4,37.4,49123.0,85.8,72.4,91.59,85.0,49.12,85.8,1.0000000000000002,0.8507137489466172,0,False,True
Shamkir district,district,2024,18.48,,28235.0,27947.0,11529.0,17.3,56953.0,4.0,,25.32,,18.48,4.0,0.551347610412818,0.4935665266576821,0,False,True
Sharur district,district,2024,,,11468.0,11104.0,6144.8,,21226.0,,,,,,,0.5476449148201316,0.505971458446802,0,False,True
Shusha district,district,2024,,,2509.0,2467.0,213.1,,2041.0,,,,,,,1.4115671406582861,1.0,0,False,False
Siyazan district,district,2024,,18.09,6233.0,5930.0,402.0,,13692.0,,,,,18.09,,0.8387484066063392,0.7416177344944299,0,False,True
Tartar district,district,2024,67.86,,13684.0,13613.0,9080.5,46.8,24993.0,27.0,,86.17,,67.86,27.0,0.5169475657465961,0.4810100921889223,0,False,True
Tovuz district,district,2024,,,14982.0,14518.0,3023.5,,37431.0,,,,,,,0.7021821368145087,0.6460889430781062,0,False,True
Ujar district,district,2024,,,26931.0,25909.0,8925.0,,62201.0,,,,,,,0.652831819693968,0.577248159501064,0,False,True
Yevlakh district,district,2024,38.92,34.15,33240.0,29747.0,16630.0,35.4,38335.0,205.9,144.9,65.55,70.59,38.92,205.9,0.3504130801455892,0.3262063982623608,0,False,True
Zagatala district,district,2024,70.0,88.58,27033.0,25199.0,8275.0,48.0,44462.0,11.1,22.2,100.0,110.0,70.0,11.1,0.47537293293333954,0.43590248599233483,0,False,True
Zangilan district,district,2024,,,4193.0,4193.0,2123.5,,494.0,,,,,,,0.42927914166352693,0.29631669099006974,0,False,False
Zardab district,district,2024,43.25,,21795.0,20983.0,14085.0,34.5,31974.0,23.4,,56.46,,43.25,23.4,0.4198235832087592,0.39245550664795853,0,False,True
