region,region_type,year,cost_price_per_centner_milk_enterprises_manat,cost_price_per_centner_milk_private_manat,cows_dairy_buffaloes_stock_heads,cows_heads,fodder_sown_area_ha,labour_hours_per_centner_milk_enterprises,milk_production_tons,profitability_milk_enterprises_pct,profitability_milk_private_pct,selling_price_per_centner_milk_enterprises_manat,selling_price_per_centner_milk_private_manat,vrs_raw,crs_raw,vrs_bc,crs_bc,vrs_bootstrap_degenerate_draws,crs_bootstrap_degenerate_draws,scale_eff_raw,cost_milk,profitability,cattle_per1000,fodder_per100
Absheron district,district,2005,18.8,12.66,10120.0,10120.0,1128.0,47.9,25201.0,6.6,16.5,31.57,26.0,0.9999999999999992,1.0000000000000002,0.7115550760190357,0.8623047161990167,0,0,1.0000000000000009,18.8,6.6,10.12,11.28
Agdash district,district,2005,19.2,15.06,29979.0,19123.0,11802.0,47.6,26912.0,46.0,56.9,27.73,26.67,0.599511355579407,0.5651356276523001,0.5346255253599382,0.5419948726516532,0,0,0.9426604223469895,19.2,46.0,19.123,118.02
Aghstafa district,district,2005,8.59,,10421.0,8326.0,900.0,49.8,10512.0,23.1,,10.58,,0.5700484921461236,0.512127305714809,0.5159063704827537,0.4439000144988624,0,0,0.898392527601902,8.59,23.1,8.326,9.0
Aghsu district,district,2005,11.74,12.44,17731.0,13271.0,1520.0,51.5,22724.0,70.4,,20.0,,0.6903872169747383,0.6876126686673113,0.5476510327283463,0.5961251580610919,0,0,0.9959811707992148,11.74,70.4,13.271,15.2
Balakan district,district,2005,26.23,,16976.0,13458.0,935.0,46.4,13964.0,1.4,,30.27,,0.4786608108793193,0.4760475008534642,0.4180577161030937,0.4218810298757317,0,0,0.9945403718740744,26.23,1.4,13.458,9.35
Beylagan district,district,2005,9.71,6.27,22638.0,20070.0,19538.0,47.6,22725.0,3.0,91.6,10.0,12.02,0.4562014920652786,0.4546940357374245,0.4185863479894908,0.4366378531173429,0,0,0.9966956348147182,9.71,3.0,20.07,195.38
Bilasuvar district,district,2005,,15.21,18121.0,15109.0,3846.0,,14535.0,,7.5,,17.2,0.3949413862221838,0.3863154284164488,0.3675337013566385,0.3605815226360331,0,0,0.9781588911502878,15.21,7.5,15.109,38.46
Gabala district,district,2005,9.77,8.46,24934.0,22753.0,1000.0,50.0,24503.0,0.1,1.6,25.25,20.42,0.5809916059870553,0.5409490112818436,0.4759259103852939,0.4665813722536722,0,0,0.9310788756798254,9.77,0.1,22.753,10.0
Gakh district,district,2005,20.22,22.54,12567.0,10282.0,482.0,47.6,9215.0,9.2,,22.07,,0.462695524632119,0.4453424259546736,0.3790796133953552,0.3869679155689987,0,0,0.962495641834352,20.22,9.2,10.282,4.82
Gazakh district,district,2005,18.0,9.34,13426.0,11406.0,1649.0,47.3,16500.0,33.3,63.6,24.0,19.63,0.5902372859044236,0.5809159690126104,0.5175394463309244,0.5180596089361392,0,0,0.9842075092265138,18.0,33.3,11.406,16.49
Gobustan district,district,2005,,9.0,11011.0,10900.0,1212.0,,12760.0,,17.6,,20.0,0.5090322446263895,0.4704734554056231,0.4611364353312547,0.4058945766190279,0,0,0.9242507923067484,9.0,17.6,10.9,12.12
Goranboy district,district,2005,23.35,,16907.0,15442.0,3058.0,50.0,14645.0,42.9,,32.79,,0.3891981703629177,0.3808452699279788,0.3558756763866925,0.3497103358866706,0,0,0.978538181648824,23.35,42.9,15.442,30.58
Goychay district,district,2005,12.37,,22759.0,18185.0,2137.0,49.8,22235.0,88.3,,30.13,,0.4929987003769576,0.4910057370252654,0.3966127425219415,0.4275050587825352,0,0,0.9959574673317224,12.37,88.3,18.185,21.37
Goygol district,district,2005,16.12,,9314.0,9139.0,997.0,51.0,14471.0,18.8,,22.07,,0.6783701489169782,0.6403693013535832,0.6063770625447288,0.5543478699666086,0,0,0.9439821347916568,16.12,18.8,9.139,9.97
Guba district,district,2005,25.53,,26439.0,25922.0,178.0,49.7,34450.0,-22.4,,19.82,,0.9999999999999994,0.9784850541697172,0.4168589404599663,0.7133588187368944,0,0,0.9784850541697178,25.53,-22.4,25.922,1.78
Gusar district,district,2005,21.69,,17564.0,17442.0,113.0,47.2,22258.0,-21.7,,16.28,,1.0000000000000009,0.9958471093816348,0.6004674964223895,0.7343155383506035,0,0,0.9958471093816342,21.69,-21.7,17.442,1.13
Hajigabul district,district,2005,,10.0,13197.0,11858.0,1050.0,,12480.0,,96.0,,26.0,0.4773431192125675,0.4535066526878068,0.4317444521173998,0.3998266052884975,0,0,0.9500642921928324,10.0,96.0,11.858,10.5
Imishli district,district,2005,17.57,17.38,33885.0,28575.0,11019.0,46.4,28438.0,13.6,15.1,20.0,20.0,0.4431686268192205,0.3996460721763772,0.3951667739860895,0.3805544389129026,0,0,0.9017923381552974,17.57,13.6,28.575,110.19
Ismayilli district,district,2005,20.05,16.48,24735.0,23397.0,1323.0,44.5,23106.0,-6.5,12.4,19.78,18.5,0.4988265061675661,0.4738870949372452,0.4170797865423614,0.4171958273508599,0,0,0.9500038371618864,20.05,-6.5,23.397,13.23
Kalbajar district,district,2005,,28.57,7121.0,6841.0,52.0,,5264.0,,37.0,,39.15,0.7499999999999949,0.5117967332123429,0.4701832286552931,0.3523258359601033,0,0,0.6823956442831285,28.57,37.0,6.841,0.52
Khachmaz district,district,2005,17.48,11.24,25772.0,24102.0,2978.0,47.9,34270.0,7.0,78.0,18.07,20.0,0.7497454568901726,0.5709837656712936,0.589022722696127,0.5003541341912555,0,0,0.761570157476706,17.48,7.0,24.102,29.78
Khojavand district,district,2005,,8.26,1688.0,1678.0,254.0,,1858.0,,66.7,,20.0,1.0000000000000002,0.4446481516261225,0.6380447887070466,0.3983812758271434,0,0,0.4446481516261224,8.26,66.7,1.678,2.54
Kurdamir district,district,2005,12.03,13.0,28773.0,21791.0,10331.0,49.0,23071.0,39.4,38.5,16.45,18.0,0.4263539905435865,0.4251596067165673,0.3857966471710137,0.4068879042218006,0,0,0.9971986099496888,12.03,39.4,21.791,103.31
Lachin district,district,2005,,15.44,11301.0,9036.0,477.0,47.6,5045.0,2.2,7.4,22.45,18.0,0.3404962282927463,0.2715351302480985,0.2452878273661968,0.238185268441801,0,0,0.7974688342645677,15.44,2.2,9.036,4.77
Lerik district,district,2005,25.0,14.0,16254.0,15892.0,519.0,45.8,13745.0,11.7,14.6,28.0,16.04,0.4735425639722136,0.4534809647768842,0.3958018674624637,0.3762263181637825,0,0,0.957635066577655,25.0,11.7,15.892,5.19
Masalli district,district,2005,21.0,8.71,30607.0,28957.0,315.0,47.9,43524.0,10.9,50.0,14.83,18.46,1.0,0.8607936021665837,0.1913765931320747,0.5799675596907765,1,0,0.8607936021665837,21.0,10.9,28.957,3.15
Neftchala district,district,2005,23.88,23.99,18431.0,16486.0,5805.0,50.0,18736.0,-33.0,-29.2,16.29,17.0,0.4611693563382486,0.4563776002314674,0.4270519085049356,0.433139654213074,0,0,0.9896095522373204,23.88,-33.0,16.486,58.05
Oghuz district,district,2005,22.68,22.36,12565.0,10595.0,748.0,45.7,15476.0,39.0,36.3,31.52,31.88,0.6708157241841262,0.6676136320534174,0.5808120677524736,0.5917527306284478,0,0,0.9952265696594944,22.68,39.0,10.595,7.48
Saatli district,district,2005,11.0,,27036.0,23956.0,7306.0,50.0,31540.0,50.0,,18.0,,0.6303643271663033,0.5287009889147127,0.554565086988056,0.4986197995993895,0,0,0.8387228879073774,11.0,50.0,23.956,73.06
Sabirabad district,district,2005,16.02,14.22,44757.0,36441.0,8550.0,50.0,58698.0,4.2,19.4,17.0,17.0,1.0000000000000029,0.6468383429138835,0.2132297140631911,0.6006903380588564,0,0,0.6468383429138818,16.02,4.2,36.441,85.5
Salyan district,district,2005,19.3,11.29,28555.0,26382.0,11888.0,47.8,32994.0,71.6,24.0,32.67,14.0,0.6157046511363119,0.5022153611143342,0.55224853781036,0.4802260753901167,0,0,0.8156757630261069,19.3,71.6,26.382,118.88
Samukh district,district,2005,9.7,14.0,8530.0,7416.0,2960.0,45.5,11094.0,20.8,18.0,18.12,17.71,0.6239763315039778,0.6007325696866448,0.5847181139330607,0.5726616306648,0,0,0.962748968760869,9.7,20.8,7.416,29.6
Shabran district,district,2005,14.0,,10239.0,9154.0,66.0,48.2,10819.0,-15.0,35.3,11.96,18.93,0.8302767776777643,0.828758809248827,0.522600139224914,0.5911667700300667,0,0,0.9981717320419548,14.0,-15.0,9.154,0.66
Shaki district,district,2005,28.48,12.8,30668.0,24116.0,1857.0,46.7,35733.0,19.9,43.1,34.38,18.32,0.8349945764716187,0.6628710735774084,0.5951380802646806,0.5868277793795524,0,0,0.7938627294783863,28.48,19.9,24.116,18.57
Shamkir district,district,2005,16.0,,26303.0,25389.0,5093.0,47.9,33425.0,20.0,,19.2,,0.6531248878652163,0.5286747377115014,0.537185760989602,0.4859601693256495,0,0,0.8094542828393988,16.0,20.0,25.389,50.93
Siyazan district,district,2005,28.65,12.56,4974.0,4458.0,39.0,47.0,7714.0,3.4,48.9,30.0,22.34,1.0000000000000004,1.0,0.425800440469217,0.5928281530054442,0,0,0.9999999999999996,28.65,3.4,4.458,0.39
Tartar district,district,2005,20.71,,9873.0,9537.0,4038.0,46.8,10430.0,-8.2,,30.0,,0.458097788795523,0.4391726276217868,0.4285323186439899,0.4193462021971187,0,0,0.95868750813337,20.71,-8.2,9.537,40.38
Tovuz district,district,2005,16.03,,15986.0,15340.0,205.0,47.0,22830.0,87.2,,30.0,,0.948039073393675,0.8434415499842207,0.6931126137544596,0.6057505419700766,0,0,0.8896696071449579,16.03,87.2,15.34,2.05
Yevlakh district,district,2005,30.94,12.29,36504.0,22696.0,8807.0,51.1,26612.0,61.6,81.4,50.0,31.71,0.4947446287757769,0.4708590587649914,0.4343939722107267,0.448460040942083,0,0,0.951721416218526,30.94,61.6,22.696,88.07
Zagatala district,district,2005,16.0,18.0,27613.0,22667.0,6546.0,49.8,36862.0,37.5,,22.0,,0.850703033546677,0.653051736067429,0.6974227956351113,0.614251698407476,0,0,0.7676612287895372,16.0,37.5,22.667,65.46
Zardab district,district,2005,20.0,10.88,21963.0,18205.0,10939.0,50.0,20810.0,,47.2,,20.0,0.4619804711506516,0.4590332398213229,0.4287182510867821,0.4401863983815636,0,0,0.993620441742942,20.0,47.2,18.205,109.39
Absheron district,district,2008,19.34,10.2,10481.0,10481.0,796.0,48.1,30846.0,11.0,9.7,43.6,40.0,0.9999999999999996,1.0000000000000002,0.295122933522338,0.7410693449513415,0,0,1.0000000000000009,19.34,11.0,10.481,7.96
Agdash district,district,2008,12.07,12.81,33746.0,22492.0,11035.0,47.9,30285.0,113.6,130.0,25.87,30.0,0.4575775617343145,0.4575129273740759,0.3637431558864598,0.4358738859295741,0,0,0.9998587466570836,12.07,113.6,22.492,110.35
Aghdam district,district,2008,18.07,,14347.0,13901.0,6447.0,48.2,25649.0,22.2,,22.0,,0.6279120960906233,0.6269432933882554,0.5550596245439184,0.5959068008493806,0,0,0.9984571045718028,18.07,22.2,13.901,64.47
Aghjabadi district,district,2008,15.63,,39992.0,33610.0,29854.0,46.9,48040.0,40.0,,21.88,,0.7369094820727625,0.4856667292285304,0.4266590013926732,0.4673224800905865,0,0,0.6590588682105948,15.63,40.0,33.61,298.54
Aghsu district,district,2008,25.4,16.35,18368.0,14015.0,592.0,46.0,23347.0,87.5,100.0,56.6,40.0,0.7401242187827316,0.7234713070714179,0.5509691591718621,0.6057667763475839,0,0,0.9774998422039176,25.4,87.5,14.015,5.92
Astara district,district,2008,22.15,18.0,22521.0,22049.0,395.0,41.5,18620.0,3.3,0.2,35.34,18.03,0.4829174681477906,0.458862988521851,0.3741859268379729,0.3710036385676377,0,0,0.9501892534179814,22.15,3.3,22.049,3.95
Balakan district,district,2008,24.16,,17368.0,13925.0,1769.0,42.0,14107.0,32.1,,46.19,,0.3473407650026427,0.3442257296948949,0.3026073943567363,0.2934284146027831,0,0,0.991031760099555,24.16,32.1,13.925,17.69
Beylagan district,district,2008,46.93,6.59,25307.0,23526.0,27501.0,48.2,26733.0,-56.8,200.0,20.0,20.0,0.3865563063239955,0.3861032634696084,0.3406516824533347,0.3716865756857627,0,0,0.9988280029403858,46.93,-56.8,23.526,275.01
Bilasuvar district,district,2008,,37.53,19166.0,16557.0,7267.0,,14623.0,,43.2,,53.0,0.3026340479803877,0.3000949574400726,0.2857943752587727,0.2845815728901607,0,0,0.991610030142809,37.53,43.2,16.557,72.67
Dashkasan district,district,2008,18.05,20.0,13002.0,12777.0,75.0,47.4,19025.0,67.5,24.3,50.38,31.08,1.0,1.0,0.5646655705986101,0.6272800068426219,0,0,1.0,18.05,67.5,12.777,0.75
Fuzuli district,district,2008,21.25,,13702.0,12729.0,6500.0,50.0,6420.0,20.0,,30.0,,0.1763465083757419,0.1713738716364154,0.1669174627302454,0.1635209387114337,0,0,0.9718018985171436,21.25,20.0,12.729,65.0
Gabala district,district,2008,19.2,19.0,25730.0,23891.0,1569.0,47.5,25473.0,6.5,41.7,20.0,34.0,0.3889587097045761,0.388021348483287,0.2506963173947155,0.3062589001123723,0,0,0.9975900752498869,19.2,6.5,23.891,15.69
Gakh district,district,2008,26.34,37.31,13376.0,11231.0,2464.0,47.9,9636.0,64.3,52.4,44.15,60.0,0.296423166966841,0.2915293140871138,0.2758221102231118,0.2653315306157343,0,0,0.9834903157880552,26.34,64.3,11.231,24.64
Gazakh district,district,2008,21.03,20.06,15320.0,13146.0,6832.0,47.9,17282.0,45.9,45.8,35.06,35.0,0.4493617151616988,0.4466879527029991,0.4225581533434762,0.4264864944563826,0,0,0.9940498659131708,21.03,45.9,13.146,68.32
Gobustan district,district,2008,,24.71,11085.0,10972.0,18.0,,14040.0,,42.9,,35.29,1.0000000000000004,1.0,0.2050105256133612,0.1845530826532651,0,3,0.9999999999999994,24.71,42.9,10.972,0.18
Goranboy district,district,2008,18.18,,20075.0,18699.0,5767.0,47.7,15740.0,38.5,,36.0,,0.2881093603132172,0.2860159239346845,0.26763022724914,0.2664363455369711,0,0,0.9927338827997229,18.18,38.5,18.699,57.67
Goychay district,district,2008,29.45,,23165.0,18633.0,3610.0,48.1,23286.0,34.5,,46.33,,0.4256865835156548,0.4246351842251805,0.3631199437485352,0.3821285846103783,0,0,0.9975301094016376,29.45,34.5,18.633,36.1
Goygol district,district,2008,27.62,21.75,9812.0,9656.0,1168.0,48.1,22354.0,11.6,22.6,32.75,38.0,0.788893319004658,0.7866143343732724,0.627530917339952,0.6630546994338458,0,0,0.9971111624645764,27.62,11.6,9.656,11.68
Guba district,district,2008,19.4,,26632.0,26150.0,312.0,47.9,34628.0,42.9,40.0,27.2,,0.9884892829014074,0.7825588439142873,0.4375619140382534,0.5992062116861158,1,0,0.7916715511748652,19.4,42.9,26.15,3.12
Gusar district,district,2008,35.78,,18350.0,18264.0,2581.0,47.6,22262.0,-22.8,,27.24,,0.415381739932167,0.4141638095103414,0.3425361905474719,0.3592589827372223,0,0,0.9970679249838368,35.78,-22.8,18.264,25.81
Hajigabul district,district,2008,,17.41,14174.0,12833.0,1775.0,,12670.0,,90.5,,40.0,0.3391391940825834,0.3354689175419665,0.3033374303519732,0.2900710751546012,0,0,0.9891776692147144,17.41,90.5,12.833,17.75
Imishli district,district,2008,34.38,41.02,36481.0,31032.0,15033.0,32.2,31214.0,9.6,9.6,45.0,45.0,0.3476015696143306,0.3417775452193204,0.2730440924942665,0.3254521241005134,0,0,0.9832451147977496,34.38,9.6,31.032,150.33
Ismayilli district,district,2008,31.13,22.84,23681.0,22746.0,1411.0,48.0,23474.0,-13.7,6.8,25.03,24.57,0.3863565244894744,0.3852691097153342,0.275841702277366,0.309455795438515,0,0,0.9971854628944676,31.13,-13.7,22.746,14.11
Kalbajar district,district,2008,,47.17,11165.0,10750.0,197.0,,8010.0,,16.5,,54.95,0.4033491045172597,0.40316018386163,0.3224167972634905,0.3266947815821956,0,0,0.999531619994903,47.17,16.5,10.75,1.97
Khachmaz district,district,2008,27.01,25.0,25973.0,24694.0,5314.0,47.8,36185.0,18.5,60.0,35.07,40.0,0.6040813710098423,0.4978987086448282,0.384008231324369,0.4524620346345077,0,0,0.8242245706277805,27.01,18.5,24.694,53.14
Khizi district,district,2008,,15.99,5068.0,5049.0,186.0,,5209.0,,50.0,,36.0,0.4714095991383763,0.4689586958869784,0.4015702864118133,0.3929812316500238,0,0,0.9948009050815309,15.99,50.0,5.049,1.86
Khojavand district,district,2008,,9.92,961.0,957.0,553.0,,1660.0,,21.4,,17.0,0.6684161507450869,0.589386273306624,0.589759273189281,0.5644046348809546,0,0,0.8817654580153877,9.92,21.4,0.957,5.53
Kurdamir district,district,2008,22.05,22.95,30411.0,24181.0,12927.0,50.0,24038.0,12.4,21.7,37.11,42.0,0.3385049222983359,0.33777534055468,0.307602662372037,0.3227935656171974,0,0,0.9978446938416662,22.05,12.4,24.181,129.27
Lachin district,district,2008,,23.85,13085.0,10874.0,1379.0,44.4,11391.0,20.0,25.0,30.0,30.0,0.3605759569041542,0.3559396671040535,0.320412071779724,0.3033088054775877,0,0,0.9871419885010994,23.85,20.0,10.874,13.79
Lankaran district,district,2008,24.31,17.84,21291.0,20619.0,189.0,42.8,25297.0,3.3,22.6,26.9,25.0,0.8819427731319268,0.7670463961325895,0.554059212293001,0.5597585091592598,0,0,0.8697235461306395,24.31,3.3,20.619,1.89
Lerik district,district,2008,27.03,17.6,16696.0,16493.0,239.0,54.1,13768.0,25.0,93.7,33.33,34.0,0.4907107271825436,0.4702105127593382,0.3819990401096547,0.3688520404224112,0,0,0.9582234231134316,27.03,25.0,16.493,2.39
Masalli district,district,2008,25.0,38.0,34170.0,32320.0,472.0,48.0,44155.0,18.2,45.0,26.0,58.0,0.9999999999999994,0.7686080344817869,0.0470047674349802,0.6037706427079046,13,0,0.7686080344817874,25.0,18.2,32.32,4.72
Neftchala district,district,2008,26.06,18.86,18554.0,16895.0,12775.0,50.0,19999.0,49.0,73.7,39.04,33.0,0.4038747261422475,0.4022110066222399,0.3781098281605984,0.386545313771491,0,0,0.9958806050185434,26.06,49.0,16.895,127.75
Oghuz district,district,2008,32.87,34.92,13051.0,11440.0,2373.0,46.5,15491.0,80.9,64.0,59.44,60.0,0.4635835471124649,0.4601053638218103,0.4228195250523342,0.4167932433986703,0,0,0.9924971813337224,32.87,80.9,11.44,23.73
Saatli district,district,2008,11.99,12.5,29730.0,27231.0,15470.0,47.9,36381.0,56.5,50.0,24.87,27.0,0.5537821656549011,0.4539572002402977,0.4600930574379626,0.4345722119603693,0,0,0.8197396528713584,11.99,56.5,27.231,154.7
Sabirabad district,district,2008,28.14,38.6,51721.0,42946.0,15870.0,48.0,69918.0,-16.3,5.3,23.69,55.82,0.9999999999999944,0.5531846795330894,0.0396169575052696,0.5205574517002872,19,0,0.5531846795330925,28.14,-16.3,42.946,158.7
Salyan district,district,2008,20.7,16.01,33124.0,31033.0,17103.0,48.0,40510.0,63.6,56.2,33.85,25.0,0.5964887764584889,0.4435497599056118,0.4614187519193246,0.4242813315579328,0,0,0.7436011831422609,20.7,63.6,31.033,171.03
Samukh district,district,2008,21.18,15.96,9530.0,8516.0,7314.0,47.0,13032.0,37.8,41.1,40.0,45.17,0.5253918833001119,0.5199711946500039,0.5021457545776592,0.5002489469164682,0,0,0.9896825801417802,21.18,37.8,8.516,73.14
Shabran district,district,2008,19.04,14.0,11378.0,10114.0,963.0,41.8,10889.0,-4.4,,23.37,50.0,0.3709345345885711,0.3658212380932209,0.3071221662713368,0.2901130347306362,0,0,0.9862150972245772,19.04,-4.4,10.114,9.63
Shaki district,district,2008,48.23,32.0,35450.0,29260.0,7780.0,48.0,47273.0,22.1,71.9,58.52,55.0,0.8564376407453205,0.5489625384835741,0.4120667601402354,0.5065740306623857,0,0,0.640983665787781,48.23,22.1,29.26,77.8
Shamakhi district,district,2008,,9.01,19199.0,18788.0,35.0,,20671.0,,-7.5,,25.67,1.0,0.852470972655053,0.0,0.2428767167573733,1,2,0.852470972655053,9.01,-7.5,18.788,0.35
Shamkir district,district,2008,10.0,,27893.0,26856.0,9704.0,48.0,36770.0,52.5,,20.22,,0.5735501564506218,0.4652176341401444,0.4453038567190349,0.4372854614693621,0,0,0.8111193570569551,10.0,52.5,26.856,97.04
Shusha district,district,2008,,17.78,1223.0,1182.0,515.0,,898.0,,41.7,,48.36,0.3238011058359733,0.2581444110818309,0.2566150160808388,0.2447227873745281,0,0,0.7972314066543003,17.78,41.7,1.182,5.15
Siyazan district,district,2008,33.33,15.6,5130.0,4542.0,65.0,50.0,8048.0,0.1,,33.33,50.0,1.0000000000000002,1.0000000000000002,0.7629093384087025,0.7821118498039743,0,0,1.0,33.33,0.1,4.542,0.65
Tovuz district,district,2008,29.92,,17330.0,16671.0,2683.0,48.1,25532.0,66.2,,49.28,,0.5212137498217054,0.5203877336183611,0.4039223168332608,0.4588090190566181,0,0,0.9984152064222656,29.92,66.2,16.671,26.83
Ujar district,district,2008,36.17,,28888.0,18997.0,10805.0,46.8,29055.0,5.6,,40.43,,0.519928760933356,0.5196844520654897,0.4330413501519015,0.4975077662555108,0,0,0.9995301108801372,36.17,5.6,18.997,108.05
Yevlakh district,district,2008,20.18,18.0,35158.0,22552.0,17419.0,48.2,29407.0,176.5,60.0,55.16,32.0,0.4432324733175274,0.4430671232414222,0.3702671041513219,0.4259068040800272,0,0,0.9996269450321013,20.18,176.5,22.552,174.19
Zagatala district,district,2008,25.93,24.0,28340.0,24344.0,7062.0,48.4,38516.0,40.0,51.5,40.0,40.0,0.6923273809595982,0.5375923814250441,0.485252264269665,0.4988518692502081,0,0,0.7765002457073354,25.93,40.0,24.344,70.62
Zardab district,district,2008,16.67,10.21,22272.0,19258.0,11357.0,50.0,21605.0,60.0,61.1,33.33,30.6,0.3824382621754561,0.3811947888999293,0.3548044628764114,0.3651647836537884,0,0,0.9967485646743256,16.67,60.0,19.258,113.57
Absheron district,district,2009,20.23,10.21,10535.0,10535.0,521.0,48.0,32280.0,32.7,6.8,39.29,38.12,0.9999999999999998,1.0000000000000002,0.1985927275593764,0.6673704596234002,0,0,1.0000000000000004,20.23,32.7,10.535,5.21
Agdash district,district,2009,12.02,10.71,34312.0,22828.0,12690.0,48.0,32417.0,80.0,88.9,19.23,28.33,0.4668197261203609,0.4634532916162658,0.3497217522899395,0.4355209884910727,0,0,0.9927885770122166,12.02,80.0,22.828,126.9
Aghdam district,district,2009,18.76,,14856.0,14515.0,6813.0,48.0,26726.0,44.7,,27.23,,0.6033864399211839,0.6009217700272464,0.5237644120069116,0.561268524400671,0,0,0.9959152713238644,18.76,44.7,14.515,68.13
Aghjabadi district,district,2009,14.77,,40093.0,34187.0,26417.0,48.0,48072.0,25.0,,40.0,,0.718030586762908,0.4589149574562737,0.4847759891665419,0.4336873427988812,0,0,0.6391300954534495,14.77,25.0,34.187,264.17
Aghstafa district,district,2009,30.0,,11340.0,9034.0,6685.0,48.0,11072.0,0.1,,37.5,,0.4151093538815177,0.3999880391274161,0.3948296452237792,0.3778371297830525,0,0,0.9635726956940182,30.0,0.1,9.034,66.85
Aghsu district,district,2009,22.1,21.56,18523.0,14262.0,875.0,48.0,23396.0,33.3,68.2,30.0,40.0,0.5393924059117436,0.535380062998754,0.3816489797964884,0.389030457862459,0,0,0.9925613655865112,22.1,33.3,14.262,8.75
Astara district,district,2009,21.53,17.22,22298.0,21793.0,675.0,48.0,19365.0,1.2,2.6,30.39,20.0,0.3551243661791334,0.351307113225404,0.2478121861432343,0.254112494414817,0,0,0.989250940466856,21.53,1.2,21.793,6.75
Balakan district,district,2009,26.99,,17525.0,14153.0,2776.0,47.0,14115.0,7.4,,41.16,,0.3337539759128404,0.3254868068219935,0.305776493957562,0.287215659285532,0,0,0.975229750991773,26.99,7.4,14.153,27.76
Beylagan district,district,2009,38.33,13.64,25975.0,24258.0,24825.0,48.0,30360.0,-47.5,46.4,20.0,20.0,0.4089681792837205,0.4084583601132928,0.3292761013006928,0.3862857122479583,0,0,0.9987534013738656,38.33,-47.5,24.258,248.25
Bilasuvar district,district,2009,,37.57,19304.0,17057.0,7410.0,,22066.0,,42.0,,53.0,0.4260607647200128,0.4222036449112712,0.3917392714166765,0.3928083859140188,0,0,0.9909470194673374,37.57,42.0,17.057,74.1
Dashkasan district,district,2009,20.04,18.8,13316.0,13137.0,80.0,48.0,19032.0,100.0,20.6,39.8,32.0,1.0,0.8006527864634982,0.653314085116244,0.4803331129704746,0,0,0.8006527864634982,20.04,100.0,13.137,0.8
Fuzuli district,district,2009,22.0,,14437.0,13347.0,4064.0,48.0,6757.0,0.1,,30.0,,0.1775406624328688,0.1652232925006515,0.1651411647918084,0.1507737875322223,0,0,0.930622259918205,22.0,0.1,13.347,40.64
Gabala district,district,2009,11.03,16.31,25973.0,24232.0,1282.0,48.0,25608.0,2.0,39.1,50.0,25.0,0.3466689325435888,0.3448954100449067,0.203608249494486,0.2386440660277429,0,0,0.9948841031537804,11.03,2.0,24.232,12.82
Gakh district,district,2009,27.43,34.81,14142.0,12170.0,3293.0,48.0,9646.0,60.7,47.4,45.0,57.06,0.2706564813750848,0.2586769271340846,0.2528894648230601,0.2339138565813557,0,0,0.955738897586574,27.43,60.7,12.17,32.93
Gazakh district,district,2009,20.0,20.24,15338.0,13615.0,7359.0,45.0,18359.0,150.0,97.3,50.0,40.2,0.4466667831718675,0.4400807682138615,0.4190212807086154,0.4132081238274717,0,0,0.9852551942384492,20.0,150.0,13.615,73.59
Gobustan district,district,2009,,22.63,11168.0,11055.0,30.0,,14545.0,,70.4,,41.24,0.9721397245084392,0.7686185024351867,0.3745889312661052,0.2990784133942141,0,0,0.7906461211878131,22.63,70.4,11.055,0.3
Goychay district,district,2009,30.9,,23217.0,18707.0,4459.0,48.0,23360.0,11.5,,37.91,,0.4106108572918283,0.4075394979342631,0.3608520345422293,0.36503580869463,0,0,0.9925200240007724,30.9,11.5,18.707,44.59
Goygol district,district,2009,22.71,25.4,9823.0,9689.0,1636.0,48.0,22427.0,34.0,18.4,43.45,37.02,0.7619785574575658,0.7554282836871056,0.6559903135770112,0.6569898928308281,0,0,0.9914035982950544,22.71,34.0,9.689,16.36
Guba district,district,2009,34.8,,26400.0,26008.0,386.0,48.0,34648.0,10.3,,37.49,,0.8088808505392872,0.6458702707256883,0.4131448117538445,0.4589459379630445,0,0,0.7984739288797373,34.8,10.3,26.008,3.86
Gusar district,district,2009,28.59,,18566.0,18489.0,3045.0,48.0,23950.0,3.1,,29.59,,0.425661268051842,0.4227592406831807,0.3583160099884127,0.3664209580876754,0,0,0.9931823081250892,28.59,3.1,18.489,30.45
Hajigabul district,district,2009,,17.4,14390.0,12989.0,2052.0,,12681.0,,45.9,,42.31,0.3283433768458963,0.3186242305113193,0.2972889894674688,0.2743676772758191,0,0,0.9703994445450972,17.4,45.9,12.989,20.52
Imishli district,district,2009,46.66,42.79,36660.0,31210.0,18489.0,46.4,40932.0,7.2,16.9,50.0,50.0,0.5835295735093567,0.4280260592294197,0.4784581157646613,0.4028204883410847,0,0,0.7335121965717414,46.66,7.2,31.21,184.89
Ismayilli district,district,2009,26.6,24.97,23715.0,22842.0,1265.0,48.0,23491.0,3.8,51.0,28.02,50.0,0.3381143098955248,0.33563588785718,0.2297131255203784,0.2369517985902475,0,0,0.9926698694322916,26.6,3.8,22.842,12.65
Kalbajar district,district,2009,,25.27,11922.0,11444.0,499.0,48.0,8837.0,,2.9,,36.0,0.2837528703179418,0.2667522627357636,0.2140604799235055,0.1846311892097014,0,0,0.9400865705318532,25.27,2.9,11.444,4.99
Khachmaz district,district,2009,20.51,18.07,26129.0,24847.0,5815.0,48.0,36511.0,17.2,66.1,28.55,30.27,0.5750869349658172,0.4795686466104405,0.3868930334406342,0.4289396731082574,0,0,0.8339063495486048,20.51,17.2,24.847,58.15
Kurdamir district,district,2009,28.98,25.0,30770.0,24726.0,15727.0,48.0,24446.0,158.4,39.5,74.91,34.88,0.3247080971838966,0.3226673010294438,0.2952388714990667,0.3040911956564673,0,0,0.9937149822497436,28.98,158.4,24.726,157.27
Lachin district,district,2009,,28.96,14210.0,11798.0,2123.0,48.0,11907.0,-6.3,10.1,32.42,32.07,0.3405011551210065,0.329378293907795,0.312936762217872,0.288372681424991,0,0,0.9673338517478492,28.96,-6.3,11.798,21.23
Lankaran district,district,2009,31.64,31.0,21204.0,20630.0,432.0,48.0,26410.0,3.6,15.0,34.33,36.55,0.6496445780308968,0.5717353054216449,0.443995093382078,0.4170220056005236,0,0,0.8800740047036202,31.64,3.6,20.63,4.32
Lerik district,district,2009,24.68,30.94,16585.0,16411.0,407.0,48.0,13776.0,22.2,,36.67,,0.3593218101668379,0.35708813993349,0.2564097436463901,0.2609429414212712,0,0,0.9937836497252676,24.68,22.2,16.411,4.07
Masalli district,district,2009,,15.22,35476.0,33614.0,583.0,48.0,44185.0,25.0,53.5,20.83,21.55,0.9750762327041804,0.6156677133104664,0.3630894922028014,0.4443578247136671,2,0,0.6314046970492084,15.22,25.0,33.614,5.83
Neftchala district,district,2009,26.0,18.58,19113.0,17547.0,11131.0,49.0,20000.0,27.2,40.0,35.52,35.0,0.3764951256750232,0.3719873176158718,0.3522577289960906,0.3505571342428813,0,0,0.9880269152195018,26.0,27.2,17.547,111.31
Oghuz district,district,2009,31.58,34.48,12926.0,11396.0,2216.0,47.0,15493.0,102.7,65.3,63.92,60.0,0.4531828973369487,0.4436945499910183,0.4118777899698764,0.3912343192396275,0,0,0.9790628741691556,31.58,102.7,11.396,22.16
Saatli district,district,2009,12.01,12.6,30374.0,27997.0,14398.0,48.0,36523.0,66.9,60.0,20.02,20.0,0.5107630362659703,0.4257512776085631,0.4188865210866506,0.3990915992933873,0,0,0.833559297323272,12.01,66.9,27.997,143.98
Sabirabad district,district,2009,28.0,33.5,54187.0,45131.0,19216.0,48.1,71270.0,18.2,2.9,33.86,35.0,1.0000000000000313,0.5153862360809648,0.0,0.4789790941769956,20,0,0.5153862360809487,28.0,18.2,45.131,192.16
Salyan district,district,2009,18.59,16.01,33270.0,31163.0,18890.0,48.0,40621.0,56.1,87.4,35.0,30.0,0.5755545457532892,0.4254145747461056,0.4756676301528908,0.400557434659452,0,0,0.7391385888357819,18.59,56.1,31.163,188.9
Samukh district,district,2009,25.11,24.6,9582.0,8554.0,8568.0,47.3,13106.0,32.7,37.0,34.64,50.0,0.5144749705548656,0.5000367589646243,0.4885392298708101,0.4728725098823729,0,0,0.9719360271799626,25.11,32.7,8.554,85.68
Shabran district,district,2009,23.33,20.17,11404.0,10156.0,962.0,48.0,11068.0,-30.6,10.1,33.01,38.0,0.3691234950432761,0.3556701942875773,0.3116951783635513,0.2834675810929516,0,0,0.963553388130654,23.33,-30.6,10.156,9.62
Shaki district,district,2009,48.53,35.0,36917.0,30408.0,9487.0,48.0,47602.0,21.7,71.4,58.63,60.0,0.8075516072431616,0.5109028876018085,0.4299931672475012,0.4670348280059798,0,0,0.6326566414076502,48.53,21.7,30.408,94.87
Shamakhi district,district,2009,,13.44,19250.0,18856.0,96.0,,20878.0,,17.0,,55.0,0.8088522549905511,0.6218486750826935,0.4678320304455283,0.3511203033687594,0,0,0.7688037849260343,13.44,17.0,18.856,0.96
Shamkir district,district,2009,10.01,,28018.0,27131.0,9034.0,48.0,38619.0,116.7,,46.86,,0.5956147147678666,0.4645540348843059,0.4496854558673169,0.4263102692690537,0,0,0.7799572834015023,10.01,116.7,27.131,90.34
Siyazan district,district,2009,55.0,25.65,5325.0,4806.0,6.0,50.0,8023.0,-16.5,117.2,50.17,56.13,1.0,1.0,0.0,0.0,17,5,1.0,55.0,-16.5,4.806,0.06
Tartar district,district,2009,15.91,,11039.0,10834.0,7880.0,48.0,11280.0,50.0,,30.0,,0.3522837034229032,0.339798362994648,0.3350772676224298,0.3209047442309871,0,0,0.96455884757954,15.91,50.0,10.834,78.8
Tovuz district,district,2009,40.09,,17416.0,16755.0,2833.0,51.0,25839.0,15.7,,46.44,,0.5057823643882153,0.5033062038852077,0.4027964327624502,0.4377929702652763,0,0,0.9951042964773936,40.09,15.7,16.755,28.33
Ujar district,district,2009,30.0,32.22,31543.0,21078.0,11222.0,48.0,29593.0,,8.6,,40.0,0.4590269500007434,0.4582058270496568,0.3739313570631246,0.4300123776326633,0,0,0.998211166139406,30.0,8.6,21.078,112.22
Yevlakh district,district,2009,19.61,18.45,35164.0,24151.0,13519.0,50.1,29496.0,191.7,108.7,78.72,42.07,0.3993349192556228,0.3985924062962597,0.3273380236753188,0.3746339288223543,0,0,0.9981406260170106,19.61,191.7,24.151,135.19
Zagatala district,district,2009,20.0,34.92,28500.0,24998.0,8072.0,48.0,39657.0,21.6,15.8,26.37,40.74,0.6832804557168382,0.5177446351841978,0.5010313198732685,0.4743789784115146,0,0,0.7577337107367214,20.0,21.6,24.998,80.72
Zardab district,district,2009,21.48,20.0,22366.0,19646.0,13348.0,48.0,21663.0,19.7,76.3,30.93,35.0,0.3633508076828838,0.3598698591462948,0.3376821011662591,0.339492575180493,0,0,0.990419868449482,21.48,19.7,19.646,133.48
Absheron district,district,2010,8.35,10.41,11740.0,11740.0,522.0,48.0,32931.0,7.7,9.3,37.1,40.2,0.9999999999999992,1.0,0.4875954519472139,0.7589377471877259,0,0,1.0000000000000009,8.35,7.7,11.74,5.22
Agdash district,district,2010,15.72,24.56,34629.0,23056.0,13728.0,48.0,33297.0,115.0,16.7,34.4,29.2,0.5214226365894279,0.5148542719788146,0.4431950817424249,0.4903067893043009,0,0,0.9874029929855438,15.72,115.0,23.056,137.28
Aghdam district,district,2010,15.27,,14930.0,14528.0,7325.0,48.0,26856.0,29.4,,20.0,,0.6617273190651515,0.6590201217684232,0.6008987285821167,0.625289994209519,0,0,0.995908892955254,15.27,29.4,14.528,73.25
Aghstafa district,district,2010,48.85,,11427.0,9153.0,7057.0,46.5,13644.0,400.0,,50.0,,0.5450664036521806,0.5314243210536423,0.5213677361307012,0.5073997442559574,0,0,0.9749717052690636,48.85,400.0,9.153,70.57
Aghsu district,district,2010,22.5,18.85,18654.0,14506.0,941.0,48.0,24177.0,37.5,175.0,30.6,51.2,0.5980867981692559,0.5941798439189141,0.4740675165399958,0.496394458187805,0,0,0.9934675798524544,22.5,37.5,14.506,9.41
Astara district,district,2010,12.38,15.01,22374.0,22027.0,997.0,48.2,21108.0,4.3,4.3,23.2,21.1,0.3451041190306345,0.3416291431513081,0.2486371684581531,0.2609895706339696,0,0,0.9899306450207338,12.38,4.3,22.027,9.97
Balakan district,district,2010,26.98,,17513.0,14289.0,3416.0,47.0,15625.0,48.7,,55.2,,0.3976765360997045,0.3898354843570757,0.3718499349286798,0.3609220766348083,0,0,0.9802828403718974,26.98,48.7,14.289,34.16
Beylagan district,district,2010,28.48,23.06,26358.0,24841.0,25326.0,48.0,34768.0,-30.0,0.0,20.0,22.8,0.5295677897231017,0.4989692844352275,0.4628614112214637,0.4771175040321824,0,0,0.9422198519591356,28.48,-30.0,24.841,253.26
Bilasuvar district,district,2010,43.54,37.58,19463.0,17413.0,7615.0,48.0,23573.0,50.0,40.2,54.5,56.7,0.4860982969331621,0.4826190208040996,0.4515530209005041,0.4561721894609831,0,0,0.9928424432856202,43.54,50.0,17.413,76.15
Dashkasan district,district,2010,19.57,20.29,13563.0,13375.0,85.0,48.0,19341.0,101.3,71.3,50.2,49.5,0.9902891142066595,0.7405801347723092,0.652597126060614,0.4129839885954194,0,0,0.7478423463895216,19.57,101.3,13.375,0.85
Gabala district,district,2010,20.0,15.78,26060.0,24489.0,1637.0,48.0,25658.0,14.3,73.8,40.0,32.9,0.3754436637179739,0.3735209173796697,0.2907696163773328,0.3136226590835959,0,0,0.9948787354159518,20.0,14.3,24.489,16.37
Gakh district,district,2010,27.94,35.55,14168.0,12279.0,2723.0,48.0,11216.0,,22.2,,58.2,0.3370895550908408,0.3256403247989947,0.3162458405456608,0.30034942405243,0,0,0.9660350487906376,27.94,22.2,12.279,27.23
Gazakh district,district,2010,20.38,23.79,15459.0,13512.0,7557.0,48.0,23289.0,100.0,96.1,50.0,53.7,0.619080923597518,0.6144610834657082,0.5794873226145222,0.5844326650683486,0,0,0.9925375828010276,20.38,100.0,13.512,75.57
Gobustan district,district,2010,,23.29,11205.0,11092.0,33.0,,14830.0,,67.5,,40.4,0.9999999999999992,0.999999999999998,0.4208794688061024,0.4640839911925245,0,0,0.999999999999999,23.29,67.5,11.092,0.33
Goranboy district,district,2010,20.96,,20857.0,19626.0,11186.0,48.0,23619.0,43.8,,32.9,,0.4321069486116032,0.429035164926756,0.4039295028154789,0.4082301579890789,0,0,0.992891149529724,20.96,43.8,19.626,111.86
Goychay district,district,2010,40.38,,23525.0,19041.0,5180.0,56.6,23550.0,3.3,,39.4,,0.4441142261446387,0.4409246069253941,0.4049597275428314,0.4101791614189024,0,0,0.9928180206093964,40.38,3.3,19.041,51.8
Goygol district,district,2010,37.18,35.15,9827.0,9682.0,949.0,43.1,22532.0,38.5,16.7,52.9,41.2,0.8366091272140527,0.8296555872261899,0.7101951863773623,0.7281027479816156,0,0,0.9916884244246552,37.18,38.5,9.682,9.49
Guba district,district,2010,31.44,,26506.0,26051.0,862.0,49.6,35341.0,35.2,,38.9,,0.6204792596694156,0.5318789350825249,0.3588669923034452,0.4135039662146715,0,0,0.857206629865282,31.44,35.2,26.051,8.62
Gusar district,district,2010,26.03,,18714.0,18644.0,3778.0,48.0,24030.0,4.7,,26.7,,0.4625827530233821,0.4594918942392019,0.413632967527748,0.4215629856771247,0,0,0.9933182576220606,26.03,4.7,18.644,37.78
Hajigabul district,district,2010,,17.6,14948.0,13461.0,1509.0,,13800.0,,88.9,,42.4,0.3746822152526906,0.3654811141234675,0.3386222070473605,0.3239933563301486,0,0,0.975442920014184,17.6,88.9,13.461,15.09
Imishli district,district,2010,42.66,39.47,38800.0,33036.0,20896.0,46.4,43971.0,2.6,10.4,45.4,43.5,0.6127807761323762,0.474506387630851,0.5138138289349556,0.4522131104577553,0,0,0.7743493368472537,42.66,2.6,33.036,208.96
Ismayilli district,district,2010,30.64,86.45,23751.0,22908.0,1230.0,48.0,33687.0,7.5,23.1,27.6,44.4,0.551889372216369,0.5242498804467249,0.3138733377831264,0.4207303007289188,0,0,0.9499184199568024,30.64,7.5,22.908,12.3
Jalilabad district,district,2010,15.83,,49857.0,45971.0,112.0,48.0,50705.0,16.7,,29.2,,0.9999999999999998,0.999999999999998,0.1720193095425062,0.4912381861903896,4,0,0.999999999999998,15.83,16.7,45.971,1.12
Kalbajar district,district,2010,,27.87,11973.0,11589.0,357.0,,14051.0,,26.1,,31.9,0.4939269126341397,0.4850724027834684,0.3730600432082924,0.3762069140559719,0,0,0.9820732387238232,27.87,26.1,11.589,3.57
Khachmaz district,district,2010,31.9,20.49,26020.0,24657.0,5812.0,48.0,37862.0,-6.1,51.6,29.6,33.5,0.6301748563730764,0.5474273532516916,0.4805178064428317,0.506492850849801,0,0,0.8686912016807021,31.9,-6.1,24.657,58.12
Khizi district,district,2010,,39.16,5150.0,5126.0,369.0,,8940.0,,100.0,,62.7,0.6520594796370048,0.621759020768108,0.5563906785638179,0.5272933200226577,0,0,0.9535311427635944,39.16,100.0,5.126,3.69
Khojavand district,district,2010,2.5,14.31,872.0,872.0,521.0,,385.0,,41.8,,21.1,0.3990363945341935,0.1574009765762663,0.2352198844455649,0.1499042264933421,0,0,0.3944526833448486,2.5,41.8,0.872,5.21
Kurdamir district,district,2010,57.62,25.75,31106.0,25097.0,14809.0,48.1,32693.0,4.7,77.3,62.4,45.2,0.4644655984423109,0.464404203216224,0.3926908308884214,0.4421932681120318,0,0,0.999867815342422,57.62,4.7,25.097,148.09
Lachin district,district,2010,,33.0,16369.0,13953.0,1462.0,48.0,12789.0,16.1,-5.3,42.4,32.0,0.3361082270060214,0.3267624706666135,0.3029518384475078,0.2884156231589501,0,0,0.9721942053526692,33.0,16.1,13.953,14.62
Masalli district,district,2010,12.36,53.85,34943.0,33072.0,974.0,48.0,42223.0,25.0,25.0,20.8,40.0,0.8464736958170312,0.5170460219149405,0.4816948964332268,0.399090970564503,0,0,0.6108234957211265,12.36,25.0,33.072,9.74
Neftchala district,district,2010,22.54,20.28,19495.0,17929.0,10285.0,48.0,20167.0,42.6,39.3,32.3,28.1,0.4056127639080761,0.4010037270102238,0.3829708433302308,0.3816087538899009,0,0,0.9886368543892844,22.54,42.6,17.929,102.85
Oghuz district,district,2010,36.93,39.33,12931.0,11464.0,2523.0,47.0,15895.0,71.6,57.5,63.4,65.0,0.5039172910600016,0.4942964971716646,0.4691168131587644,0.4557147646986913,0,0,0.9809079901423912,36.93,71.6,11.464,25.23
Saatli district,district,2010,12.52,12.94,30943.0,28823.0,12622.0,48.0,36770.0,53.8,55.4,20.0,20.0,0.5099081341424017,0.4547970364931798,0.4350634914766011,0.429892255981514,0,0,0.8919195557805497,12.52,53.8,28.823,126.22
Sabirabad district,district,2010,38.8,34.0,53500.0,44623.0,15075.0,48.1,75621.0,0.3,17.4,40.2,40.0,0.999999999999996,0.6041528514481402,0.1015003879333054,0.5661805470968517,9,0,0.6041528514481427,38.8,0.3,44.623,150.75
Salyan district,district,2010,18.09,17.4,33678.0,31592.0,19229.0,49.3,40000.0,91.5,56.4,34.3,27.9,0.5439689602694356,0.4513838833915023,0.4722439838959322,0.4299881545703729,0,0,0.8297971324833046,18.09,91.5,31.592,192.29
Samukh district,district,2010,21.99,28.57,9804.0,8793.0,7861.0,47.2,13616.0,39.0,80.0,32.2,69.2,0.5662677110997136,0.5520464832085882,0.5418724063869269,0.5276300524497042,0,0,0.974886034269008,21.99,39.0,8.793,78.61
Shabran district,district,2010,38.73,37.5,11711.0,10442.0,846.0,54.4,11885.0,62.7,,58.2,,0.4188174654832915,0.4057688229510155,0.3661293820496064,0.3493206312577737,0,0,0.968844082189317,38.73,62.7,10.442,8.46
Shaki district,district,2010,46.45,38.0,37896.0,31364.0,7598.0,47.4,49823.0,26.9,70.9,58.6,65.0,0.8054403293819148,0.5663196188529925,0.4580472800551962,0.524601385170207,0,0,0.7031180314593626,46.45,26.9,31.364,75.98
Shamakhi district,district,2010,,13.81,19312.0,18901.0,117.0,,20880.0,,13.9,,79.9,0.7755813443864815,0.566831891306876,0.4986714038932076,0.3108099585550774,0,0,0.7308477639508781,13.81,13.9,18.901,1.17
Shamkir district,district,2010,17.31,,28562.0,27814.0,10090.0,42.0,45027.0,156.0,,42.2,,0.7570732414264172,0.5771287905506994,0.5774130541770257,0.5421417869336708,0,0,0.7623156637570749,17.31,156.0,27.814,100.9
Siyazan district,district,2010,18.2,30.75,5446.0,5007.0,22.0,48.0,9557.0,284.6,73.8,70.0,51.4,1.0000000000000002,1.0,0.233547232784095,0.3394388399303338,0,0,0.9999999999999998,18.2,284.6,5.007,0.22
Tartar district,district,2010,32.92,,11136.0,10933.0,9923.0,52.0,12030.0,17.3,,33.5,,0.4046507055402172,0.3922739397205138,0.3874334895088431,0.3749550501904262,0,0,0.9694137050788524,32.92,17.3,10.933,99.23
Tovuz district,district,2010,55.01,,17420.0,16736.0,4095.0,51.0,27350.0,2.5,,56.4,,0.5847567377623507,0.5825978015449534,0.5049667093849912,0.5398807070914807,0,0,0.9963079754742824,55.01,2.5,16.736,40.95
Ujar district,district,2010,28.93,88.97,32492.0,21675.0,11541.0,48.0,34006.0,23.1,,41.0,,0.5798405824236997,0.559319064149264,0.4937517184593883,0.5314069904046034,0,0,0.964608344264803,28.93,23.1,21.675,115.41
Yevlakh district,district,2010,26.0,25.77,29923.0,20317.0,18587.0,50.1,32408.0,92.3,69.1,50.0,43.7,0.568830776707628,0.5686641204731672,0.4884974230026516,0.5435741737622128,0,0,0.9997070196598268,26.0,92.3,20.317,185.87
Zagatala district,district,2010,28.35,28.93,28800.0,25429.0,8091.0,39.5,40283.0,-18.2,24.1,23.3,49.7,0.6843782671092771,0.5647493016078643,0.5431281980521331,0.5281977441630398,0,0,0.8252005195800421,28.35,-18.2,25.429,80.91
Zardab district,district,2010,28.7,30.83,22564.0,19904.0,14353.0,48.0,21702.0,152.3,104.2,61.8,35.0,0.3923596056436281,0.3887071901581999,0.3695725273099509,0.3708991306889204,0,0,0.9906911531337768,28.7,152.3,19.904,143.53
Absheron district,district,2011,35.73,20.13,11972.0,11972.0,338.0,48.0,40807.0,7.6,9.5,49.3,39.2,1.0000000000000002,1.0000000000000002,0.0831098758823525,0.5927746961653837,1,0,1.0,35.73,7.6,11.972,3.38
Agdash district,district,2011,22.91,25.0,35179.0,23541.0,12718.0,48.0,34323.0,51.5,25.0,35.1,29.4,0.4304444251373835,0.4277523194603045,0.3666698781926902,0.3999266199135761,0,0,0.9937457531800538,22.91,51.5,23.541,127.18
Aghstafa district,district,2011,25.0,,11543.0,9276.0,6097.0,48.0,13862.0,52.9,,51.0,,0.4668186056124774,0.4384269019787538,0.4401290246874165,0.4109316171345519,0,0,0.939180436914092,25.0,52.9,9.276,60.97
Aghsu district,district,2011,,22.09,18719.0,14736.0,1027.0,,25019.0,,95.2,,54.0,0.5085784937830826,0.4981066896641475,0.4010759624747053,0.4156474262111588,0,0,0.9794096599700076,22.09,95.2,14.736,10.27
Astara district,district,2011,14.94,16.67,22233.0,22011.0,906.0,48.0,21578.0,1.3,7.7,30.3,22.5,0.2961483348085939,0.2876096510209687,0.2044237241820484,0.2119197730468156,0,0,0.971167544152683,14.94,1.3,22.011,9.06
Balakan district,district,2011,26.99,,18245.0,15107.0,3214.0,47.2,15656.0,35.7,,51.1,,0.3203151084674197,0.3040427301350545,0.294003218162333,0.2751146424807824,0,0,0.9491988423205449,26.99,35.7,15.107,32.14
Beylagan district,district,2011,27.69,17.22,26581.0,25158.0,26233.0,48.0,36350.0,-28.0,16.8,20.0,19.9,0.4256285714726686,0.4238969995851622,0.353989806636231,0.3985449235983765,0,0,0.9959317301432205,27.69,-28.0,25.158,262.33
Bilasuvar district,district,2011,49.24,36.78,19510.0,17588.0,6746.0,48.0,23781.0,,38.1,39.6,55.7,0.4061466464872579,0.3966849246294535,0.3738269556997909,0.3674992407280219,0,0,0.9767036809496314,49.24,38.1,17.588,67.46
Dashkasan district,district,2011,22.96,35.03,13766.0,13584.0,100.0,48.0,20213.0,14.5,44.3,41.5,50.5,0.8462399111812433,0.7532979449151971,0.4798672048078538,0.3922465982629959,0,0,0.8901706655074788,22.96,14.5,13.584,1.0
Fuzuli district,district,2011,83.21,,14798.0,13988.0,6447.0,48.0,9615.0,-8.3,,28.9,,0.2234579966232184,0.2016627592370256,0.2070198540754286,0.1877761657790372,0,0,0.9024638289273548,83.21,-8.3,13.988,64.47
Gabala district,district,2011,24.99,,26135.0,24620.0,1922.0,48.0,26127.0,42.1,,33.0,,0.317166906594651,0.3113390076569945,0.2518155056054181,0.2628654344962581,0,0,0.981625135483934,24.99,42.1,24.62,19.22
Gakh district,district,2011,30.46,35.86,12767.0,11161.0,2045.0,47.9,11352.0,,38.2,,69.5,0.3241963816614056,0.2984017147622561,0.2945767849088002,0.2678039597754362,0,0,0.920435056162688,30.46,38.2,11.161,20.45
Gazakh district,district,2011,25.99,24.1,15495.0,13760.0,7725.0,47.9,25124.0,21.9,105.1,32.0,50.1,0.5468162368739043,0.5356762491159462,0.5071032078370353,0.5011524917732167,0,0,0.9796275475987248,25.99,21.9,13.76,77.25
Gobustan district,district,2011,,23.54,11246.0,11133.0,24.0,,15052.0,,93.3,,47.1,0.9999999999999996,1.0000000000000002,0.0366326371307015,0.0625625610774565,1,0,1.0000000000000009,23.54,93.3,11.133,0.24
Goychay district,district,2011,41.04,,23926.0,19546.0,5479.0,48.0,23750.0,24.4,,50.8,,0.3650115318437865,0.3564821263797324,0.330927124213204,0.3270172767963777,0,0,0.9766325041267344,41.04,24.4,19.546,54.79
Goygol district,district,2011,32.81,32.47,9851.0,9724.0,973.0,48.1,22586.0,31.8,59.2,35.2,42.9,0.6997528644022235,0.6814381030944227,0.5943109953136751,0.5864843137761511,0,0,0.9738268148091876,32.81,31.8,9.724,9.73
Guba district,district,2011,49.38,,26406.0,26002.0,1042.0,48.0,35376.0,19.2,,39.2,,0.4011895386175409,0.3991480495720778,0.1855713353100443,0.291069218754109,0,0,0.9949114100719127,49.38,19.2,26.002,10.42
Gusar district,district,2011,31.24,,18793.0,18727.0,4099.0,48.0,26237.0,-6.0,,29.4,,0.4186386506305125,0.4110342437468673,0.368421724733883,0.3725278583523286,0,0,0.981835392235781,31.24,-6.0,18.727,40.99
Hajigabul district,district,2011,,18.06,15342.0,13821.0,1794.0,,14790.0,,89.1,,40.5,0.3323490833976241,0.3139501878024148,0.2979054016213013,0.2757490835929408,0,0,0.9446398485378196,18.06,89.1,13.821,17.94
Imishli district,district,2011,40.79,48.62,38955.0,33539.0,20765.0,47.9,44487.0,15.1,12.1,50.2,49.3,0.4499037275025369,0.3891482220175579,0.3249684977802191,0.3645314260186165,0,0,0.864958875041469,40.79,15.1,33.539,207.65
Ismayilli district,district,2011,40.48,45.72,23798.0,22997.0,1370.0,48.0,33709.0,-17.1,-21.3,26.0,32.7,0.4330546381777717,0.4300378916966925,0.2634182241960058,0.3517918649899025,0,0,0.993033797089039,40.48,-17.1,22.997,13.7
Jalilabad district,district,2011,14.58,,49969.0,46056.0,112.0,48.0,54905.0,18.6,,50.0,,1.0,0.854513040083579,0.0,0.1492766136691514,22,0,0.8545130400835791,14.58,18.6,46.056,1.12
Kalbajar district,district,2011,,45.21,12123.0,11753.0,325.0,,15010.0,,2.5,,56.5,0.4117213586625835,0.3791131879238901,0.2613642755048752,0.2269730537290314,0,0,0.9208003907190624,45.21,2.5,11.753,3.25
Khachmaz district,district,2011,60.64,21.15,25961.0,24709.0,3768.0,48.0,39263.0,-42.2,66.1,38.9,37.4,0.4667979599351612,0.4661872062000253,0.2800838576230892,0.4138969914636924,0,0,0.9986916101021078,60.64,-42.2,24.709,37.68
Khizi district,district,2011,,41.35,5460.0,5441.0,176.0,,9650.0,,100.0,,62.9,0.5763015441581917,0.5203321103698515,0.3513579484590934,0.3396645293196745,0,0,0.902881686929895,41.35,100.0,5.441,1.76
Khojavand district,district,2011,,15.56,881.0,880.0,475.0,,290.0,,19.5,,30.0,0.5466990704482393,0.0966823873800618,0.1141397102305534,0.0903913963567583,0,0,0.1768475430199503,15.56,19.5,0.88,4.75
Kurdamir district,district,2011,34.64,26.72,32175.0,25988.0,14086.0,48.0,33454.0,2.7,97.1,88.8,50.0,0.3804308807595996,0.3776654313825316,0.3278002686700838,0.353121073655682,0,0,0.99273074422469,34.64,2.7,25.988,140.86
Lachin district,district,2011,,31.76,16700.0,14023.0,1325.0,,13095.0,,8.8,,34.6,0.2932812391556846,0.2739659621294278,0.2558448337336376,0.2347571485771899,0,0,0.934140768492854,31.76,8.8,14.023,13.25
Lerik district,district,2011,29.48,31.19,16732.0,16644.0,356.0,48.0,13795.0,59.3,,50.0,,0.3014499522830395,0.2820490959599407,0.1897671898480423,0.1728152679042642,0,0,0.9356415346024576,29.48,59.3,16.644,3.56
Masalli district,district,2011,43.92,16.67,35473.0,33775.0,913.0,48.0,43133.0,42.9,,20.8,,0.5078723612812321,0.3839558269136516,0.0997992299623187,0.2312069991449116,0,0,0.7560085095889629,43.92,42.9,33.775,9.13
Neftchala district,district,2011,19.16,20.28,19864.0,18268.0,10754.0,48.0,20207.0,-6.8,39.3,16.8,28.1,0.3355427961739439,0.3245210546375119,0.3148359100577076,0.3038198009518779,0,0,0.9671525013735702,19.16,-6.8,18.268,107.54
Oghuz district,district,2011,37.1,39.59,12942.0,11498.0,3445.0,46.9,15926.0,89.3,56.0,70.5,66.1,0.4275155882423624,0.4063651421371875,0.3969994292340683,0.3736489724282016,0,0,0.9505270762356752,37.1,89.3,11.498,34.45
Saatli district,district,2011,15.19,15.7,31355.0,29360.0,15137.0,48.0,36845.0,24.5,55.7,20.0,20.3,0.3694941780005873,0.3681752155708179,0.2971919154657337,0.343836883128297,0,0,0.99643035666514,15.19,24.5,29.36,151.37
Sabirabad district,district,2011,33.6,33.71,54483.0,45440.0,22581.0,48.1,80316.0,2.9,19.8,35.0,41.0,1.0,0.5185561490589333,0.0,0.4838154101056197,27,0,0.5185561490589333,33.6,2.9,45.44,225.81
Salyan district,district,2011,34.59,13.49,32112.0,29915.0,21663.0,48.0,42207.0,20.8,104.7,42.6,32.8,0.4398441377688833,0.4139305850775169,0.3241259981029923,0.3883116277830746,0,0,0.9410846923575852,34.59,20.8,29.915,216.63
Samukh district,district,2011,24.52,28.57,9901.0,8951.0,7727.0,47.1,13685.0,27.1,35.0,35.7,38.6,0.4781600878857877,0.4485442407670144,0.4513597348154383,0.4214007394648437,0,0,0.938062904309472,24.52,27.1,8.951,77.27
Shabran district,district,2011,47.28,,11892.0,10599.0,672.0,48.0,12377.0,28.9,,52.4,,0.3688133777429747,0.3425961979401642,0.3015579801944802,0.2826822503377155,0,0,0.928914780794418,47.28,28.9,10.599,6.72
Shaki district,district,2011,37.54,41.56,38694.0,32134.0,8647.0,48.0,50222.0,72.5,71.1,64.6,65.0,0.6339723010294417,0.4585231365125445,0.2304909759385021,0.4199598361298563,0,0,0.7232542112139545,37.54,72.5,32.134,86.47
Shamakhi district,district,2011,,14.34,19544.0,19126.0,117.0,,21074.0,,14.0,,80.0,0.6742357662805144,0.5830301056445216,0.3482644977017917,0.275117187407268,0,0,0.8647273473207489,14.34,14.0,19.126,1.17
Shamkir district,district,2011,14.56,,28655.0,28012.0,10092.0,47.3,46962.0,76.4,,46.9,,0.6135188129130139,0.4918520736193562,0.3539337335302687,0.4549105403269,0,0,0.8016902876767891,14.56,76.4,28.012,100.92
Siyazan district,district,2011,29.73,30.69,5791.0,5388.0,28.0,48.0,9842.0,134.3,64.0,69.6,50.2,1.0,1.0,0.1886526818036626,0.4049849318031731,1,0,1.0000000000000002,29.73,134.3,5.388,0.28
Tartar district,district,2011,77.39,,11332.0,11178.0,10182.0,71.2,12367.0,-12.0,,83.7,,0.3494557989531252,0.3245878772224126,0.3292818420899301,0.3050270528087735,0,0,0.9288381483288872,77.39,-12.0,11.178,101.82
Tovuz district,district,2011,28.11,,17587.0,16903.0,4351.0,47.0,28225.0,59.8,,52.0,,0.4971695395083012,0.489894088938706,0.4336118970114253,0.4478063767807029,0,0,0.9853662584059544,28.11,59.8,16.903,43.51
Ujar district,district,2011,42.02,75.0,32794.0,21873.0,11725.0,48.0,34657.0,-1.9,0.0,43.3,50.0,0.4676000983016025,0.4648519461876486,0.3958401873542337,0.4345331442916559,0,0,0.9941228581346848,42.02,-1.9,21.873,117.25
Yevlakh district,district,2011,25.11,25.93,29954.0,20360.0,17611.0,47.9,34912.0,96.2,67.9,51.0,43.7,0.5059006254982658,0.5030706671680768,0.4326737071037285,0.4726349687996577,0,0,0.9944060983767282,25.11,96.2,20.36,176.11
Zagatala district,district,2011,31.97,39.0,29088.0,25765.0,7915.0,47.9,40788.0,21.5,18.8,40.0,49.0,0.464452220725809,0.4644450130132439,0.3026678534467124,0.4274303082570986,0,0,0.9999844812614872,31.97,21.5,25.765,79.15
Zardab district,district,2011,30.0,29.07,22629.0,20037.0,16005.0,48.0,21806.0,105.9,47.5,70.0,50.1,0.3285513496764167,0.3192826723156079,0.3080300722561657,0.2997720467129154,0,0,0.9717892579959349,30.0,105.9,20.037,160.05
Absheron district,district,2012,38.0,20.12,12201.0,12201.0,351.0,48.0,40800.0,18.5,9.4,53.64,39.2,0.9999999999999998,0.9999999999999998,0.2681933717559379,0.6206349849403632,0,0,1.0,38.0,18.5,12.201,3.51
Agdash district,district,2012,20.47,25.0,35727.0,23937.0,12398.0,46.9,38208.0,71.6,12.5,34.98,30.0,0.478281316531605,0.4773312297722696,0.3940462623273882,0.446412385540421,0,0,0.9980135398843818,20.47,71.6,23.937,123.98
Aghjabadi district,district,2012,19.93,,42347.0,36664.0,28043.0,48.0,50236.0,33.3,,40.0,,0.5335335004270132,0.4097419892569726,0.3724845915228867,0.3857421014955766,0,0,0.7679779974997556,19.93,33.3,36.664,280.43
Aghstafa district,district,2012,19.8,,11627.0,9369.0,5536.0,48.0,14863.0,121.7,,67.11,,0.4986940064354119,0.4744041755350874,0.4680193100090846,0.4450228488280786,0,0,0.9512931164464068,19.8,121.7,9.369,55.36
Astara district,district,2012,34.95,19.56,22238.0,22035.0,1005.0,48.0,29863.0,-2.5,1.9,37.12,30.6,0.4096353892645695,0.4052804395413711,0.2873934333098886,0.3099597817843128,0,0,0.98936871706564,34.95,-2.5,22.035,10.05
Balakan district,district,2012,38.75,,18256.0,15272.0,2312.0,47.7,16420.0,22.8,,54.03,,0.3355300358958807,0.3215233375959078,0.2992203934910951,0.2847864802853102,0,0,0.9582550090856268,38.75,22.8,15.272,23.12
Barda district,district,2012,,30.38,39297.0,33809.0,29378.0,,51450.0,,25.0,,40.0,0.6065971405926465,0.4550805954905844,0.4084995138450944,0.4286651954492304,0,0,0.7502188273521532,30.38,25.0,33.809,293.78
Beylagan district,district,2012,25.61,16.22,26788.0,25402.0,28775.0,48.0,37740.0,-2.0,39.0,25.13,22.3,0.4453497150675186,0.4442927722226595,0.3790311496012484,0.4186807255219099,0,0,0.9976267126505316,25.61,-2.0,25.402,287.75
Bilasuvar district,district,2012,49.31,38.3,19652.0,17831.0,7675.0,48.0,26955.0,18.2,38.6,40.63,55.8,0.4588755718340101,0.4520629348424915,0.4169066405449487,0.4198475588433124,0,0,0.9851536289798776,49.31,18.2,17.831,76.75
Dashkasan district,district,2012,22.11,35.29,13962.0,13792.0,442.0,48.0,20527.0,14.2,45.5,39.94,50.9,0.4579723065295932,0.4450753047376142,0.3030242673573202,0.2998441450906304,0,0,0.9718389046496948,22.11,14.2,13.792,4.42
Fuzuli district,district,2012,43.5,,14830.0,13999.0,6884.0,48.0,11628.0,16.2,,50.32,,0.2666790727278175,0.2483952425173226,0.2483668353390765,0.231896692228934,0,0,0.9314388263635666,43.5,16.2,13.999,68.84
Gabala district,district,2012,15.43,,26256.0,24863.0,1661.0,48.0,27487.0,52.9,,34.97,,0.3353028202594381,0.3306047404482445,0.2596144042238157,0.2717429509167675,0,0,0.985988546688756,15.43,52.9,24.863,16.61
Gakh district,district,2012,26.49,35.94,12973.0,11329.0,1997.0,48.0,14969.0,116.7,35.2,50.98,68.7,0.4151322074319749,0.395126789395253,0.3750781343887809,0.353644739216166,0,0,0.9518095255473524,26.49,116.7,11.329,19.97
Gazakh district,district,2012,24.46,25.08,15611.0,13833.0,7015.0,47.9,26344.0,103.1,124.0,46.43,56.3,0.57867818144377,0.5695090172264958,0.5307990517536226,0.5322710178566069,0,0,0.984154985428347,24.46,103.1,13.833,70.15
Gobustan district,district,2012,,24.01,11287.0,11172.0,42.0,,16885.0,,117.8,,54.1,1.0,0.9471705956848294,0.0,0.1509660449493037,0,0,0.9471705956848294,24.01,117.8,11.172,0.42
Goranboy district,district,2012,32.78,,21580.0,20929.0,12665.0,48.7,32390.0,33.3,,50.0,,0.4663303727579483,0.4628046715365393,0.4142149865514778,0.4343331661922304,0,0,0.992439477616357,32.78,33.3,20.929,126.65
Goychay district,district,2012,50.53,,24129.0,19809.0,5607.0,48.0,24240.0,24.4,,51.64,,0.3732710874657393,0.3659361609250695,0.3357076147781687,0.3349992117208499,0,0,0.9803495990260884,50.53,24.4,19.809,56.07
Goygol district,district,2012,35.2,29.76,9946.0,9830.0,1163.0,48.0,22594.0,34.6,45.6,40.12,40.2,0.7035953580746507,0.6873451469092214,0.6005624429214773,0.5980469582844367,0,0,0.9769040386936364,35.2,34.6,9.83,11.63
Guba district,district,2012,49.7,,26318.0,25994.0,802.0,48.0,37028.0,-1.8,,42.38,,0.427256333905252,0.4259831341169228,0.2047815580427288,0.2808243446206041,0,0,0.9970200563753104,49.7,-1.8,25.994,8.02
Gusar district,district,2012,31.9,,19040.0,18980.0,4270.0,47.6,26426.0,0.6,,30.22,,0.4230061871952211,0.4163614253393662,0.3706556422827585,0.3777799480603764,0,0,0.9842915728965728,31.9,0.6,18.98,42.7
Hajigabul district,district,2012,,57.88,15490.0,13967.0,2766.0,,16081.0,,61.5,,76.7,0.3598348350234744,0.3443064692405205,0.3268381393265773,0.3104533751153054,0,0,0.9568458518421628,57.88,61.5,13.967,27.66
Imishli district,district,2012,40.92,46.81,39522.0,34699.0,20829.0,47.9,45794.0,18.0,21.5,50.0,52.8,0.4638902447706917,0.3946634290189748,0.3484068207330894,0.3703261569761639,0,0,0.8507689770757373,40.92,18.0,34.699,208.29
Ismayilli district,district,2012,34.39,41.92,23836.0,23059.0,1314.0,48.0,34015.0,-4.1,16.9,29.56,60.4,0.4437103647542175,0.4411286552653931,0.2935453531801489,0.3545656426526438,0,0,0.994181543425846,34.39,-4.1,23.059,13.14
Jabrayil district,district,2012,58.19,,3685.0,3633.0,870.0,,5806.0,22.2,,68.75,,0.5624243755323829,0.4779108579848123,0.4852858315559334,0.4347537740398028,0,0,0.8497335442341536,58.19,22.2,3.633,8.7
Jalilabad district,district,2012,39.33,,50137.0,46187.0,114.0,48.0,69530.0,19.3,,45.33,,1.0000000000000002,1.0000000000000002,0.0,0.0,20,5,1.0,39.33,19.3,46.187,1.14
Kalbajar district,district,2012,,34.89,12947.0,12472.0,319.0,,15763.0,,12.6,,45.1,0.4537789383731032,0.404967285147837,0.3184788894583699,0.2602483524938503,0,0,0.8924329687925431,34.89,12.6,12.472,3.19
Khachmaz district,district,2012,41.9,20.05,25850.0,24682.0,3358.0,52.5,39852.0,6.7,36.4,46.73,30.0,0.4831789942197239,0.4828419972640217,0.2992241481053119,0.4244066249447612,0,0,0.9993025422054068,41.9,6.7,24.682,33.58
Khizi district,district,2012,,32.58,6078.0,6062.0,501.0,,11575.0,,-1.2,,30.6,0.6133051836464837,0.5710055529140059,0.5106773797506514,0.4800407702532745,0,0,0.93103004530146,32.58,-1.2,6.062,5.01
Khojavand district,district,2012,30.0,15.56,937.0,934.0,512.0,48.0,1103.0,,19.5,,30.0,0.7260679090476282,0.3531538134525758,0.4066018437139644,0.3307726316023675,0,0,0.4863922631091107,30.0,19.5,0.934,5.12
Kurdamir district,district,2012,35.92,27.21,32507.0,26444.0,13447.0,48.2,37400.0,99.3,76.7,69.56,48.1,0.4240690373848764,0.4229409317803658,0.3558995079311028,0.3953238361613158,0,0,0.997339806717634,35.92,99.3,26.444,134.47
Lachin district,district,2012,,29.65,16724.0,14220.0,1608.0,,13927.0,,0.5,,29.7,0.3094635248206417,0.2928823787953998,0.2700839241829214,0.2539035126640759,0,0,0.9464197079935288,29.65,0.5,14.22,16.08
Lankaran district,district,2012,32.24,33.62,23304.0,23043.0,482.0,47.9,30152.0,4.3,27.3,38.73,,0.4766191507507492,0.4681348562856842,0.291490590638122,0.3083173688498123,0,0,0.982199006372906,32.24,4.3,23.043,4.82
Lerik district,district,2012,31.59,30.93,16764.0,16701.0,306.0,48.0,14943.0,108.0,,66.67,,0.3835893876272239,0.342321455411277,0.2604885373992928,0.2245170836571949,0,0,0.8924163870350567,31.59,108.0,16.701,3.06
Masalli district,district,2012,14.67,16.13,36308.0,34655.0,1089.0,48.0,45289.0,42.9,,20.83,,0.5002418854396332,0.390806782401317,0.1605967255169721,0.2607011292708565,0,0,0.7812356257570474,14.67,42.9,34.655,10.89
Neftchala district,district,2012,27.56,16.36,20236.0,18521.0,12072.0,48.0,22869.0,46.8,39.3,43.7,28.1,0.377742381633637,0.3692478768139185,0.3510486206663908,0.3469365509944386,0,0,0.9775124390782364,27.56,46.8,18.521,120.72
Oghuz district,district,2012,35.0,37.13,12798.0,11406.0,3017.0,48.0,15953.0,75.9,81.2,61.56,63.6,0.437371433161527,0.4182580053325906,0.4030509740758676,0.3819765910538332,0,0,0.956299322772922,35.0,75.9,11.406,30.17
Saatli district,district,2012,25.81,30.0,31524.0,29841.0,16244.0,48.0,37304.0,-35.0,-55.5,20.01,20.0,0.3748606177409036,0.3738327054959913,0.3168775404417259,0.3500852665259013,0,0,0.9972578814731006,25.81,-35.0,29.841,162.44
Sabirabad district,district,2012,38.8,33.8,55660.0,46352.0,23206.0,48.1,84581.0,5.6,19.9,42.22,41.0,1.0000000000000002,0.5456819665754631,0.0,0.5097710618173069,13,0,0.545681966575463,38.8,5.6,46.352,232.06
Salyan district,district,2012,36.67,13.18,32518.0,30361.0,21504.0,48.0,42258.0,8.6,121.3,39.83,33.9,0.4393234942806097,0.4162249703082707,0.3381144880744484,0.3915198166680942,0,0,0.9474225160433029,36.67,8.6,30.361,215.04
Samukh district,district,2012,24.62,28.93,10013.0,9018.0,7848.0,47.0,13714.0,31.2,37.5,37.25,45.8,0.4811204024653112,0.4547672465526463,0.4521818126375418,0.4283723287245586,0,0,0.9452254450702392,24.62,31.2,9.018,78.48
Shabran district,district,2012,53.26,,11976.0,10699.0,689.0,47.9,12666.0,23.8,,58.65,,0.3770951223219362,0.3540230670266049,0.3061194383264202,0.2897255874997769,0,0,0.9388163518179,53.26,23.8,10.699,6.89
Shaki district,district,2012,43.08,40.19,38984.0,32393.0,7753.0,48.0,54294.0,21.5,75.1,52.4,70.0,0.7404137724254558,0.5012287013715744,0.3319476975540727,0.4559552104846996,0,0,0.6769575608104151,43.08,21.5,32.393,77.53
Shamakhi district,district,2012,,18.87,19759.0,19336.0,147.0,,22358.0,,14.0,,80.0,0.641316830665224,0.6202187600440983,0.3216574951866343,0.2920151517357765,0,0,0.9671019539605078,18.87,14.0,19.336,1.47
Shamkir district,district,2012,13.93,,28904.0,28341.0,10098.0,46.5,47293.0,83.3,,55.01,,0.6092166796353036,0.4990188580460234,0.4080716969489443,0.4603031073029261,0,0,0.8191155540008391,13.93,83.3,28.341,100.98
Shusha district,district,2012,34.44,,1966.0,1933.0,1022.0,48.0,1485.0,125.0,,,,0.4081896581619998,0.2297364276802287,0.2723481166939018,0.2149829812195218,0,0,0.5628178546087816,34.44,125.0,1.933,10.22
Siyazan district,district,2012,25.01,35.82,5819.0,5394.0,100.0,48.0,10426.0,151.2,77.5,62.8,63.4,0.8913891328876504,0.7352479376904482,0.5356191111323565,0.4829320991925674,0,0,0.824833858259654,25.01,151.2,5.394,1.0
Tovuz district,district,2012,36.38,,17752.0,17068.0,3872.0,46.9,29512.0,44.6,,63.63,,0.5228750289249383,0.5170722990391373,0.4461792146132254,0.4693393644128678,0,0,0.9889022623671055,36.38,44.6,17.068,38.72
Yevlakh district,district,2012,26.0,25.93,29973.0,20387.0,16029.0,48.0,35580.0,96.2,67.9,51.0,43.7,0.5241472518594842,0.5219007066210011,0.4567958688826111,0.4914324337099119,0,0,0.9957139043837144,26.0,96.2,20.387,160.29
Zagatala district,district,2012,30.23,34.64,29380.0,26245.0,7721.0,49.7,41523.0,49.8,24.8,45.06,43.0,0.486377216822386,0.4731266487734357,0.3412604191021842,0.4337221392936049,0,0,0.9727566020967856,30.23,49.8,26.245,77.21
Zardab district,district,2012,30.0,29.9,22690.0,20196.0,16535.0,48.0,25066.0,142.6,47.1,82.21,50.2,0.3779902001786279,0.3711546768142787,0.350333831104991,0.349548387680903,0,0,0.9819161360238472,30.0,142.6,20.196,165.35
Absheron district,district,2013,49.57,20.13,12133.0,12133.0,382.0,48.0,40955.0,2.6,9.5,58.1,39.2,1.0,1.0,0.3213582901509968,0.637057195918157,0,0,1.0,49.57,2.6,12.133,3.82
Agdash district,district,2013,19.8,,36340.0,24528.0,11534.0,48.0,39789.0,76.2,,35.0,,0.4810626121067069,0.4805760839363332,0.3776461553019241,0.4439419675226773,0,0,0.9989886385719252,19.8,76.2,24.528,115.34
Aghdam district,district,2013,35.0,,17757.0,17389.0,8287.0,47.9,31362.0,28.6,,45.0,,0.5399525789693282,0.5343064419226855,0.4813626462442989,0.493811191911794,0,0,0.9895432723788076,35.0,28.6,17.389,82.87
Aghjabadi district,district,2013,23.0,,42461.0,36705.0,27446.0,48.0,57915.0,30.4,,59.9,,0.6693575558002891,0.4674413198933495,0.4344898778114987,0.4359724837834258,0,0,0.6983432335121295,23.0,30.4,36.705,274.46
Aghstafa district,district,2013,29.64,,11665.0,9415.0,6920.0,48.0,16092.0,74.4,,60.0,,0.5333776099156066,0.5063501778729075,0.5013657207056093,0.4721755361103733,0,0,0.9493277716569776,29.64,74.4,9.415,69.2
Aghsu district,district,2013,,29.76,18821.0,15010.0,739.0,,26979.0,,237.5,,100.0,0.5420134093881497,0.5324838289957837,0.3965043499560792,0.4029295870545952,0,0,0.9824181833377086,29.76,237.5,15.01,7.39
Astara district,district,2013,14.27,25.43,22277.0,22067.0,1142.0,47.4,29925.0,0.6,1.7,50.1,23.5,0.4068622123042776,0.4017465272919377,0.2892769609213349,0.3080520440200519,0,0,0.9874264926610732,14.27,0.6,22.067,11.42
Balakan district,district,2013,29.26,,18341.0,15485.0,2070.0,47.9,18865.0,74.7,,49.8,,0.3755167166172831,0.3609166080714136,0.3274519677236351,0.310732124858582,0,0,0.9611199504581588,29.26,74.7,15.485,20.7
Barda district,district,2013,23.0,,41185.0,35803.0,31573.0,48.0,57115.0,58.4,,24.0,,0.6698370584658,0.4725981638292207,0.4502529187989511,0.4411978195513748,0,0,0.705541978987641,23.0,58.4,35.803,315.73
Beylagan district,district,2013,25.6,16.22,27070.0,25693.0,28730.0,48.0,38773.0,,30.5,,21.0,0.447939520670937,0.4470703371020696,0.3711454409789654,0.4175187174861917,0,0,0.9980595961535936,25.6,30.5,25.693,287.3
Bilasuvar district,district,2013,63.92,39.36,19895.0,18139.0,7863.0,48.0,27314.0,,40.4,38.4,57.6,0.4537977337755336,0.4461010357697836,0.4133940872221114,0.4109148334065762,0,0,0.983039364384404,63.92,40.4,18.139,78.63
Dashkasan district,district,2013,20.0,34.23,14185.0,14015.0,362.0,48.0,21511.0,14.3,41.4,39.9,49.5,0.5374385651048532,0.5007859974637848,0.3909815936721322,0.3392708984592486,0,0,0.93180138155155,20.0,14.3,14.015,3.62
Fuzuli district,district,2013,47.36,,14867.0,14049.0,6638.0,48.0,17404.0,6.0,,50.0,,0.3841558106075012,0.3669990410370999,0.3591259373419422,0.3390814071907136,0,0,0.9553390340672714,47.36,6.0,14.049,66.38
Gabala district,district,2013,60.28,,28102.0,26749.0,1665.0,48.0,35130.0,3.8,,62.7,,0.3913024350668408,0.3890736922453671,0.2600505026850077,0.3091473118644257,0,0,0.9943042960591518,60.28,3.8,26.749,16.65
Gakh district,district,2013,17.51,31.24,12985.0,11490.0,2201.0,48.0,15698.0,180.0,85.0,50.0,68.9,0.4272462449649886,0.404748793996765,0.3856517111159788,0.3592222800083016,0,0,0.9473431276849088,17.51,180.0,11.49,22.01
Gazakh district,district,2013,24.69,25.83,15762.0,14011.0,7071.0,48.0,27672.0,,122.0,,57.6,0.5948063172107698,0.5851034828391155,0.5442912716607801,0.5417492653009496,0,0,0.983687405310095,24.69,122.0,14.011,70.71
Goranboy district,district,2013,29.45,,21847.0,21238.0,13975.0,48.0,35389.0,80.9,,50.0,,0.4963286248106245,0.4936463630142891,0.430473547464548,0.4596910640557015,0,0,0.9945957946766442,29.45,80.9,21.238,139.75
Goychay district,district,2013,52.83,,24372.0,20084.0,5569.0,48.2,24510.0,17.8,,51.5,,0.369918561795737,0.3615383452009192,0.3323124988157356,0.3274811940353808,0,0,0.9773457796923282,52.83,17.8,20.084,55.69
Goygol district,district,2013,41.11,35.08,9969.0,9866.0,1307.0,47.7,23028.0,22.0,47.1,48.7,55.6,0.7100716254610676,0.6914748312282648,0.6070010970440703,0.5948572509778975,0,0,0.9738099741406686,41.11,22.0,9.866,13.07
Hajigabul district,district,2013,,55.74,15675.0,14143.0,3106.0,,17168.0,,55.9,,75.2,0.3768298723430012,0.3596163515048728,0.3424454275908024,0.3220086043079412,0,0,0.954320179737608,55.74,55.9,14.143,31.06
Imishli district,district,2013,39.98,47.72,39931.0,35672.0,21118.0,47.9,47949.0,17.3,9.5,51.1,51.9,0.4838889960088293,0.3982111004510527,0.3762252643292438,0.3701332194408162,0,0,0.822938946195393,39.98,17.3,35.672,211.18
Ismayilli district,district,2013,33.39,43.65,23925.0,23198.0,1413.0,48.0,34066.0,,21.2,21.1,68.1,0.4380820052081487,0.4350426796714349,0.3000591573817452,0.3447377575901665,0,0,0.993062199541226,33.39,21.2,23.198,14.13
Kalbajar district,district,2013,,18.12,13197.0,12675.0,329.0,,17053.0,,107.6,,48.0,0.4867641146373749,0.4379747499432495,0.3694777587161484,0.296483709477108,0,0,0.8997679507856242,18.12,107.6,12.675,3.29
Khachmaz district,district,2013,45.7,14.91,25738.0,24651.0,2906.0,48.0,42513.0,,36.4,43.0,30.0,0.5385335133067102,0.510914794162202,0.3238388149885967,0.4349193972965294,0,0,0.9487149481655776,45.7,36.4,24.651,29.06
Khizi district,district,2013,,17.58,5653.0,5643.0,186.0,,11748.0,,100.0,,80.0,0.7165142450372266,0.6167585161577286,0.5304645504445118,0.4020703420465453,0,0,0.860776349429989,17.58,100.0,5.643,1.86
Khojavand district,district,2013,,15.56,1010.0,1010.0,270.0,,1486.0,,19.5,,30.0,0.8358223078081166,0.4358717307452881,0.4603281154460565,0.3942292627930792,0,0,0.5214885109830703,15.56,19.5,1.01,2.7
Kurdamir district,district,2013,36.72,27.35,33256.0,27444.0,16841.0,48.2,41564.0,87.2,77.2,67.6,48.5,0.4583713682759316,0.4486742988699101,0.3580835785285219,0.4173114777884729,0,0,0.9788445132546236,36.72,87.2,27.444,168.41
Lachin district,district,2013,,30.43,16562.0,14428.0,1547.0,,13946.0,,4.4,,29.6,0.3055140648167343,0.2863550157510913,0.2629306588159282,0.2414115815405983,0,0,0.9372891422293904,30.43,4.4,14.428,15.47
Lankaran district,district,2013,27.48,34.04,23834.0,23513.0,489.0,48.2,31208.0,5.8,,29.1,,0.4910638850386423,0.4759833405806358,0.3157055120855454,0.3230787757340617,0,0,0.9692900559021566,27.48,5.8,23.513,4.89
Lerik district,district,2013,31.66,31.84,16789.0,16724.0,334.0,48.0,15109.0,116.7,121.4,72.2,67.4,0.375632640444851,0.3293451429060582,0.2818569420925201,0.2222935633736989,0,0,0.8767745596229981,31.66,116.7,16.724,3.34
Masalli district,district,2013,12.0,16.13,36619.0,34980.0,1951.0,48.7,48575.0,66.7,,20.8,66.7,0.5415246391149946,0.4113905122127446,0.2519775338969423,0.320816830865186,0,0,0.7596893705244397,12.0,66.7,34.98,19.51
Neftchala district,district,2013,27.14,16.23,20677.0,18929.0,10628.0,48.5,23734.0,57.4,74.4,43.7,28.7,0.3807646953403503,0.3714535678335197,0.3539816221490769,0.3449054393142303,0,0,0.97554624254618,27.14,57.4,18.929,106.28
Oghuz district,district,2013,35.0,37.4,12799.0,11463.0,3007.0,47.0,16079.0,55.6,59.2,60.0,62.6,0.4377590483800764,0.4155487785817779,0.4018072425255679,0.3755184452016203,0,0,0.9492637105264016,35.0,55.6,11.463,30.07
Saatli district,district,2013,34.0,34.01,31569.0,29913.0,16426.0,48.0,37891.0,15.1,11.2,50.0,50.0,0.3763127331480886,0.3752643974652199,0.313644466195966,0.3482896512527997,0,0,0.9972141902451752,34.0,15.1,29.913,164.26
Sabirabad district,district,2013,38.0,29.45,56565.0,47113.0,23041.0,47.9,88661.0,9.2,19.3,43.1,41.4,1.0,0.5575106052088802,0.0,0.5157047494954553,10,0,0.5575106052088802,38.0,9.2,47.113,230.41
Salyan district,district,2013,39.26,13.73,32855.0,31176.0,21004.0,48.0,44762.0,26.7,147.2,49.8,39.3,0.4787159633806592,0.4253538395768941,0.380709818125703,0.3962263994768167,0,0,0.8885307199139015,39.26,26.7,31.176,210.04
Samukh district,district,2013,28.94,32.97,10164.0,9144.0,7900.0,47.1,14041.0,35.2,25.0,35.9,37.0,0.4850315591718391,0.4549074918772745,0.45505768298699,0.4246547089552701,0,0,0.9378925624015074,28.94,35.2,9.144,79.0
Shabran district,district,2013,64.12,,11828.0,10576.0,637.0,47.5,13063.0,23.1,,63.5,,0.3929088116366256,0.365917139323611,0.3168297958066146,0.2894425076949912,0,0,0.9313029600924874,64.12,23.1,10.576,6.37
Shaki district,district,2013,40.0,41.99,39124.0,32571.0,6755.0,48.0,55789.0,19.1,54.8,47.6,65.0,0.737612249207448,0.5074330517621936,0.4214667625382591,0.4528220004574449,0,0,0.6879401098713069,40.0,19.1,32.571,67.55
Shamakhi district,district,2013,,16.11,19971.0,19652.0,328.0,,22674.0,,25.1,,80.0,0.4834742146469876,0.4501827708287589,0.346439959906442,0.2905222866411591,0,0,0.9311412215798588,16.11,25.1,19.652,3.28
Shamkir district,district,2013,15.74,,29132.0,28565.0,9998.0,48.0,48769.0,83.8,,55.1,,0.6253298081239452,0.5057907579931892,0.4469801857794728,0.4622257041777541,0,0,0.8088383944315949,15.74,83.8,28.565,99.98
Shusha district,district,2013,25.11,,2047.0,2022.0,1111.0,48.0,1833.0,33.5,,,,0.4665818780079072,0.2685607747085805,0.323088340751429,0.2492594542271652,0,0,0.5755919536678388,25.11,33.5,2.022,11.11
Siyazan district,district,2013,27.14,36.67,5901.0,5489.0,221.0,48.0,10766.0,65.4,91.5,45.1,70.0,0.6373513753380056,0.5810619162877091,0.4537190069530974,0.4113157549989258,0,0,0.9116822192147236,27.14,65.4,5.489,2.21
Tovuz district,district,2013,36.71,,17811.0,17108.0,4227.0,46.8,31421.0,40.9,,63.7,,0.5498077168790669,0.5441041375755659,0.4655263092509434,0.4902960350723705,0,0,0.9896262290826384,36.71,40.9,17.108,42.27
Ujar district,district,2013,,20.0,33109.0,21964.0,11994.0,,38355.0,,153.3,,97.4,0.5185464781039876,0.5173349500045369,0.4279590817277646,0.4800792692255782,0,0,0.9976636075055788,20.0,153.3,21.964,119.94
Yevlakh district,district,2013,26.0,25.92,29985.0,20584.0,14899.0,47.8,36276.0,96.3,67.8,51.0,46.2,0.5244230829043941,0.5220966268656845,0.4504288118665356,0.4867764762825667,0,0,0.9955637802481442,26.0,96.3,20.584,148.99
Zagatala district,district,2013,33.63,38.4,29509.0,26559.0,7853.0,49.0,42651.0,22.0,24.2,43.8,51.2,0.5036551417058232,0.4757499666654822,0.3692448736261048,0.4320739479645867,0,0,0.9445946785218368,33.63,22.0,26.559,78.53
Zardab district,district,2013,25.96,28.77,22751.0,20376.0,15581.0,48.0,31766.0,43.1,47.9,53.5,50.2,0.4664696904239373,0.461854167652288,0.4196400382778121,0.4308619440351901,0,0,0.9901054176372004,25.96,43.1,20.376,155.81
Absheron district,district,2014,46.46,20.75,12153.0,12153.0,463.0,48.0,40637.0,,9.5,59.3,39.21,1.0,1.0,0.4269355847963092,0.6683701387283187,0,0,1.0,46.46,9.5,12.153,4.63
Agdash district,district,2014,20.99,,36886.0,24755.0,12872.0,48.0,42691.0,67.9,,35.24,,0.5475479020588597,0.5157452729889717,0.4492507537630944,0.4822594250320908,0,0,0.9419180879877256,20.99,67.9,24.755,128.72
Aghdam district,district,2014,37.0,,18135.0,17879.0,8742.0,48.0,32576.0,21.6,,45.0,,0.5499159416571341,0.5448994767830658,0.4929841903329196,0.5086663879875366,0,0,0.990877760592007,37.0,21.6,17.879,87.42
Aghjabadi district,district,2014,30.59,,42797.0,37020.0,29623.0,48.0,66545.0,25.7,,46.46,,0.805816900429634,0.5375772408670687,0.547307752888265,0.5055118821116286,0,0,0.6671208317676769,30.59,25.7,37.02,296.23
Aghstafa district,district,2014,21.52,,11734.0,9476.0,5341.0,48.6,16334.0,62.3,,60.0,,0.5440364110390293,0.5155008172771784,0.5137817234207604,0.4828971669736395,0,0,0.9475483751035118,21.52,62.3,9.476,53.41
Aghsu district,district,2014,,30.26,18840.0,15184.0,870.0,,27892.0,,222.7,,96.81,0.5586969469076277,0.5493578319010537,0.432689020785051,0.4371182851042731,0,0,0.9832841130450672,30.26,222.7,15.184,8.7
Astara district,district,2014,31.13,20.55,22300.0,22084.0,1111.0,48.0,30010.0,14.9,4.7,40.0,41.04,0.4117507288356021,0.4063966468030308,0.3041297283347146,0.3132362100350053,0,0,0.9869967879651064,31.13,14.9,22.084,11.11
Balakan district,district,2014,27.43,,18363.0,15581.0,2402.0,47.9,19996.0,90.8,,57.09,,0.398543804554443,0.3838041438977171,0.3536068494643699,0.337707174663503,0,0,0.963016209289204,27.43,90.8,15.581,24.02
Barda district,district,2014,36.64,,42021.0,36758.0,31041.0,48.0,65433.0,0.1,,44.98,,0.790918104564876,0.5323617180983938,0.5525675119007145,0.5007579492737223,0,0,0.6730933519232979,36.64,0.1,36.758,310.41
Beylagan district,district,2014,25.59,16.37,27140.0,25751.0,24880.0,48.0,39130.0,,30.5,25.0,21.02,0.4550922411400555,0.4544411058521982,0.3821064866837088,0.4275715164879559,0,0,0.9985692234914266,25.59,30.5,25.751,248.8
Dashkasan district,district,2014,20.0,34.99,14047.0,13870.0,298.0,48.1,21516.0,14.3,42.9,40.0,50.0,0.604816324487269,0.5944090897037853,0.4548861850078334,0.4382201956882177,0,0,0.9827927349806466,20.0,14.3,13.87,2.98
Fuzuli district,district,2014,36.46,,15460.0,14626.0,5287.0,47.9,17869.0,15.5,,41.67,,0.3826932134642714,0.3653730736893676,0.3578150745523472,0.3378487343511053,0,0,0.954741450421564,36.46,15.5,14.626,52.87
Gabala district,district,2014,31.03,,25138.0,24187.0,1505.0,48.0,37385.0,16.1,,50.0,,0.4637463022315233,0.4622503400616851,0.3009840430657563,0.3730026843396596,0,0,0.9967741798422116,31.03,16.1,24.187,15.05
Gakh district,district,2014,20.61,30.71,12440.0,11067.0,2619.0,48.1,15733.0,,32.0,48.56,51.52,0.450188798827118,0.4251512807096726,0.4149634254832067,0.3866686041604448,0,0,0.9443844045372166,20.61,32.0,11.067,26.19
Gazakh district,district,2014,25.48,16.33,15978.0,14298.0,5783.0,47.0,29002.0,96.5,118.8,60.79,58.05,0.6156709686445693,0.606616912698429,0.5610713070387824,0.5629302335237785,0,0,0.9852940021419668,25.48,96.5,14.298,57.83
Gobustan district,district,2014,,24.58,11352.0,11232.0,143.0,,17601.0,,115.6,,60.78,0.7236769803075164,0.7049328498666583,0.4675434740301505,0.4496572437837913,0,0,0.974098760979114,24.58,115.6,11.232,1.43
Goranboy district,district,2014,25.21,,20851.0,20304.0,13748.0,47.9,35966.0,64.5,,41.26,,0.5323113913623165,0.5297517427985339,0.4670303800650528,0.4973825735532087,0,0,0.9951914450727196,25.21,64.5,20.304,137.48
Goychay district,district,2014,58.15,,24419.0,20475.0,5583.0,47.8,24850.0,28.5,,57.46,,0.3715434839716955,0.3629646595908868,0.3377398259673845,0.3322108339549891,0,0,0.9769103086155528,58.15,28.5,20.475,55.83
Goygol district,district,2014,39.45,26.01,10003.0,9897.0,1307.0,47.7,23348.0,13.1,32.1,43.7,43.82,0.7249543110441253,0.7055177967138848,0.6261416248258015,0.6116657360308699,0,0,0.9731893251283013,39.45,13.1,9.897,13.07
Guba district,district,2014,45.46,,25842.0,25658.0,472.0,48.0,38182.0,13.3,,39.85,,0.6041218157906096,0.6016838455154631,0.343807004487056,0.4322284530723166,0,0,0.9959644392713148,45.46,13.3,25.658,4.72
Hajigabul district,district,2014,,55.76,15858.0,14403.0,3468.0,,17172.0,,57.5,,75.21,0.3746844046668119,0.3565576658696305,0.3453107192042813,0.3246021529583259,0,0,0.9516213149749304,55.76,57.5,14.403,34.68
Imishli district,district,2014,40.2,40.0,40036.0,36066.0,20316.0,47.9,48373.0,28.4,24.7,51.68,50.0,0.4833268155905089,0.4011131526808884,0.3962056401323985,0.3757406796933838,0,0,0.829900472604287,40.2,28.4,36.066,203.16
Ismayilli district,district,2014,43.81,45.98,23979.0,23322.0,1169.0,48.0,34118.0,,26.5,27.51,59.2,0.4406116363386711,0.4375015870715252,0.3015963439006057,0.3367626449660559,0,0,0.9929415180838406,43.81,26.5,23.322,11.69
Jabrayil district,district,2014,69.23,,3770.0,3722.0,885.0,46.2,6123.0,33.3,,80.0,,0.5951567821130963,0.4919826071265923,0.5192771342715912,0.4475766258516029,0,0,0.8266437045039032,69.23,33.3,3.722,8.85
Jalilabad district,district,2014,20.0,,50207.0,46479.0,30.0,47.5,78500.0,9.4,,52.5,,1.0,1.0,0.0,0.0,15,21,1.0,20.0,9.4,46.479,0.3
Kalbajar district,district,2014,,39.09,13201.0,12712.0,319.0,,17223.0,,41.9,,52.0,0.5118695971376446,0.4892559691919169,0.3978705767485879,0.358220020985765,0,0,0.9558215059613188,39.09,41.9,12.712,3.19
Kurdamir district,district,2014,36.65,27.87,32889.0,27468.0,17236.0,48.1,41620.0,29.0,73.5,50.49,48.39,0.4668614652472674,0.4531446908936308,0.3833228685910289,0.4251161576442421,0,0,0.9706191764052068,36.65,29.0,27.468,172.36
Lachin district,district,2014,,37.5,16936.0,15140.0,1782.0,,22140.0,,26.7,,63.33,0.4509277418129878,0.4373343604810695,0.3874863869008855,0.3747184994651007,0,0,0.9698546350746462,37.5,26.7,15.14,17.82
Lankaran district,district,2014,33.3,32.08,24070.0,23640.0,479.0,48.4,31893.0,1.9,,33.93,,0.5317135607846033,0.5278798423015316,0.3487983569528651,0.38728649949617,0,0,0.992789880180196,33.3,1.9,23.64,4.79
Masalli district,district,2014,,17.24,36488.0,35040.0,1759.0,,48960.0,,135.3,,40.0,0.5532002271579299,0.4178680539800931,0.2514234626513415,0.3218350512305613,0,0,0.7553649356344143,17.24,135.3,35.04,17.59
Neftchala district,district,2014,22.07,34.18,20869.0,19147.0,12191.0,48.0,23865.0,95.6,139.5,53.49,39.62,0.3825004323721411,0.3727542127119434,0.359521214214924,0.3497509896924508,0,0,0.9745197159654044,22.07,95.6,19.147,121.91
Oghuz district,district,2014,35.0,38.47,12050.0,11090.0,2786.0,47.2,16083.0,72.1,48.9,60.24,60.0,0.4583423868910385,0.4337079417845206,0.4236505817873855,0.3956049316561499,0,0,0.9462531814401572,35.0,72.1,11.09,27.86
Saatli district,district,2014,36.78,33.96,31560.0,29971.0,17688.0,48.9,37893.0,17.2,11.1,50.0,50.0,0.3791299372535174,0.378111263885527,0.3229698316862178,0.3544339687374485,0,0,0.9973131286456304,36.78,17.2,29.971,176.88
Sabirabad district,district,2014,37.5,25.71,57377.0,47799.0,22419.0,48.0,92877.0,10.4,35.8,43.04,42.7,1.0000000000000002,0.5811004703958783,0.0281849667217333,0.5418077642379902,6,0,0.5811004703958782,37.5,10.4,47.799,224.19
Salyan district,district,2014,48.74,14.32,33293.0,31650.0,22434.0,48.0,44775.0,12.3,132.0,54.76,40.38,0.4731932749323211,0.4230812113304162,0.3966668014455613,0.3974077271901386,0,0,0.8940981069330026,48.74,12.3,31.65,224.34
Samukh district,district,2014,30.89,30.56,10247.0,9220.0,7880.0,47.2,14099.0,15.5,54.7,36.98,50.0,0.4893440188589483,0.4573190034385704,0.4622555759366828,0.4301918465562995,0,0,0.9345552123124876,30.89,15.5,9.22,78.8
Shabran district,district,2014,87.92,22.22,11512.0,10183.0,656.0,48.3,15478.0,24.5,128.3,68.05,60.0,0.4820598774277642,0.4545701957932418,0.3912357417729249,0.368535030361081,0,0,0.9429745495907992,87.92,24.5,10.183,6.56
Shaki district,district,2014,38.59,43.0,36305.0,30160.0,6858.0,48.0,57508.0,25.6,62.8,48.56,70.0,0.818109364760398,0.5702414545707094,0.4991166002995104,0.5171854574410318,0,0,0.6970235021545288,38.59,25.6,30.16,68.58
Shamakhi district,district,2014,,25.0,20055.0,19733.0,431.0,,23011.0,,167.2,,80.62,0.4509689520047285,0.4441505997661518,0.3352070773661049,0.3275825549874871,0,0,0.9848806614994966,25.0,167.2,19.733,4.31
Shamkir district,district,2014,17.46,,29190.0,28636.0,9372.0,48.0,51450.0,83.3,,55.0,,0.6820525911974924,0.5373223237927347,0.506253142600036,0.4951409615624844,0,0,0.7878018949379665,17.46,83.3,28.636,93.72
Shusha district,district,2014,30.0,,1965.0,1941.0,1075.0,48.2,1834.0,35.2,,80.0,,0.5050054726205521,0.2825762483607742,0.3721532405902408,0.264610461558687,0,0,0.5595508636657778,30.0,35.2,1.941,10.75
Siyazan district,district,2014,,38.97,5945.0,5607.0,306.0,,11167.0,,80.1,,70.08,0.6540972386375535,0.5956180068892982,0.5047997136922985,0.4686956102881582,0,0,0.91059550737431,38.97,80.1,5.607,3.06
Tovuz district,district,2014,38.0,,17868.0,17196.0,4274.0,48.0,31786.0,49.3,,60.0,,0.5585297513457084,0.552802885850232,0.4807745736554011,0.5039969960604423,0,0,0.9897465345728168,38.0,49.3,17.196,42.74
Yevlakh district,district,2014,25.99,25.92,30110.0,20693.0,18819.0,48.0,36512.0,96.2,68.1,51.0,43.71,0.5299020731292431,0.5276841189287486,0.4644115147622627,0.4964523174908836,0,0,0.9958144073915454,25.99,96.2,20.693,188.19
Zagatala district,district,2014,37.81,37.82,29618.0,26842.0,7715.0,48.0,42944.0,22.4,16.0,53.52,50.35,0.511406863863208,0.4784642361907376,0.3942230097687382,0.4387677461854733,0,0,0.9355843067423476,37.81,22.4,26.842,77.15
Zardab district,district,2014,24.68,24.21,22792.0,20531.0,16576.0,47.8,31777.0,43.5,47.6,51.12,50.2,0.4676774720796124,0.4628759857388088,0.4289502067808654,0.4352908537091861,0,0,0.9897333384063745,24.68,43.5,20.531,165.76
Absheron district,district,2015,46.92,20.65,13398.0,13398.0,101.0,48.0,42861.0,4.7,9.5,57.27,39.23,0.9999999999999996,1.0000000000000002,0.2699291893070912,0.3218469792494354,0,0,1.0000000000000009,46.92,4.7,13.398,1.01
Aghdam district,district,2015,37.03,,18400.0,18295.0,8882.0,47.0,33312.0,28.6,,45.0,,0.5724333140098159,0.5691751989382992,0.5235569656709155,0.5385324542985601,0,0,0.9943083063270828,37.03,28.6,18.295,88.82
Aghjabadi district,district,2015,26.17,,42955.0,37158.0,33025.0,48.0,89088.0,40.1,,50.98,,1.0,0.749453259686202,0.3773115180366002,0.7140923711571234,0,0,0.749453259686202,26.17,40.1,37.158,330.25
Aghstafa district,district,2015,26.19,,11796.0,9601.0,6455.0,47.6,16642.0,51.8,,60.0,,0.5588812953323901,0.5418345845384694,0.5335213108035308,0.5149258451645821,0,0,0.9694985125888276,26.19,51.8,9.601,64.55
Aghsu district,district,2015,,30.18,18867.0,15341.0,1294.0,,29419.0,,173.8,,69.91,0.6049180894097226,0.5994485449050606,0.5141212635671671,0.5285068375524936,0,0,0.9909582064077485,30.18,173.8,15.341,12.94
Astara district,district,2015,26.45,20.02,22329.0,22095.0,1124.0,48.1,30126.0,0.2,3.0,40.0,39.72,0.4298093501193248,0.4262114766765357,0.3444919495897148,0.3625271789285553,0,0,0.9916291410557024,26.45,0.2,22.095,11.24
Balakan district,district,2015,28.32,,18443.0,15648.0,2864.0,48.0,20556.0,76.6,,50.01,,0.4195342362396909,0.4106364016195598,0.3878765050037111,0.3777958985098819,0,0,0.9787911596920364,28.32,76.6,15.648,28.64
Barda district,district,2015,36.15,,42042.0,36852.0,33835.0,48.0,69047.0,0.1,,44.98,,0.7287859529035264,0.5856813910301748,0.4497569504838983,0.5581343478255207,0,0,0.8036397912127496,36.15,0.1,36.852,338.35
Beylagan district,district,2015,25.67,20.89,27271.0,25856.0,28853.0,48.1,39457.0,,42.8,22.05,23.03,0.4778459890912768,0.4770241833866142,0.4211695083133907,0.454778696659616,0,0,0.9982801870823996,25.67,42.8,25.856,288.53
Bilasuvar district,district,2015,24.07,,20187.0,18585.0,10158.0,48.0,27693.0,54.1,,42.22,,0.4708791480080485,0.4657845878616687,0.4420542115095453,0.4415811114076353,0,0,0.9891807480370894,24.07,54.1,18.585,101.58
Dashkasan district,district,2015,20.12,35.0,13350.0,13199.0,49.0,48.1,22713.0,100.0,48.2,40.0,50.0,0.7559152899948745,0.7145327783029587,0.3973875225053644,0.3120486195833707,0,0,0.9452550937391458,20.12,100.0,13.199,0.49
Fuzuli district,district,2015,36.11,,15690.0,14821.0,5975.0,48.0,20321.0,11.1,,40.0,,0.438086469739421,0.4285931667135046,0.414790570942995,0.4038340439100557,0,0,0.9783300702448924,36.11,11.1,14.821,59.75
Gakh district,district,2015,30.54,26.23,12028.0,10840.0,3862.0,47.9,15857.0,,19.0,,50.0,0.4728168694542498,0.4572665342038036,0.448266886287417,0.4296355570104522,0,0,0.9671112934942544,30.54,19.0,10.84,38.62
Gazakh district,district,2015,25.39,26.22,16070.0,14411.0,6221.0,48.0,30009.0,95.5,107.5,50.0,56.25,0.6564981392936686,0.6509311865075575,0.6079473698844802,0.6143075021811428,0,0,0.9915202306710258,25.39,95.5,14.411,62.21
Gobustan district,district,2015,,25.13,11393.0,11271.0,273.0,,18042.0,,119.0,,56.64,0.5141255242934847,0.5003799538265138,0.4108092968590456,0.3852321785069021,0,0,0.9732641741803032,25.13,119.0,11.271,2.73
Goranboy district,district,2015,25.9,,20682.0,20177.0,13686.0,48.0,36114.0,62.6,,42.28,,0.5615829466571103,0.5594955977181562,0.5079723766761925,0.5317515852619439,0,0,0.9962830977126722,25.9,62.6,20.177,136.86
Goychay district,district,2015,60.0,,24436.0,20764.0,5706.0,48.2,24935.0,11.9,,60.0,,0.3807732958058736,0.3753842321788803,0.3528189036753322,0.3503454728242482,0,0,0.9858470547006511,60.0,11.9,20.764,57.06
Goygol district,district,2015,32.73,35.03,10017.0,9928.0,1297.0,48.0,23540.0,36.1,38.6,43.64,35.9,0.7533258455264852,0.7411777339717105,0.6768951251218529,0.6714954177753535,0,0,0.9838740279164528,32.73,36.1,9.928,12.97
Guba district,district,2015,13.46,,25550.0,25352.0,519.0,48.0,38277.0,156.7,,90.04,,0.4730866733390287,0.4719579868610185,0.2729962545564431,0.3406687705376204,0,0,0.997614207836285,13.46,156.7,25.352,5.19
Gusar district,district,2015,47.19,,19029.0,19009.0,5243.0,48.0,27755.0,0.4,,45.18,,0.4613752770877928,0.4564147120388498,0.4235245311940752,0.4260173861321882,0,0,0.9892483076244264,47.19,0.4,19.009,52.43
Hajigabul district,district,2015,,69.79,15990.0,14546.0,4641.0,,17217.0,,43.8,,84.05,0.3809961740626043,0.3699913494792207,0.3602952109335059,0.3466579795263612,0,0,0.9711156559236857,69.79,43.8,14.546,46.41
Imishli district,district,2015,40.47,40.36,40662.0,37221.0,20437.0,48.0,49020.0,24.3,24.5,50.0,50.18,0.4450078092331496,0.411683009784862,0.35385782514395,0.3903148835141736,0,0,0.9251141243887072,40.47,24.3,37.221,204.37
Ismayilli district,district,2015,73.42,43.47,24040.0,23427.0,1927.0,48.0,34868.0,7.9,33.0,39.92,60.0,0.4673815464351276,0.4652517697191776,0.3743561378822972,0.4095188075344871,0,0,0.9954431732870188,73.42,7.9,23.427,19.27
Jabrayil district,district,2015,66.67,,4010.0,3956.0,890.0,46.7,6704.0,23.3,,81.67,,0.5867838205673201,0.5297310097500729,0.5339712405711177,0.4910321373536491,0,0,0.9027703068532346,66.67,23.3,3.956,8.9
Kalbajar district,district,2015,,32.28,13089.0,12629.0,380.0,,17396.0,,43.8,,51.78,0.4431710293667231,0.4305842199437619,0.3679236380387644,0.3459160460374404,0,0,0.9715983027118282,32.28,43.8,12.629,3.8
Kurdamir district,district,2015,36.87,27.83,33516.0,28084.0,14978.0,48.1,41786.0,29.5,71.7,50.35,48.13,0.4653423358009513,0.4651033949317442,0.3929229616306032,0.4407690320327908,0,0,0.9994865266905152,36.87,29.5,28.084,149.78
Lankaran district,district,2015,35.43,33.82,24088.0,23661.0,597.0,48.5,32885.0,5.4,,38.33,,0.4370844931373473,0.4344526240430087,0.3005603774954595,0.338401833257292,0,0,0.9939785804903594,35.43,5.4,23.661,5.97
Lerik district,district,2015,33.33,30.38,16831.0,16783.0,423.0,47.6,15644.0,117.1,108.8,70.0,63.84,0.3015004704671754,0.2913774154296202,0.2449781010832791,0.2268996048063751,0,0,0.9664244137932207,33.33,117.1,16.783,4.23
Neftchala district,district,2015,13.68,90.0,21062.0,19356.0,12348.0,46.0,24325.0,158.1,53.8,70.0,40.0,0.3988170823511652,0.3928392828195783,0.3777181172331345,0.373139070129262,0,0,0.9850111748063908,13.68,158.1,19.356,123.48
Oghuz district,district,2015,34.48,37.96,12070.0,11258.0,2789.0,46.4,16084.0,71.4,54.4,60.0,60.0,0.4614386417299511,0.4465915424158281,0.4339044076578949,0.4154267503816173,0,0,0.967824325985226,34.48,71.4,11.258,27.89
Saatli district,district,2015,36.43,34.03,32064.0,31160.0,19287.0,48.7,38253.0,24.5,11.1,50.0,50.0,0.3846707622469205,0.3837476469223033,0.3418649922674231,0.3643722928787603,0,0,0.9976002456770428,36.43,24.5,31.16,192.87
Sabirabad district,district,2015,37.93,29.61,58199.0,48514.0,23252.0,48.0,97771.0,10.1,40.5,42.04,42.94,1.0000000000000002,0.6299711300295542,0.1000613185514873,0.5958961372997159,10,0,0.6299711300295541,37.93,10.1,48.514,232.52
Salyan district,district,2015,32.72,14.07,33351.0,32014.0,20861.0,48.0,45000.0,38.3,125.2,45.24,45.52,0.4528460869561727,0.4393900794321151,0.3758765548816786,0.4174438140559869,0,0,0.970285693281568,32.72,38.3,32.014,208.61
Samukh district,district,2015,33.7,38.46,10342.0,9346.0,7569.0,47.2,16737.0,31.6,27.3,39.43,60.03,0.5772440113818148,0.5597956423596604,0.5514088147689451,0.532911911099116,0,0,0.9697729752442364,33.7,31.6,9.346,75.69
Shabran district,district,2015,75.23,20.0,12072.0,10674.0,812.0,47.7,15485.0,28.0,,72.72,,0.4694934238608218,0.4534837039858468,0.422280655576156,0.3969795119949935,0,0,0.9659000125213234,75.23,28.0,10.674,8.12
Shaki district,district,2015,45.0,39.99,35496.0,29618.0,7228.0,48.0,55692.0,4.6,75.0,47.27,70.0,0.7327141379253173,0.5877799392949632,0.4974291121165818,0.5464668356090638,0,0,0.8021954386730741,45.0,4.6,29.618,72.28
Shamakhi district,district,2015,,37.27,20115.0,19797.0,364.0,,23146.0,,212.9,,80.23,0.3716885004877522,0.3654721092781096,0.260591762006142,0.2485488618691151,0,0,0.98327526624718,37.27,212.9,19.797,3.64
Shamkir district,district,2015,18.4,,29202.0,28627.0,9822.0,46.5,54608.0,83.3,,55.0,,0.702574607234592,0.5962907974464922,0.5056751599782144,0.5597346816671603,0,0,0.8487223866424035,18.4,83.3,28.627,98.22
Siyazan district,district,2015,,40.49,6272.0,5984.0,203.0,,12199.0,,66.4,,67.17,0.6692359551102557,0.6372506989076865,0.5642300382721973,0.5197909160344335,0,0,0.9522063093616964,40.49,66.4,5.984,2.03
Tovuz district,district,2015,36.96,,18010.0,17360.0,4672.0,47.8,32453.0,71.7,,61.96,,0.5881055965631675,0.58436312506068,0.5261120581047808,0.5450444497691418,0,0,0.9936363953610404,36.96,71.7,17.36,46.72
Ujar district,district,2015,,18.0,33152.0,21976.0,13865.0,,38781.0,,103.3,,49.91,0.5527891131647373,0.5516301958378897,0.488457250531536,0.5239062123749798,0,0,0.9979035091335052,18.0,103.3,21.976,138.65
Yevlakh district,district,2015,25.9,25.91,27834.0,19196.0,21193.0,48.4,36534.0,97.0,68.6,51.0,43.99,0.5969850987209937,0.5949276546773637,0.5413817029111434,0.5671789661721645,0,0,0.9965536090464604,25.9,97.0,19.196,211.93
Zagatala district,district,2015,35.05,36.67,29726.0,27079.0,7681.0,48.0,43179.0,35.5,23.5,55.0,50.66,0.5008104928532251,0.4984454453126324,0.3910269323392187,0.4655896560328115,0,0,0.9952775599266732,35.05,35.5,27.079,76.81
Zangilan district,district,2015,40.0,,626.0,626.0,98.0,50.0,459.0,50.0,,60.0,,0.7396166134185304,0.2292007457348008,0.3107929518308605,0.2095338462240103,0,0,0.3098912890496442,40.0,50.0,0.626,0.98
Zardab district,district,2015,30.0,29.62,22828.0,20850.0,18570.0,48.3,31871.0,152.3,47.6,71.49,50.17,0.4811135576771749,0.4778232798376682,0.447840836060517,0.4552857900638557,0,0,0.9931611200993956,30.0,152.3,20.85,185.7
Absheron district,district,2016,29.51,20.64,13461.0,13461.0,114.0,30.0,49389.0,1.1,9.5,42.47,39.21,1.0,1.0,0.0,0.2657513466652064,1,0,1.0,29.51,1.1,13.461,1.14
Agdash district,district,2016,18.03,,35733.0,24275.0,8808.0,48.0,55998.0,94.1,,35.0,,0.6855025180303961,0.6287244780027591,0.49202023238965,0.5884848651420654,0,0,0.917173112374885,18.03,94.1,24.275,88.08
Aghdam district,district,2016,44.55,,18691.0,18596.0,8314.0,59.1,34168.0,22.2,,55.0,,0.5059914141032554,0.5007801573124202,0.4594927062589262,0.4711749960172624,0,0,0.989700898778943,44.55,22.2,18.596,83.14
Aghjabadi district,district,2016,26.07,,44251.0,38429.0,29176.0,48.0,101287.0,40.1,,50.98,,1.0,0.7183592957131865,0.1001121027053268,0.6810503927154945,1,0,0.7183592957131865,26.07,40.1,38.429,291.76
Aghstafa district,district,2016,23.64,,11840.0,9606.0,6088.0,47.3,16985.0,32.7,,80.0,,0.5033916356565129,0.481914573856423,0.4761996170763254,0.4563076477270508,0,0,0.9573352827524042,23.64,32.7,9.606,60.88
Aghsu district,district,2016,,30.24,18901.0,15430.0,1038.0,,29654.0,,145.8,,80.0,0.5319418438465955,0.5237987389306266,0.4410373676645051,0.4467317056027445,0,0,0.9846917383729692,30.24,145.8,15.43,10.38
Astara district,district,2016,32.69,29.0,22331.0,22080.0,1303.0,47.3,30166.0,10.7,16.4,50.0,42.5,0.3779052879355713,0.3723623384277611,0.3078417649025509,0.313967377238297,0,0,0.9853324372937718,32.69,10.7,22.08,13.03
Balakan district,district,2016,29.12,,17827.0,15607.0,3014.0,47.1,20654.0,61.6,,47.07,,0.3724103559179034,0.3606881162451145,0.3430831659191549,0.3285579405169538,0,0,0.9685233251801056,29.12,61.6,15.607,30.14
Barda district,district,2016,36.68,,42015.0,37150.0,31204.0,48.0,79830.0,1.2,,45.53,,0.7565569350833996,0.5856719202871746,0.3728301200614399,0.5555305689883068,0,0,0.7741280175068551,36.68,1.2,37.15,312.04
Beylagan district,district,2016,25.64,21.16,27614.0,26205.0,24348.0,48.0,39520.0,,43.5,20.0,22.97,0.4134337740725888,0.4110360024803617,0.3653126166450948,0.389997632802778,0,0,0.9942003490217852,25.64,43.5,26.205,243.48
Bilasuvar district,district,2016,38.01,,20260.0,18760.0,8064.0,48.0,27995.0,2.8,,40.07,,0.4139799425164079,0.4067192510387381,0.3850150360189835,0.3823419088114192,0,0,0.9824612481620844,38.01,2.8,18.76,80.64
Dashkasan district,district,2016,18.64,35.38,13595.0,13436.0,256.0,45.0,22892.0,102.3,42.9,37.91,50.0,0.4769222816025572,0.4643664484435647,0.3208698208471008,0.3038184229585839,0,0,0.9736732091509706,18.64,102.3,13.436,2.56
Fuzuli district,district,2016,36.1,,15857.0,14992.0,6040.0,26.8,23199.0,38.9,,50.0,,0.4328739463107025,0.4217516425857381,0.4061809966270654,0.3958452435861407,0,0,0.9743059063273324,36.1,38.9,14.992,60.4
Gabala district,district,2016,47.69,,23746.0,23232.0,1972.0,18.8,38855.0,20.3,,57.86,,0.458721583190002,0.4558347244024457,0.3450090523168609,0.3956629649695297,0,0,0.9937067299788236,47.69,20.3,23.232,19.72
Gazakh district,district,2016,59.98,60.63,16458.0,14777.0,5666.0,48.0,31172.0,11.7,72.7,70.0,62.16,0.5827928309734606,0.5749439198641697,0.5340231371992392,0.5389203859882752,0,0,0.9865322449210974,59.98,11.7,14.777,56.66
Gobustan district,district,2016,,25.57,11510.0,11386.0,86.0,,19756.0,,126.7,,75.19,0.5557799946807992,0.5109329047973288,0.2102516872925175,0.1583721221709909,0,0,0.9193078370709844,25.57,126.7,11.386,0.86
Goranboy district,district,2016,28.28,,20838.0,20375.0,13598.0,45.8,36208.0,50.7,,40.7,,0.488462885619585,0.4843440963916483,0.4409519494226674,0.4588463132590653,0,0,0.9915678563321914,28.28,50.7,20.375,135.98
Goychay district,district,2016,60.0,,19566.0,17974.0,5728.0,47.1,25030.0,18.6,,60.0,,0.3881734030336693,0.3795449379962138,0.3607159127663604,0.3539204100802431,0,0,0.977771622244023,60.0,18.6,17.974,57.28
Goygol district,district,2016,43.98,34.52,10032.0,9944.0,1221.0,45.8,23559.0,18.9,29.8,49.65,45.18,0.6622558700844473,0.6457179032686916,0.5920838838573894,0.5730132225119302,0,0,0.9750278290267976,43.98,18.9,9.944,12.21
Guba district,district,2016,15.78,,24731.0,24559.0,612.0,47.9,38761.0,41.1,,50.08,,0.432916590382396,0.4301613487491851,0.2260411917416297,0.3156645407394413,0,0,0.9936356293696734,15.78,41.1,24.559,6.12
Gubadli district,district,2016,33.02,,494.0,488.0,10.0,47.3,652.0,83.9,,61.02,,0.9999999999999998,0.3641454309365362,0.0,0.24859839594253,21,0,0.3641454309365363,33.02,83.9,0.488,0.1
Gusar district,district,2016,42.26,,19043.0,19023.0,5403.0,50.7,27795.0,1.3,,49.64,,0.405457969880448,0.398230722593633,0.3725527060619301,0.369867800366609,0,0,0.9821751011850972,42.26,1.3,19.023,54.03
Hajigabul district,district,2016,,58.71,16245.0,14802.0,3673.0,,17242.0,,42.8,,88.25,0.3313058566039417,0.3174785091491311,0.3089862641878474,0.2931370485872857,0,0,0.9582641019493342,58.71,42.8,14.802,36.73
Imishli district,district,2016,39.66,58.08,40812.0,37859.0,19493.0,56.7,49555.0,14.8,20.8,49.84,50.0,0.3576656063610037,0.3567511924318676,0.2759086253093012,0.3366647039436565,0,0,0.9974433831129595,39.66,14.8,37.859,194.93
Ismayilli district,district,2016,63.46,55.01,24050.0,23568.0,1462.0,48.0,34891.0,,23.0,38.07,58.61,0.4074112027381235,0.4034946480822535,0.3162219439971687,0.3418575483921626,0,0,0.9903867281273864,63.46,23.0,23.568,14.62
Jabrayil district,district,2016,58.33,,4048.0,4023.0,900.0,50.0,7179.0,39.0,,81.67,,0.5531647231590484,0.4863635414474044,0.4953297023138096,0.4468590799237731,0,0,0.8792381746071016,58.33,39.0,4.023,9.0
Kalbajar district,district,2016,,35.47,12575.0,12164.0,256.0,,17493.0,,44.7,,52.33,0.4086485879619755,0.3919538872885922,0.2990690014536679,0.2707566651500375,0,0,0.9591465597455174,35.47,44.7,12.164,2.56
Khizi district,district,2016,55.46,,5147.0,5137.0,259.0,48.0,10344.0,42.6,,32.84,,0.5972072060193784,0.5488150817157358,0.5002897441488176,0.454921521820168,0,0,0.9189692893590564,55.46,42.6,5.137,2.59
Kurdamir district,district,2016,35.37,28.27,33548.0,28202.0,13244.0,48.1,42786.0,12.8,72.4,61.09,49.33,0.414984339752988,0.4134936742036261,0.3515432772871139,0.3894626921531691,0,0,0.996407899270972,35.37,12.8,28.202,132.44
Lankaran district,district,2016,39.07,34.34,23839.0,23426.0,873.0,48.6,33419.0,4.1,,42.84,,0.3931548138103734,0.3888144553058368,0.2790467660264838,0.3077314988712151,0,0,0.9889601796745898,39.07,4.1,23.426,8.73
Lerik district,district,2016,35.71,32.96,16908.0,16868.0,411.0,47.6,15696.0,146.6,,85.38,,0.2663308708933839,0.2536135709265973,0.2037701819274799,0.1849646769469718,0,0,0.9522499966897284,35.71,146.6,16.868,4.11
Neftchala district,district,2016,16.36,187.5,21173.0,19559.0,10695.0,45.4,24415.0,157.3,141.8,70.0,60.0,0.3483473443104513,0.3402179107449616,0.3277803896806697,0.3214496354574662,0,0,0.9766628518969144,16.36,157.3,19.559,106.95
Oghuz district,district,2016,35.42,37.97,11826.0,11209.0,2553.0,46.3,16086.0,97.6,50.5,69.18,60.0,0.4100527088362116,0.3911364471305676,0.381367458590199,0.3596852644215636,0,0,0.953868706880803,35.42,97.6,11.209,25.53
Saatli district,district,2016,35.32,34.01,32093.0,31309.0,17620.0,48.6,38696.0,25.0,11.1,50.0,50.0,0.3390302020510187,0.3368557532024377,0.3013359163648929,0.3184331742521374,0,0,0.9935862680214737,35.32,25.0,31.309,176.2
Sabirabad district,district,2016,38.66,29.97,59188.0,49357.0,20033.0,48.0,103719.0,26.0,42.3,50.58,42.72,1.0,0.5727388689789225,0.0,0.537656876701159,20,0,0.5727388689789225,38.66,26.0,49.357,200.33
Salyan district,district,2016,35.77,14.42,33426.0,31995.0,19091.0,48.0,45011.0,38.7,130.0,49.6,43.44,0.3842990251938685,0.3834278360230559,0.3182493426221057,0.3627488822066296,0,0,0.99773304350597,35.77,38.7,31.995,190.91
Samukh district,district,2016,33.43,41.67,12078.0,11256.0,7612.0,47.2,29014.0,25.3,40.3,42.13,60.0,0.7140640562120121,0.7025392837791243,0.6657953365484958,0.6656264227374329,0,0,0.9838603101043558,33.43,25.3,11.256,76.12
Shabran district,district,2016,92.05,20.0,11760.0,10450.0,855.0,47.7,15541.0,20.1,,75.51,,0.4259531713671062,0.4053309451061347,0.3807045739673745,0.3509131234230085,0,0,0.9515856961581388,92.05,20.1,10.45,8.55
Shaki district,district,2016,38.96,43.0,35696.0,29819.0,6387.0,48.0,56845.0,,62.8,42.74,70.0,0.5882859646716772,0.5195726561776837,0.3647982830612635,0.4762526306179201,0,0,0.8831974369262023,38.96,62.8,29.819,63.87
Shamakhi district,district,2016,,35.29,20155.0,19900.0,399.0,,23261.0,,225.5,,73.74,0.3269421908978587,0.318582852304406,0.2236508170135681,0.2150834571544007,0,0,0.9744317533001904,35.29,225.5,19.9,3.99
Shamkir district,district,2016,20.06,,29295.0,28703.0,9771.0,48.0,56355.0,82.5,,55.0,,0.5857340851502381,0.5351213202895738,0.4132381845863346,0.4999921804209705,0,0,0.9135908833994486,20.06,82.5,28.703,97.71
Siyazan district,district,2016,,46.95,6279.0,5978.0,309.0,,12287.0,,58.6,,74.51,0.5997070167746752,0.5601921760256944,0.5139145054922456,0.4657585709865995,0,0,0.934109757525436,46.95,58.6,5.978,3.09
Tovuz district,district,2016,40.74,,18102.0,17450.0,4675.0,48.1,33300.0,50.0,,61.11,,0.5259810198155553,0.5201108259260542,0.469275608542813,0.481900915125085,0,0,0.9888395328569848,40.74,50.0,17.45,46.75
Ujar district,district,2016,,18.75,33182.0,22223.0,12395.0,,38788.0,,73.9,,51.53,0.4787465916338248,0.4757094644856962,0.4251756390887961,0.4496313542329128,0,0,0.9936560861190388,18.75,73.9,22.223,123.95
Yevlakh district,district,2016,25.87,25.81,28257.0,25109.0,17284.0,48.4,36547.0,97.0,109.1,51.0,54.3,0.3999628660507655,0.3967065835561581,0.3604113325484112,0.3759049704895723,0,0,0.9918585379518856,25.87,97.0,25.109,172.84
Zagatala district,district,2016,35.12,38.41,29763.0,27310.0,7681.0,48.0,43369.0,17.8,32.9,50.0,57.06,0.434220926648894,0.4328174874038746,0.3519579043155351,0.4018405019350755,0,0,0.9967679143060876,35.12,17.8,27.31,76.81
Zardab district,district,2016,30.36,30.45,22853.0,20975.0,18100.0,48.2,31934.0,173.7,47.4,78.95,50.14,0.4202508567854273,0.4149525547844241,0.3882545111162563,0.3936409614986602,0,0,0.987392525403682,30.36,173.7,20.975,181.0
Absheron district,district,2017,26.89,21.69,13357.0,13357.0,247.0,31.3,48986.0,0.5,9.4,63.55,39.15,0.9999999999999994,1.0000000000000002,0.080363658368469,0.5760220144217936,0,0,1.0000000000000009,26.89,0.5,13.357,2.47
Aghdam district,district,2017,50.13,,18844.0,18751.0,7561.0,58.5,34612.0,22.3,,55.0,,0.5058450279552831,0.5033142298062183,0.4678308701695691,0.479192713438878,0,0,0.9949968903335974,50.13,22.3,18.751,75.61
Aghjabadi district,district,2017,52.0,,44551.0,38680.0,23106.0,48.0,101596.0,40.4,,45.1,,1.0,0.7161880854800508,0.1024759178213556,0.6850718810154016,2,0,0.7161880854800508,52.0,40.4,38.68,231.06
Aghstafa district,district,2017,29.17,,11881.0,9642.0,5157.0,45.8,17112.0,53.6,,80.0,,0.4948304238088286,0.4839166803077553,0.4722981470998616,0.4624836379650859,0,0,0.9779444775907924,29.17,53.6,9.642,51.57
Aghsu district,district,2017,,30.26,18368.0,15534.0,2302.0,,30010.0,,167.0,,80.11,0.5308012889715705,0.5267683126487018,0.4764215031625634,0.4837281411415975,0,0,0.9924020977215736,30.26,167.0,15.534,23.02
Astara district,district,2017,32.37,28.3,20079.0,19768.0,1132.0,47.2,30186.0,7.4,14.8,30.0,42.17,0.4195101195319815,0.416370338088982,0.3402463453129413,0.3569972142455412,0,0,0.992515600227946,32.37,7.4,19.768,11.32
Balakan district,district,2017,28.68,,17845.0,15766.0,3085.0,48.0,20784.0,91.3,,60.0,,0.3653606068610395,0.3594550250875139,0.3413670650908123,0.3353033349695708,0,0,0.9838362930687498,28.68,91.3,15.766,30.85
Barda district,district,2017,36.69,,42045.0,38294.0,26641.0,49.0,81536.0,1.2,,45.54,,0.7579368307705904,0.5805713718681357,0.3674594545973304,0.555782135141236,0,0,0.7659891277190896,36.69,1.2,38.294,266.41
Beylagan district,district,2017,25.54,22.82,27705.0,27273.0,21346.0,47.9,39573.0,17.9,67.8,32.0,43.73,0.3967820274121456,0.3956425664584248,0.3563738701877083,0.3787857970543001,0,0,0.9971282445398234,25.54,17.9,27.273,213.46
Bilasuvar district,district,2017,89.73,,19651.0,18381.0,6573.0,48.0,28008.0,44.1,,39.53,,0.4192476957245648,0.4154797967710917,0.3959107765124124,0.394603004670708,0,0,0.9910127139829328,89.73,44.1,18.381,65.73
Dashkasan district,district,2017,13.68,35.22,12433.0,12307.0,251.0,48.0,23548.0,119.8,45.2,42.19,50.0,0.5362808199240101,0.5217215481803262,0.3391235316123149,0.3288265442608845,0,0,0.9728514032149296,13.68,119.8,12.307,2.51
Fuzuli district,district,2017,31.83,,16028.0,15067.0,6216.0,30.6,24560.0,57.2,,50.0,,0.4498181464073105,0.4444659768194831,0.4282437383024425,0.4233544986244318,0,0,0.9881014813862556,31.83,57.2,15.067,62.16
Gabala district,district,2017,57.16,,23183.0,22658.0,1599.0,17.4,40313.0,12.6,,68.33,,0.4863963620949791,0.4851326385549651,0.3439613287666291,0.4240335501247745,0,0,0.9974018647372876,57.16,12.6,22.658,15.99
Gadabay district,district,2017,,26.32,23783.0,23702.0,10.0,,42816.0,,172.7,,75.0,0.9999999999999998,1.0,0.0,0.0,5,0,1.0000000000000002,26.32,172.7,23.702,0.1
Gakh district,district,2017,21.23,31.58,11345.0,10314.0,2672.0,47.8,15985.0,263.4,,75.0,,0.4331565713820833,0.4225931580250469,0.4088942553820965,0.3983291763710077,0,0,0.9756129444756396,21.23,263.4,10.314,26.72
Gazakh district,district,2017,39.94,38.57,16595.0,15142.0,3338.0,48.1,31180.0,65.7,56.5,66.18,61.64,0.5653565003780647,0.5614742152466067,0.5177020799620684,0.5263223878872396,0,0,0.9931330317616196,39.94,65.7,15.142,33.38
Gobustan district,district,2017,,27.92,11578.0,11452.0,84.0,,20088.0,,107.6,,66.12,0.7287088238656327,0.6965186586337668,0.45993428054132,0.3752401395406892,0,0,0.9558257507283848,27.92,107.6,11.452,0.84
Goranboy district,district,2017,13.42,,21097.0,20656.0,13882.0,45.2,37061.0,42.1,,42.17,,0.4911300869040182,0.4892241151323434,0.4505624145969404,0.4682711606084259,0,0,0.9961192119511764,13.42,42.1,20.656,138.82
Goychay district,district,2017,11.76,,19597.0,18135.0,5768.0,48.0,20298.0,4.3,,90.78,,0.3104142451675991,0.3051916421690275,0.2947850468558825,0.2891738474100631,0,0,0.983175375873128,11.76,4.3,18.135,57.68
Goygol district,district,2017,40.09,,10064.0,9972.0,851.0,41.6,23698.0,31.4,,47.12,,0.65635926004015,0.6479871194155217,0.5792563425121786,0.5740122765814265,0,0,0.9872445760510544,40.09,31.4,9.972,8.51
Gubadli district,district,2017,33.02,,560.0,554.0,13.0,47.2,687.0,141.3,,80.0,,0.9999999999999992,0.338130167891482,0.0,0.2334474371708239,15,0,0.3381301678914822,33.02,141.3,0.554,0.13
Gusar district,district,2017,38.7,,19008.0,19005.0,5034.0,48.0,28710.0,0.5,,59.95,,0.4154321725134116,0.4119099344170981,0.3874042272297786,0.3885234152131697,0,0,0.9915215086135396,38.7,0.5,19.005,50.34
Hajigabul district,district,2017,,83.02,16424.0,15457.0,3083.0,,17253.0,,37.3,,71.08,0.3111299654553219,0.3043521424081195,0.2916332997222883,0.2841362605200926,0,0,0.978215460419303,83.02,37.3,15.457,30.83
Imishli district,district,2017,39.92,40.0,40839.0,38235.0,17985.0,48.7,49630.0,11.1,20.3,50.0,50.0,0.3574468241015018,0.3539322430780631,0.2834242212940063,0.3377792862443601,0,0,0.9901675416132926,39.92,11.1,38.235,179.85
Ismayilli district,district,2017,63.35,60.0,24082.0,23709.0,1194.0,48.0,34950.0,,23.1,44.02,80.0,0.4039034376438871,0.4019489432713009,0.3015548639903505,0.3377077619001493,0,0,0.9951609860416452,63.35,23.1,23.709,11.94
Kalbajar district,district,2017,,30.41,12469.0,12101.0,146.0,,16936.0,,61.4,,58.1,0.4948336248219209,0.4656588956599282,0.3318686017277015,0.2731576867958286,0,0,0.9410413365249946,30.41,61.4,12.101,1.46
Khachmaz district,district,2017,62.2,,26335.0,25394.0,4520.0,44.5,60569.0,5.8,,70.22,,0.8257279623859373,0.6503636144732593,0.5183910879254834,0.6035401555459248,0,0,0.787624549608368,62.2,5.8,25.394,45.2
Khizi district,district,2017,65.89,,4685.0,4675.0,300.0,48.0,9468.0,12.9,,63.55,,0.5835477781107018,0.5522218440235354,0.4934371500324187,0.478827399111201,0,0,0.9463181332150944,65.89,12.9,4.675,3.0
Kurdamir district,district,2017,36.99,29.02,33571.0,28522.0,12975.0,48.1,42834.0,25.4,69.7,50.8,50.08,0.4102042719840963,0.4094921725302121,0.352882647787827,0.3906369173347697,0,0,0.9982640369627552,36.99,25.4,28.522,129.75
Lankaran district,district,2017,45.52,,23504.0,23002.0,929.0,49.2,33790.0,5.9,,47.02,,0.4027336483877295,0.4005525865082968,0.2859648693941767,0.3218502533681618,0,0,0.9945843564644667,45.52,5.9,23.002,9.29
Lerik district,district,2017,39.58,21.93,16532.0,16485.0,389.0,47.9,15967.0,,127.0,,73.76,0.2776723318745235,0.2641017759482909,0.2023599745057577,0.1827586261888089,0,0,0.9511274463875464,39.58,127.0,16.485,3.89
Neftchala district,district,2017,20.03,34.29,21039.0,19802.0,8746.0,46.1,24508.0,62.3,44.4,60.79,60.0,0.3415515029061843,0.3374704598593896,0.3255270906190232,0.3217927658095136,0,0,0.9880514563336128,20.03,62.3,19.802,87.46
Oghuz district,district,2017,34.69,38.1,11257.0,10843.0,2093.0,47.0,16086.0,97.1,50.5,69.0,60.0,0.4145331619560453,0.4045158605413855,0.3880781856511737,0.3770930384085486,0,0,0.9758347405370624,34.69,97.1,10.843,20.93
Saatli district,district,2017,34.6,34.1,32135.0,31415.0,13299.0,49.0,38753.0,25.0,11.1,57.2,50.0,0.3374360729341925,0.3363606724899831,0.3029772120486084,0.3205200088247359,0,0,0.9968130246572092,34.6,25.0,31.415,132.99
Sabirabad district,district,2017,38.53,,60171.0,51129.0,19342.0,48.1,106852.0,27.1,,51.41,,0.9999999999999998,0.5698391776153128,0.0,0.5418216969695382,21,0,0.5698391776153129,38.53,27.1,51.129,193.42
Salyan district,district,2017,33.76,17.29,33292.0,31950.0,18079.0,48.0,45857.0,48.1,83.8,49.99,32.12,0.3916790799091991,0.3913557551207345,0.3249199566928434,0.3741921248250941,0,0,0.9991745160641728,33.76,48.1,31.95,180.79
Samukh district,district,2017,40.88,40.78,11750.0,10964.0,5893.0,47.1,30413.0,18.9,19.8,50.25,50.0,0.761950259577448,0.7563576135408799,0.7202380577053964,0.7228931828496874,0,0,0.9926600903848112,40.88,18.9,10.964,58.93
Shabran district,district,2017,72.0,,11770.0,10479.0,828.0,48.0,14602.0,10.9,,79.41,,0.3907854303305519,0.3799526269839861,0.349012205451944,0.3347464521270802,0,0,0.9722794083254264,72.0,10.9,10.479,8.28
Shaki district,district,2017,36.84,40.0,35921.0,30029.0,5583.0,48.0,58261.0,30.0,75.0,47.82,70.0,0.6273971111430041,0.5290223404219783,0.4069553622096623,0.4921704278826622,0,0,0.8432017473880222,36.84,30.0,30.029,55.83
Shamakhi district,district,2017,,32.1,13602.0,13339.0,485.0,,20319.0,,55.6,,70.0,0.4224468903457384,0.4153517126715044,0.3353157951543538,0.3258634565945678,0,0,0.9832045688194624,32.1,55.6,13.339,4.85
Shamkir district,district,2017,17.53,,29328.0,28729.0,9777.0,47.7,58159.0,83.3,,55.0,,0.6186181198714151,0.5519927441543144,0.4409287022526291,0.5237420366512889,0,0,0.8922996698982091,17.53,83.3,28.729,97.77
Siyazan district,district,2017,,42.49,6245.0,6002.0,335.0,,12338.0,,64.8,,70.0,0.580671560016348,0.560513042557039,0.4954249793863893,0.478906234912825,0,0,0.965284131603171,42.49,64.8,6.002,3.35
Tovuz district,district,2017,47.17,,18156.0,17582.0,3294.0,47.2,33365.0,20.0,,60.0,,0.5203729868381755,0.5174397653483283,0.4661876157097717,0.4815990479933605,0,0,0.9943632325965464,47.17,20.0,17.582,32.94
Yardimli district,district,2017,38.98,39.08,14497.0,14424.0,2.0,48.0,17091.0,15.1,10.9,70.0,62.0,1.0000000000000022,0.999999999999998,0.0,0.0,12,10,0.999999999999996,38.98,15.1,14.424,0.02
Yevlakh district,district,2017,25.99,25.92,28395.0,25253.0,15493.0,51.0,36560.0,92.3,96.9,50.0,51.18,0.3963817985585403,0.3947572875002425,0.364546238702152,0.3776752476706677,0,0,0.9959016507210842,25.99,92.3,25.253,154.93
Zagatala district,district,2017,34.94,40.7,29615.0,27258.0,7685.0,48.0,43495.0,5.3,15.8,40.0,55.0,0.4357582613880461,0.435093199963931,0.3610372989980022,0.411097532450231,0,0,0.9984737835560556,34.94,5.3,27.258,76.85
Zangilan district,district,2017,68.46,,475.0,475.0,175.0,15.4,1163.0,9.4,,100.0,,1.0,0.6676103376474912,0.3240661550282673,0.6344510272088406,0,0,0.6676103376474912,68.46,9.4,0.475,1.75
Zardab district,district,2017,29.87,30.58,22867.0,21031.0,18612.0,48.1,31944.0,97.7,50.4,52.0,51.19,0.4168335079908432,0.4141582545023491,0.3925666613868001,0.3965126046536619,0,0,0.9935819615333016,29.87,97.7,21.031,186.12
Absheron district,district,2018,25.82,20.92,13149.0,13149.0,167.0,30.7,52426.0,0.9,9.5,65.81,39.1,1.0,1.0,0.0,0.5006123464745753,2,0,1.0,25.82,0.9,13.149,1.67
Aghdam district,district,2018,72.78,,19147.0,19059.0,8185.0,8.6,35866.0,22.9,,60.06,,0.4757705506015606,0.4719856951240527,0.4390290446660441,0.4428450874420323,0,0,0.9920447882435716,72.78,22.9,19.059,81.85
Aghjabadi district,district,2018,52.05,,44612.0,38463.0,19821.0,48.0,101710.0,40.5,,45.02,,1.0000000000000002,0.6632335721595457,0.0700681226088524,0.6233938089528305,3,0,0.6632335721595456,52.05,40.5,38.463,198.21
Aghstafa district,district,2018,68.18,,11907.0,9669.0,5487.0,6.8,17170.0,44.2,,52.27,,0.4612674222910731,0.4453841289867861,0.4416265455175192,0.418963801212723,0,0,0.9655659764017236,68.18,44.2,9.669,54.87
Astara district,district,2018,32.39,,20015.0,19769.0,1332.0,43.1,27164.0,20.0,,30.0,,0.3501979119700426,0.3446315414945878,0.3019272773666603,0.2918615374707204,0,0,0.9841050723456884,32.39,20.0,19.769,13.32
Balakan district,district,2018,27.96,,17697.0,15808.0,2800.0,47.0,21065.0,115.0,,60.0,,0.3428602976238062,0.3342185405520887,0.3192779292230099,0.3041296896004227,0,0,0.9747951071278615,27.96,115.0,15.808,28.0
Barda district,district,2018,37.62,,42635.0,39542.0,26776.0,48.0,82008.0,9.6,,47.38,,0.7167912136204491,0.5201679514266994,0.3215265202286206,0.4896565778869679,0,0,0.7256896311540665,37.62,9.6,39.542,267.76
Beylagan district,district,2018,25.6,19.71,27827.0,27438.0,20748.0,47.9,39621.0,59.6,73.2,40.87,44.58,0.3642083297255803,0.3621754288191069,0.3331915710786622,0.3409798923700605,0,0,0.9944183019976368,25.6,59.6,27.438,207.48
Bilasuvar district,district,2018,28.3,,19464.0,18339.0,5562.0,48.0,27105.0,49.5,,45.16,,0.3767120179469408,0.3706975906257255,0.3537292214107397,0.3447532353058297,0,0,0.9840344161197891,28.3,49.5,18.339,55.62
Dashkasan district,district,2018,14.9,35.21,11628.0,11470.0,282.0,47.1,22763.0,56.1,42.7,47.69,49.93,0.5090161802901866,0.4977509329295503,0.3767692865125974,0.3703276031409492,0,0,0.9778685868999016,14.9,56.1,11.47,2.82
Fuzuli district,district,2018,33.01,,16030.0,15195.0,5787.0,30.3,27916.0,33.0,,43.93,,0.4678115447061,0.4607851638688278,0.4417770976182089,0.4313187549342562,0,0,0.9849803175727811,33.01,33.0,15.195,57.87
Gabala district,district,2018,56.97,,22550.0,22019.0,1218.0,4.6,40472.0,28.7,,68.3,,0.4633671402817945,0.4610022840773352,0.3290980496830381,0.3838172362258482,0,0,0.9948963661881136,56.97,28.7,22.019,12.18
Gakh district,district,2018,14.43,41.67,11923.0,10863.0,2755.0,48.0,16081.0,198.1,,100.0,,0.3858607739613388,0.3712865992262547,0.3656407976483893,0.3430059905090004,0,0,0.9622294472032952,14.43,198.1,10.863,27.55
Gazakh district,district,2018,45.95,38.85,16657.0,15187.0,3572.0,34.6,31212.0,163.4,60.9,93.93,62.09,0.5215454640519204,0.5154607573351921,0.4771711794185233,0.4747692489866412,0,0,0.9883333148572404,45.95,163.4,15.187,35.72
Gobustan district,district,2018,,28.4,12168.0,12016.0,42.0,,20319.0,,106.7,,65.8,0.6599767635074997,0.616762063807818,0.3138447295804154,0.2725879305163615,0,0,0.934520876962374,28.4,106.7,12.016,0.42
Goranboy district,district,2018,13.11,,19911.0,19370.0,13821.0,14.7,35114.0,10.0,,55.0,,0.4585636047414416,0.4546704048626221,0.4281133096548589,0.4280464824992427,0,0,0.9915100111771524,13.11,10.0,19.37,138.21
Goychay district,district,2018,57.05,,18720.0,17370.0,6008.0,48.0,20588.0,31.9,,64.55,,0.3052606053374076,0.2972763385805683,0.2907811405420449,0.2775820929160784,0,0,0.973844424674405,57.05,31.9,17.37,60.08
Goygol district,district,2018,46.89,,10084.0,9984.0,803.0,46.7,23717.0,34.2,,54.43,,0.6083266554668623,0.5958009391534295,0.5421729382757936,0.5114713977132076,0,0,0.9794095553747848,46.89,34.2,9.984,8.03
Guba district,district,2018,48.53,,24458.0,24293.0,592.0,48.0,41363.0,17.3,,54.31,,0.4290319087347511,0.4270481865935684,0.2186620362265485,0.3167417784887195,0,0,0.9953762829738402,48.53,17.3,24.293,5.92
Gubadli district,district,2018,33.02,,537.0,537.0,14.0,47.1,779.0,141.2,,79.99,,1.0000000000000029,0.3638389370108696,0.0,0.2749963789589858,10,0,0.3638389370108686,33.02,141.2,0.537,0.14
Hajigabul district,district,2018,,76.45,16618.0,15725.0,2449.0,,18282.0,,45.0,,78.89,0.3010526093337277,0.2915943150575719,0.2804907020308497,0.2630990108101654,0,0,0.9685825866213608,76.45,45.0,15.725,24.49
Imishli district,district,2018,40.0,40.0,40887.0,38730.0,16178.0,49.0,49633.0,11.0,11.4,50.0,50.0,0.3217312716341908,0.3214171393898339,0.2595407065418756,0.3014132988270027,0,0,0.9990236191752164,40.0,11.0,38.73,161.78
Ismayilli district,district,2018,88.04,60.0,24105.0,23759.0,1169.0,48.0,35506.0,,23.0,48.63,79.92,0.3779194094174033,0.3748172702320202,0.2892576700558193,0.3082056868345753,0,0,0.9917915325117456,88.04,23.0,23.759,11.69
Kalbajar district,district,2018,,36.03,12379.0,11999.0,151.0,,17111.0,,94.4,,70.0,0.3925234046422975,0.3590807425131445,0.2327259918237401,0.1801286155942343,0,0,0.9148008456728104,36.03,94.4,11.999,1.51
Khachmaz district,district,2018,60.81,,26491.0,25626.0,4663.0,2.4,63822.0,4.6,,67.36,,0.8230713835061791,0.6246483397726795,0.418693388323369,0.5691229285049079,0,0,0.7589236514477726,60.81,4.6,25.626,46.63
Khizi district,district,2018,62.11,,5207.0,5191.0,265.0,47.8,6992.0,61.6,,79.49,,0.3759543891597106,0.3378285840706475,0.2992675334483379,0.278973091682161,0,0,0.898589280539383,62.11,61.6,5.191,2.65
Kurdamir district,district,2018,40.59,30.79,33025.0,28607.0,10131.0,48.7,43265.0,23.7,66.7,55.23,51.68,0.3807190167257183,0.3793240634995133,0.3322051449844406,0.354450078545846,0,0,0.9963360032860928,40.59,23.7,28.607,101.31
Lankaran district,district,2018,43.13,,23953.0,23530.0,609.0,49.2,34089.0,5.1,,43.45,,0.3667556737411792,0.3633610203597197,0.2359662847987256,0.2742137223023179,0,0,0.9907441012518456,43.13,5.1,23.53,6.09
Lerik district,district,2018,36.17,18.03,16745.0,16701.0,318.0,48.9,15979.0,180.8,102.8,94.8,62.95,0.2505326804075854,0.2399678845228165,0.1773349084060012,0.1601871074293008,0,0,0.9578306675696708,36.17,180.8,16.701,3.18
Neftchala district,district,2018,21.43,33.93,20959.0,19877.0,8870.0,46.7,27163.0,113.3,93.4,50.0,50.23,0.348282742218716,0.3427463969985433,0.3302197802047973,0.3217431009195559,0,0,0.9841038772552906,21.43,113.3,19.877,88.7
Oghuz district,district,2018,38.24,38.24,10467.0,10112.0,1712.0,47.2,15389.0,73.6,50.4,65.9,60.0,0.3976521921212205,0.3816975223696862,0.3729991663646376,0.3464559605481272,0,0,0.9598778277408048,38.24,73.6,10.112,17.12
Saatli district,district,2018,33.14,33.23,32208.0,31531.0,13688.0,48.2,41852.0,24.2,11.1,50.0,50.0,0.3343689855974091,0.3329081860016513,0.2990257379472309,0.312402117013608,0,0,0.9956311749633484,33.14,24.2,31.531,136.88
Sabirabad district,district,2018,16.53,,60927.0,55613.0,20141.0,41.5,113994.0,100.0,,30.88,,1.0000000000000009,0.514104815651136,0.0,0.4806590476714582,30,0,0.5141048156511356,16.53,100.0,55.613,201.41
Salyan district,district,2018,31.67,15.44,33304.0,31994.0,19840.0,48.0,49957.0,57.6,126.2,49.8,47.73,0.3919642263675241,0.3916280697787819,0.3212830886207322,0.3685826555871574,0,0,0.9991423794159546,31.67,57.6,31.994,198.4
Samukh district,district,2018,46.28,36.63,12377.0,11572.0,6509.0,47.0,30785.0,54.2,36.6,60.92,71.25,0.6753780526398034,0.6672317980530398,0.6369892911700753,0.6276139620370411,0,0,0.98793823021799,46.28,54.2,11.572,65.09
Shabran district,district,2018,94.38,,11900.0,10587.0,647.0,48.3,15011.0,16.9,,80.62,,0.3710115337096785,0.3556171639066,0.3307568202443808,0.2987265239997428,0,0,0.9585070317109744,94.38,16.9,10.587,6.47
Shaki district,district,2018,36.5,40.0,35944.0,30605.0,5001.0,48.0,58973.0,33.8,50.9,65.57,60.36,0.543962380830503,0.4832889212002812,0.2795359846407184,0.4376408383292952,0,0,0.8884601917919626,36.5,33.8,30.605,50.01
Shamakhi district,district,2018,29.9,76.99,13584.0,13298.0,450.0,41.0,21796.0,,38.4,,75.26,0.4211230212941145,0.4110895838646429,0.3421633149404982,0.3220699055248218,0,0,0.9761745691350742,29.9,38.4,13.298,4.5
Shamkir district,district,2018,16.5,,28303.0,27780.0,9882.0,47.8,59438.0,88.5,,56.54,,0.6029737372653724,0.5366337074600429,0.4344996296508556,0.5015012750588663,0,0,0.8899785750102531,16.5,88.5,27.78,98.82
Siyazan district,district,2018,,58.31,6374.0,6145.0,377.0,,12373.0,,20.0,,70.0,0.5334014205372307,0.5050090115783953,0.4726806180623069,0.4243645908977898,0,0,0.9467710285993628,58.31,20.0,6.145,3.77
Tartar district,district,2018,33.93,,12156.0,12079.0,7264.0,42.6,22127.0,12.0,,30.0,,0.4703758943422436,0.4594492604380613,0.4498784202662906,0.4323472624488788,0,0,0.9767704211980044,33.93,12.0,12.079,72.64
Tovuz district,district,2018,54.55,,18258.0,17693.0,3609.0,47.3,33596.0,24.2,,70.0,,0.4808827705043773,0.4762468292826455,0.4301435562418136,0.4359595525856405,0,0,0.990359518980334,54.55,24.2,17.693,36.09
Yardimli district,district,2018,38.99,38.89,14666.0,14600.0,9.0,48.0,23887.0,21.2,11.2,65.0,66.54,1.000000000000021,0.6955434506992927,0.0851178705679682,0.0350422845239641,1,3,0.6955434506992778,38.99,21.2,14.6,0.09
Yevlakh district,district,2018,25.99,25.93,28418.0,25256.0,15612.0,51.4,36574.0,169.2,115.7,70.0,56.18,0.3659407989862621,0.3632067356360973,0.339166033621006,0.3418294182543488,0,0,0.9925286730593068,25.99,169.2,25.256,156.12
Zagatala district,district,2018,35.17,,29465.0,27251.0,7791.0,47.9,43590.0,10.7,,46.31,,0.4026027182172151,0.4011903031496502,0.3430096085933116,0.3723544505772185,0,0,0.9964917895392776,35.17,10.7,27.251,77.91
Zardab district,district,2018,28.85,31.16,22873.0,21353.0,19497.0,48.1,31957.0,100.5,50.8,47.69,52.53,0.3795400964758798,0.3753644203701893,0.3578321519581228,0.3533970266141525,0,0,0.9889980633285848,28.85,100.5,21.353,194.97
Absheron district,district,2019,18.49,23.46,13184.0,13184.0,135.0,30.1,49501.0,11.5,9.7,43.93,40.0,1.0000000000000004,1.0000000000000004,0.0794697739143683,0.4317594792037622,0,0,1.0,18.49,11.5,13.184,1.35
Aghdam district,district,2019,37.15,,19165.0,19079.0,8409.0,8.4,37873.0,71.7,,60.6,,0.5323942865538658,0.5286975790494596,0.4903069877799113,0.5013167149936328,0,0,0.9930564478286672,37.15,71.7,19.079,84.09
Aghjabadi district,district,2019,34.27,,42513.0,38572.0,22071.0,48.0,123886.0,27.5,,45.02,,1.0,0.855427671113222,0.0,0.8131969980956861,19,0,0.855427671113222,34.27,27.5,38.572,220.71
Aghstafa district,district,2019,27.78,,11938.0,9696.0,5362.0,16.7,17245.0,80.0,,50.0,,0.4938787216433563,0.4737004679640104,0.4711902347433132,0.4501673847439685,0,0,0.9591433022013912,27.78,80.0,9.696,53.62
Astara district,district,2019,28.24,,20005.0,19760.0,1336.0,27.6,27338.0,22.1,,32.82,,0.3752823432106839,0.3684792365459106,0.3312517880741622,0.3258865537842831,0,0,0.9818720310511544,28.24,22.1,19.76,13.36
Balakan district,district,2019,27.0,,18104.0,16300.0,2685.0,47.0,21158.0,92.0,,62.16,,0.3562634747835662,0.3457165976568858,0.3316118833494442,0.3194139449450046,0,0,0.9703958506184568,27.0,92.0,16.3,26.85
Barda district,district,2019,37.75,,42003.0,39380.0,28783.0,48.0,82618.0,4.7,,46.66,,0.6218133560610927,0.5587688503535475,0.3282770373941103,0.5319035372704926,0,0,0.8986118501749405,37.75,4.7,39.38,287.83
Beylagan district,district,2019,38.65,35.56,28282.0,27890.0,22634.0,19.3,39663.0,7.4,,43.98,,0.3809049296431271,0.3787653720668669,0.3508487136591934,0.3605795936466711,0,0,0.9943829617057864,38.65,7.4,27.89,226.34
Bilasuvar district,district,2019,41.42,,19393.0,18263.0,6289.0,48.0,27165.0,11.1,,46.0,,0.4035783796630015,0.3961601725260814,0.3814694479570464,0.3740806674079093,0,0,0.981618918379338,41.42,11.1,18.263,62.89
Dashkasan district,district,2019,35.29,35.2,10751.0,10639.0,160.0,47.7,22174.0,30.3,41.9,64.31,49.94,0.5706863019878422,0.5551066833766667,0.3722987593090048,0.346448776218473,0,0,0.972700205775208,35.29,30.3,10.639,1.6
Fuzuli district,district,2019,34.05,,16120.0,15306.0,6279.0,35.1,28135.0,46.9,,50.0,,0.4980410517175467,0.4895740979359214,0.4719921605832762,0.4638242914869319,0,0,0.9829994861820603,34.05,46.9,15.306,62.79
Gabala district,district,2019,57.74,,22301.0,21729.0,1438.0,5.0,40502.0,5.8,,67.52,,0.4989556432094615,0.4964436400231745,0.3788724072407471,0.4382290491905201,0,0,0.9949654779528516,57.74,5.8,21.729,14.38
Gazakh district,district,2019,28.97,40.73,16457.0,15023.0,4154.0,24.4,32055.0,108.3,95.0,70.0,80.0,0.5753368035328877,0.5682930382621211,0.5326928277876476,0.5336113367011406,0,0,0.9877571446368214,28.97,108.3,15.023,41.54
Gobustan district,district,2019,,28.76,12167.0,12058.0,51.0,,20758.0,,114.2,,68.0,0.7193726725627773,0.6356673872504875,0.2817149820893578,0.2566400267044531,0,0,0.8836412773172377,28.76,114.2,12.058,0.51
Goranboy district,district,2019,10.49,,20520.0,20064.0,14001.0,15.0,42104.0,2.8,,50.14,,0.5611425350540356,0.5589063704253298,0.5088108705734472,0.5320055640948828,0,0,0.9960149792806378,10.49,2.8,20.064,140.01
Goychay district,district,2019,51.51,,18535.0,17247.0,5940.0,40.1,20016.0,10.5,,57.55,,0.3194679287805327,0.3090985379714882,0.3038805711006006,0.2918722831477928,0,0,0.9675416845483475,51.51,10.5,17.247,59.4
Goygol district,district,2019,52.08,,10079.0,9975.0,761.0,46.0,23943.0,49.0,,79.17,,0.6548324548903561,0.6392914307343683,0.5908238925602156,0.5701090743947776,0,0,0.976267174847664,52.08,49.0,9.975,7.61
Guba district,district,2019,43.58,,24831.0,24672.0,619.0,45.7,41820.0,25.2,,54.43,,0.4533416996737521,0.4514533644998881,0.2506376242358779,0.3399488319048074,0,0,0.995834631636086,43.58,25.2,24.672,6.19
Gubadli district,district,2019,33.02,,503.0,503.0,26.0,47.0,779.0,141.3,,79.98,,1.0,0.4124798089305023,0.0,0.3524728047811791,7,0,0.4124798089305023,33.02,141.3,0.503,0.26
Gusar district,district,2019,66.3,,18446.0,18443.0,5530.0,48.0,28914.0,0.6,,106.13,,0.4243218927035674,0.4175512924632249,0.3977995184641364,0.3929128212793869,0,0,0.9840437169121686,66.3,0.6,18.443,55.3
Hajigabul district,district,2019,,86.67,15311.0,14594.0,2806.0,,19773.0,,22.6,,83.51,0.3732093417804304,0.3608539356808634,0.3496269232741964,0.3352392163710288,0,0,0.9668941671164384,86.67,22.6,14.594,28.06
Imishli district,district,2019,40.0,,40692.0,38754.0,17271.0,49.0,50085.0,13.1,,54.93,,0.3453404122540274,0.3442106988544561,0.2882939743939972,0.3264212828501693,0,0,0.9967286962096396,40.0,13.1,38.754,172.71
Ismayilli district,district,2019,77.46,61.79,24125.0,23847.0,1092.0,48.0,36391.0,,23.4,54.27,79.72,0.4097717385479238,0.4064372086630428,0.3140714894752915,0.3406933834733879,0,0,0.9918624698308932,77.46,23.4,23.847,10.92
Jalilabad district,district,2019,15.31,,48289.0,47288.0,148.0,18.4,75524.0,150.0,,50.0,,1.0000000000000004,0.6346011317982623,0.0,0.1909701368196299,19,0,0.6346011317982619,15.31,150.0,47.288,1.48
Kalbajar district,district,2019,,39.88,12417.0,11958.0,159.0,,17210.0,,40.0,,70.0,0.3996938070928012,0.3833147604529905,0.2239528098977193,0.219508381316282,0,0,0.959021014713876,39.88,40.0,11.958,1.59
Khachmaz district,district,2019,58.36,,25735.0,24966.0,4789.0,2.6,69035.0,11.5,,92.58,,0.96386286300407,0.7364674974955497,0.5315802951195443,0.68413662963477,0,0,0.7640791296805466,58.36,11.5,24.966,47.89
Kurdamir district,district,2019,47.52,32.67,33154.0,28881.0,10234.0,48.4,44842.0,12.4,57.3,54.96,52.36,0.4145074655047742,0.4135289985614902,0.359491495239256,0.3907286473105856,0,0,0.9976394467537696,47.52,12.4,28.881,102.34
Lankaran district,district,2019,41.37,41.43,24316.0,23866.0,522.0,49.4,34785.0,6.1,5.1,44.12,43.76,0.3919311533922453,0.3881911170963802,0.2491635709410317,0.2829668644832185,0,0,0.9904574151263704,41.37,6.1,23.866,5.22
Lerik district,district,2019,34.92,41.71,17040.0,16998.0,309.0,47.6,23521.0,105.1,,72.79,,0.377816138036151,0.3685455561172821,0.2699026296514777,0.2537412277675519,0,0,0.9754627158938832,34.92,105.1,16.998,3.09
Neftchala district,district,2019,16.5,16.15,21030.0,20017.0,9519.0,46.7,31151.0,120.7,98.4,40.49,51.58,0.4200428835030474,0.4144825255131996,0.3964713682094474,0.3933140049406997,0,0,0.986762404011048,16.5,120.7,20.017,95.19
Oghuz district,district,2019,40.0,40.74,10443.0,10190.0,1849.0,49.2,14374.0,37.8,54.8,60.0,65.0,0.3966050584641172,0.3756960927366205,0.3698766350680266,0.3483348146885338,0,0,0.9472801335200608,40.0,37.8,10.19,18.49
Saatli district,district,2019,29.8,32.65,32307.0,31701.0,12993.0,48.2,41870.0,67.2,15.9,50.0,50.0,0.353233653281953,0.3517735816419063,0.3174672061900656,0.333267255522402,0,0,0.9958665556736146,29.8,67.2,31.701,129.93
Sabirabad district,district,2019,5.16,,61331.0,57022.0,23872.0,6.9,118812.0,26.2,,72.43,,0.828204707393847,0.5549464565486352,0.2520977920235505,0.5258959124988738,0,0,0.6700595294790256,5.16,26.2,57.022,238.72
Salyan district,district,2019,48.25,16.95,33324.0,32205.0,22352.0,48.0,50030.0,11.9,106.8,54.0,42.12,0.4149837149853663,0.4137523002778412,0.3505215409016806,0.3938307238690856,0,0,0.9970326192015306,48.25,11.9,32.205,223.52
Samukh district,district,2019,45.64,50.48,12222.0,11414.0,7074.0,47.0,31359.0,36.0,59.2,62.09,79.74,0.7413820827910006,0.7317412851220665,0.7020123492903486,0.6960862731330474,0,0,0.9869961820055856,45.64,36.0,11.414,70.74
Shaki district,district,2019,36.96,34.36,35648.0,30954.0,4644.0,48.0,59121.0,37.4,37.9,69.44,61.54,0.567686714117245,0.508695873791167,0.3343090299694857,0.4683700868452763,0,0,0.8960855717438992,36.96,37.4,30.954,46.44
Shamakhi district,district,2019,38.5,75.63,14631.0,14340.0,722.0,41.0,29483.0,,40.7,,74.44,0.5560574447451478,0.5475902956414361,0.4690980059093027,0.466087942000837,0,0,0.984772887794727,38.5,40.7,14.34,7.22
Shamkir district,district,2019,14.83,,27668.0,27260.0,9882.0,42.6,51109.0,89.9,,66.6,,0.5037717914928831,0.4993496548229246,0.4105037924293365,0.4720396379836028,0,0,0.9912219446490764,14.83,89.9,27.26,98.82
Siyazan district,district,2019,,52.77,6744.0,6520.0,466.0,,13445.0,,32.6,,70.0,0.5827626274823761,0.5492201124275485,0.5229996627426562,0.4878153157240815,0,0,0.9424422338135574,52.77,32.6,6.52,4.66
Tartar district,district,2019,26.66,,12535.0,12471.0,7541.0,44.7,22441.0,44.7,,30.0,,0.4924243719177518,0.479263271975201,0.4709177077354124,0.4558265933649328,0,0,0.973272850222066,26.66,44.7,12.471,75.41
Tovuz district,district,2019,55.36,,18373.0,17779.0,3700.0,46.4,37232.0,22.1,,70.0,,0.5619391348128429,0.5577534404754924,0.4984442389344774,0.5195251294567609,0,0,0.9925513386093948,55.36,22.1,17.779,37.0
Yevlakh district,district,2019,25.98,18.79,28427.0,24922.0,16167.0,51.4,37187.0,168.0,109.3,69.68,54.41,0.400409421889543,0.3974124550916391,0.3726803148864572,0.378159284405262,0,0,0.9925152440625368,25.98,168.0,24.922,161.67
Zagatala district,district,2019,34.87,49.7,29410.0,27250.0,8260.0,48.1,43658.0,50.0,19.3,60.0,62.45,0.428008344665805,0.4267077707076256,0.3708202760420711,0.4016437842196573,0,0,0.9969613350431406,34.87,50.0,27.25,82.6
Zardab district,district,2019,21.74,29.98,22885.0,21454.0,20611.0,47.8,31958.0,79.6,49.1,40.0,50.7,0.4016984413393416,0.3967386744940573,0.3806076776643157,0.377689938370953,0,0,0.9876530094845588,21.74,79.6,21.454,206.11
Absheron district,district,2020,20.18,45.35,13155.0,13155.0,187.3,26.2,49719.0,4.9,9.8,56.72,40.04,1.0,1.0,0.1072187528507646,0.5955857817013699,0,0,1.0000000000000002,20.18,4.9,13.155,1.8730000000000002
Agdash district,district,2020,30.0,,32509.0,24291.0,9449.0,48.0,59319.0,83.63,,55.0,,0.6704945836723063,0.6461255196032007,0.5150129009895357,0.6178112588210471,0,0,0.963655091834395,30.0,83.63,24.291,94.49
Aghdam district,district,2020,12.13,,19577.0,19484.0,10002.2,2.1,38843.0,31.5,,65.16,,0.5316747932684697,0.5274764944745994,0.4990181322738751,0.5069605485975226,0,0,0.9921036339374654,12.13,31.5,19.484,100.022
Aghjabadi district,district,2020,30.85,,41702.0,38251.0,23783.9,5.4,126642.0,44.5,,44.97,,1.0000000000000366,0.8759986450509996,0.0,0.8435957719561252,8,0,0.8759986450509675,30.85,44.5,38.251,237.83900000000003
Aghstafa district,district,2020,35.96,,11954.0,9712.0,5214.0,7.1,17317.0,122.4,,80.0,,0.4968648992180176,0.4717723138635512,0.474329157794814,0.4537113278618741,0,0,0.9494981726542608,35.96,122.4,9.712,52.14
Aghsu district,district,2020,63.19,,18622.0,16510.0,842.6,19.2,31187.0,4.5,,66.0,,0.5082407888266148,0.4997985529067063,0.4366088511037578,0.4368108689852957,0,0,0.9833892987231518,63.19,4.5,16.51,8.426
Astara district,district,2020,33.07,,19866.0,19602.0,1319.2,22.7,27352.0,24.2,,43.32,,0.3777781776465566,0.369196155734684,0.3382744372690617,0.3328672612884093,0,0,0.9772829072199564,33.07,24.2,19.602,13.192
Balakan district,district,2020,27.0,,18214.0,16469.0,3096.0,47.0,21690.0,85.2,,50.0,,0.3612666780555152,0.3484663046102935,0.3396183862934937,0.3260586599534121,0,0,0.9645680760979156,27.0,85.2,16.469,30.96
Barda district,district,2020,14.0,,41945.0,39321.0,28981.0,11.5,89962.0,197.8,,41.69,,0.6684522619773663,0.6053450774062888,0.3602241141806387,0.5836069337399721,0,0,0.905592084639824,14.0,197.8,39.321,289.81
Beylagan district,district,2020,4.29,27.01,28356.0,28148.0,22890.5,45.4,39796.0,,22.1,,,0.3767278470816645,0.3740764320434646,0.3538641417820431,0.360774757632653,0,0,0.9929619881865936,4.29,22.1,28.148,228.905
Bilasuvar district,district,2020,72.88,,19525.0,18397.0,6404.3,48.0,27202.0,55.1,,47.99,,0.4004265890498857,0.3912211228943921,0.3816497709298992,0.3728716037065379,0,0,0.9770108519083712,72.88,55.1,18.397,64.043
Dashkasan district,district,2020,126.68,35.0,11657.0,11539.0,160.0,26.7,22054.0,17.4,42.7,83.08,49.94,0.5587011077261541,0.5120337164041181,0.3703871518523647,0.3078318533305156,0,0,0.9164716327269036,126.68,17.4,11.539,1.6
Fuzuli district,district,2020,32.23,,16228.0,15350.0,6957.0,32.1,28293.0,55.1,,50.0,,0.498182854428744,0.4876846509304117,0.4765281271074865,0.4677260011666384,0,0,0.9789270076137598,32.23,55.1,15.35,69.57
Gabala district,district,2020,30.84,,21858.0,21314.0,1396.7,35.5,41283.0,82.5,,73.0,,0.5154542731633686,0.5124774442463297,0.3994961670309483,0.4610487533808705,0,0,0.9942248438474088,30.84,82.5,21.314,13.967
Gazakh district,district,2020,30.7,31.81,16384.0,15008.0,8353.0,48.0,31917.0,66.2,62.1,60.0,65.85,0.5716093752431833,0.5626880732295456,0.5459800937969708,0.541386988891636,0,0,0.9843926597427792,30.7,66.2,15.008,83.53
Goranboy district,district,2020,10.46,,20601.0,20167.0,15458.0,15.0,42237.0,2.8,,50.03,,0.5569312843595766,0.5541409344206815,0.5174500710938243,0.53432907407285,0,0,0.9949897769845992,10.46,2.8,20.167,154.58
Goychay district,district,2020,51.32,,17824.0,16596.0,6067.0,40.2,19900.0,21.8,,52.79,,0.3307756703905887,0.3172620437778609,0.3158425194386638,0.3028353522388691,0,0,0.9591456451534948,51.32,21.8,16.596,60.67
Goygol district,district,2020,58.12,,10092.0,9972.0,545.0,43.1,23937.0,60.8,,72.83,,0.6545655751568652,0.6351201877294075,0.5847449175940403,0.5606512261161335,0,0,0.9702926824057352,58.12,60.8,9.972,5.45
Guba district,district,2020,43.69,,24919.0,24820.0,673.0,45.6,42390.0,27.3,,55.01,,0.4541081502314881,0.4518872696301804,0.2611123266331846,0.3487294271646551,0,0,0.9951093575392216,43.69,27.3,24.82,6.73
Gubadli district,district,2020,33.15,,717.0,717.0,23.2,46.9,779.0,141.5,,79.98,,1.0,0.2874661875893148,0.0,0.2315710338507351,5,0,0.2874661875893148,33.15,141.5,0.717,0.23199999999999998
Gusar district,district,2020,23.69,,18697.0,18693.0,5843.0,48.0,30931.0,11.7,,42.5,,0.4453670658831151,0.4378077270588747,0.4212552681199726,0.4158840892331967,0,0,0.9830267224424172,23.69,11.7,18.693,58.43
Hajigabul district,district,2020,,81.23,15248.0,14661.0,3083.8,,27226.0,,20.8,,76.15,0.5028864019826071,0.4913474582484028,0.4719328209053836,0.461119742785713,0,0,0.9770545719893946,81.23,20.8,14.661,30.838
Imishli district,district,2020,45.66,,40725.0,38717.0,17539.1,49.2,50307.0,30.1,,66.54,,0.3447280010288522,0.3437915423082043,0.2974851956322427,0.3297189048941037,0,0,0.9972834851887488,45.66,30.1,38.717,175.391
Ismayilli district,district,2020,39.1,64.1,22226.0,21939.0,952.5,50.1,36498.0,67.6,18.0,64.62,79.09,0.4447026857597144,0.4401702699762026,0.3551613159121192,0.3745483720409904,0,0,0.9898079864847932,39.1,67.6,21.939,9.525
Khachmaz district,district,2020,53.52,,26205.0,25475.0,4756.6,2.5,71902.0,23.5,,67.87,,1.000000000000042,0.7467844141780436,0.478897279318895,0.6986323089937069,0,0,0.7467844141780123,53.52,23.5,25.475,47.566
Khizi district,district,2020,19.67,,4866.0,4837.0,375.0,48.0,6728.0,40.5,,46.57,,0.4511272738236508,0.3680258824700255,0.3798319250392464,0.3341758425117767,0,0,0.8157916929976832,19.67,40.5,4.837,3.75
Kurdamir district,district,2020,48.65,38.13,32580.0,28832.0,10265.5,48.5,44894.0,10.2,31.2,54.82,51.49,0.4132442151134607,0.4119855655933965,0.3701095257066317,0.3929372899782222,0,0,0.9969542234977964,48.65,10.2,28.832,102.655
Lankaran district,district,2020,44.33,54.02,24510.0,24075.0,456.0,49.3,34936.0,3.9,14.2,46.07,61.67,0.3897434079592302,0.3839505998791088,0.2483081144061066,0.2662162149773417,0,0,0.9851368670724834,44.33,3.9,24.075,4.56
Lerik district,district,2020,37.93,,17349.0,17298.0,301.0,48.0,23653.0,112.0,,76.68,,0.3772291190603498,0.3617918724738408,0.2646698899340985,0.2420162587286234,0,0,0.9590772668213894,37.93,112.0,17.298,3.01
Neftchala district,district,2020,16.5,16.15,21127.0,20216.0,11282.8,46.7,31180.0,133.8,83.8,79.42,80.0,0.4149810032887662,0.4080837949959421,0.3967940782647555,0.3926470191289652,0,0,0.9833794601724826,16.5,133.8,20.216,112.82799999999999
Oghuz district,district,2020,40.0,,10434.0,10201.0,1339.0,48.0,14352.0,75.0,54.8,70.0,65.0,0.3983287537372075,0.3722529477540063,0.3687305565233575,0.3448375736302936,0,0,0.9345369729436998,40.0,75.0,10.201,13.39
Saatli district,district,2020,29.92,32.65,32354.0,31782.0,13838.0,48.2,41877.0,48.8,31.2,50.0,50.0,0.3504842206574116,0.3486284347141755,0.3233582018738212,0.3341207101202285,0,0,0.9947050799041532,29.92,48.8,31.782,138.38
Sabirabad district,district,2020,5.22,,61607.0,58923.0,22374.0,7.1,118771.0,92.0,,58.41,,0.905035765884596,0.5333275641353276,0.3575891390133843,0.5096496650086465,0,0,0.5892889366798062,5.22,92.0,58.923,223.74
Salyan district,district,2020,35.45,29.2,33329.0,32268.0,22249.0,48.0,50487.0,8.1,69.9,37.59,50.0,0.4154443632874303,0.4139767819429315,0.3623306798596027,0.3989492117682411,0,0,0.996467441914759,35.45,8.1,32.268,222.49
Samukh district,district,2020,48.41,48.0,11872.0,11075.0,8110.0,47.0,31367.0,46.9,40.6,71.13,67.48,0.7618354202167191,0.7493724392485445,0.7298525517615,0.7224370528971477,0,0,0.9836408486171078,48.41,46.9,11.075,81.1
Shabran district,district,2020,47.83,48.0,11977.0,10760.0,679.4,48.0,15167.0,66.5,,75.41,,0.3995691331425431,0.3729545267451405,0.3623430423547286,0.3344061217744097,0,0,0.9333917357727728,47.83,66.5,10.76,6.794
Shaki district,district,2020,22.7,37.49,34914.0,30478.0,4042.0,48.0,60678.0,37.5,56.4,69.85,72.87,0.6251800774406135,0.5267605715893124,0.3376820936931453,0.4881444675500501,0,0,0.8425741487889142,22.7,37.5,30.478,40.42
Shamakhi district,district,2020,38.7,76.77,14720.0,14434.0,806.0,41.0,33256.0,,40.5,,74.52,0.618187937816902,0.6096095723756622,0.5294189317376431,0.5395185050554949,0,0,0.9861233697449132,38.7,40.5,14.434,8.06
Siyazan district,district,2020,,41.36,7036.0,6797.0,468.0,,13450.0,,69.3,,70.0,0.5683232759932426,0.5235684662560101,0.514592647351882,0.4727695253906916,0,0,0.921251140631156,41.36,69.3,6.797,4.68
Tartar district,district,2020,26.21,14.86,12439.0,12362.0,8110.5,38.9,22065.0,21.3,102.2,30.16,30.0,0.4890875764107394,0.4722627153927189,0.4694264216153239,0.4549684952714545,0,0,0.9655994921369851,26.21,21.3,12.362,81.105
Yardimli district,district,2020,33.8,39.0,14832.0,14768.0,3.0,41.9,24373.0,9.5,13.4,70.0,70.0,1.0000000000000002,1.0,0.0,0.0,12,24,0.9999999999999998,33.8,9.5,14.768,0.03
Yevlakh district,district,2020,25.81,26.02,28450.0,25005.0,16442.5,49.1,37243.0,155.2,159.6,65.86,67.5,0.397834284781128,0.3940816977496312,0.3764606331149174,0.3796562187826315,0,0,0.9905674619432028,25.81,155.2,25.005,164.425
Zagatala district,district,2020,40.0,49.77,29376.0,27389.0,8275.0,48.0,43699.0,3.8,15.5,60.0,62.95,0.4238001936415944,0.4221470804884347,0.3789481141666262,0.4005594504182621,0,0,0.996099310057046,40.0,3.8,27.389,82.75
Zardab district,district,2020,43.0,41.05,22909.0,21487.0,17514.3,34.5,31960.0,16.3,10.9,50.0,50.9,0.3997657809729706,0.3935495808218227,0.3828121892036022,0.3795580587593287,0,0,0.9844503945885046,43.0,16.3,21.487,175.143
Absheron district,district,2021,89.04,40.94,13151.0,13151.0,298.3,21.1,50370.0,6.8,10.2,74.77,48.35,1.0,1.0,0.1690367970525792,0.5983717437433425,0,0,1.0,89.04,6.8,13.151,2.983
Agdash district,district,2021,31.0,,31997.0,24476.0,9931.0,48.0,60772.0,93.5,,60.0,,0.6776486990967517,0.6482610249767019,0.5282008523448816,0.6174466516366209,0,0,0.9566328775378437,31.0,93.5,24.476,99.31
Aghdam district,district,2021,6.31,,20124.0,20028.0,10440.1,3.4,40211.0,19.4,,47.76,,0.5282081509691359,0.5241965011144414,0.4911737161553824,0.5010849239268668,0,0,0.9924051723788548,6.31,19.4,20.028,104.40100000000001
Aghjabadi district,district,2021,31.11,,41658.0,38467.0,24753.5,4.9,127030.0,42.6,,46.59,,1.0,0.8621936252850386,0.0,0.8257928376312824,15,0,0.8621936252850387,31.11,42.6,38.467,247.535
Aghstafa district,district,2021,7.4,,11965.0,9717.0,5058.0,54.4,17370.0,75.0,,80.0,,0.493576979085187,0.466717883831306,0.4694679053723194,0.4461330541974186,0,0,0.9455827633945516,7.4,75.0,9.717,50.58
Aghsu district,district,2021,70.77,39.42,18895.0,16857.0,886.2,32.3,31531.0,7.0,59.0,75.69,60.0,0.4972033981408952,0.4883647223984997,0.4153322439634025,0.4192013483052574,0,0,0.9822232193596334,70.77,7.0,16.857,8.862
Astara district,district,2021,32.62,,19993.0,19785.0,1349.4,23.0,27626.0,21.1,,41.1,,0.3736514044635134,0.3645598020691863,0.3265592219848713,0.3225866163639673,0,0,0.9756682236819616,32.62,21.1,19.785,13.494000000000002
Balakan district,district,2021,27.0,,17404.0,15682.0,2986.0,47.0,21929.0,85.2,,50.0,,0.3794370186077577,0.3650935873920818,0.3545770284948271,0.3403327006117701,0,0,0.9621981237668762,27.0,85.2,15.682,29.86
Barda district,district,2021,38.28,,43805.0,41443.0,29431.0,36.2,86540.0,77.0,,67.8,,0.6055470692322094,0.5451958381801371,0.3109169714114566,0.5224424545204418,0,0,0.9003360199090826,38.28,77.0,41.443,294.31
Beylagan district,district,2021,4.31,28.46,28463.0,28346.0,23809.0,66.3,39899.0,62.3,,40.06,,0.3704212568850777,0.3674997560212054,0.3472223809430753,0.3522544149852208,0,0,0.992113031286488,4.31,62.3,28.346,238.09
Fuzuli district,district,2021,31.25,,16227.0,15349.0,6721.0,30.6,28599.0,36.4,,44.73,,0.4976895150372747,0.4864717088075571,0.4755107701256668,0.4638881535545605,0,0,0.9774602319502804,31.25,36.4,15.349,67.21
Gabala district,district,2021,39.29,,21301.0,20924.0,1174.5,54.0,40892.0,12.9,,64.93,,0.5138294714199371,0.5102470090665719,0.3884551429778595,0.4420582750388603,0,0,0.9930279157723958,39.29,12.9,20.924,11.745
Gakh district,district,2021,37.42,,12383.0,11290.0,2022.0,24.8,16210.0,32.1,,81.12,,0.3987953651585725,0.3748658685690459,0.3711947344065429,0.3485906216767406,0,0,0.9399955498981,37.42,32.1,11.29,20.22
Gazakh district,district,2021,34.0,38.22,16179.0,14873.0,4767.1,48.0,31848.0,81.8,103.8,60.0,64.69,0.5689245934403933,0.5590754390748559,0.5355095490525708,0.5296743564866482,0,0,0.9826881198684386,34.0,81.8,14.873,47.67100000000001
Gobustan district,district,2021,,33.0,13241.0,13121.0,36.0,,22436.0,,135.4,,71.97,0.8875714394938212,0.779283987818258,0.2782793374051435,0.274474500743654,0,0,0.8779957906967814,33.0,135.4,13.121,0.36
Goranboy district,district,2021,10.31,,20387.0,19932.0,15505.0,16.1,43060.0,1.5,,33.51,,0.5669406127305328,0.564040090885146,0.5222478748382111,0.5406127115653269,0,0,0.9948839053328404,10.31,1.5,19.932,155.05
Goychay district,district,2021,32.06,,18204.0,16997.0,6067.0,47.4,19941.0,49.8,,63.16,,0.3204689735142184,0.3063102191281136,0.3048738763940289,0.29093083107819,0,0,0.9558186421891584,32.06,49.8,16.997,60.67
Goygol district,district,2021,55.66,16.14,9817.0,9726.0,498.5,41.2,24174.0,44.5,45.5,72.57,80.0,0.6715105577206237,0.6489348224740864,0.5779748084743667,0.554516529883477,0,0,0.9663806696901855,55.66,44.5,9.726,4.985
Guba district,district,2021,43.12,,24858.0,24755.0,643.0,46.8,42668.0,32.2,,56.52,,0.4529063848951907,0.4500141634193375,0.2482763613657335,0.2996532407691115,0,0,0.9936140854438992,43.12,32.2,24.755,6.43
Gubadli district,district,2021,35.19,,839.0,839.0,24.8,46.9,1114.0,141.5,,85.02,,1.0,0.3466650481313133,0.0,0.2495311640150337,5,0,0.3466650481313133,35.19,141.5,0.839,0.248
Hajigabul district,district,2021,,88.42,15129.0,14740.0,3632.8,,27375.0,,28.9,,84.54,0.4972282948793198,0.4848902719603561,0.4672133495717795,0.4557487924286593,0,0,0.9751864022099584,88.42,28.9,14.74,36.328
Imishli district,district,2021,49.98,,40782.0,38913.0,18616.7,50.6,50378.0,41.6,,77.9,,0.3380269292857293,0.3380127130674428,0.2902698352010904,0.3227584313284677,0,0,0.9999579435333256,49.98,41.6,38.913,186.167
Ismayilli district,district,2021,45.98,67.91,20136.0,19897.0,741.0,50.6,36558.0,43.2,12.6,59.87,78.82,0.485203264432594,0.4797131852027816,0.3649702951079334,0.3797549373673045,0,0,0.9886849911526614,45.98,43.2,19.897,7.41
Khachmaz district,district,2021,82.31,,26065.0,25271.0,4443.6,24.4,74902.0,21.7,,64.07,,1.0,0.7738518289417912,0.3553784989701414,0.7190911112749399,0,0,0.7738518289417913,82.31,21.7,25.271,44.43600000000001
Kurdamir district,district,2021,48.76,38.36,32790.0,29305.0,9269.0,48.4,46468.0,15.1,30.1,56.09,51.46,0.415051864608395,0.413998799601258,0.3605472760367553,0.3920974431626958,0,0,0.9974628110437944,48.76,15.1,29.305,92.69
Lankaran district,district,2021,53.73,56.3,24765.0,24407.0,441.0,49.3,35210.0,10.0,7.7,64.61,60.99,0.4271797933874883,0.4179610092151584,0.2627298863879623,0.2588691807304167,0,0,0.9784194282711126,53.73,10.0,24.407,4.41
Lerik district,district,2021,40.41,,17168.0,17118.0,527.2,58.4,23961.0,17.0,,24.71,,0.3814849437276995,0.3654590694128084,0.2888574354563058,0.2683481851241359,0,0,0.9579908078198488,40.41,17.0,17.118,5.272
Neftchala district,district,2021,19.55,16.4,22452.0,21582.0,11311.5,46.7,31696.0,138.8,100.0,73.4,75.11,0.3902850637073588,0.3834419255437662,0.3725343892923383,0.3665586302418255,0,0,0.9824663078351272,19.55,138.8,21.582,113.115
Oghuz district,district,2021,40.0,40.0,10349.0,10111.0,1138.0,48.0,14236.0,100.2,54.8,80.07,61.99,0.395868262089356,0.3676043956553174,0.3596968019707943,0.3349814522902604,0,0,0.9286028481170362,40.0,100.2,10.111,11.38
Saatli district,district,2021,30.44,32.65,32464.0,31941.0,15547.6,48.0,41884.0,38.4,15.9,56.35,50.0,0.3444639051110054,0.3423627207442359,0.3169418572017315,0.326989150444583,0,0,0.993900131956954,30.44,38.4,31.941,155.476
Sabirabad district,district,2021,6.03,,61874.0,60095.0,23062.0,6.8,121761.0,94.9,,61.66,,0.967583822562744,0.529001244356947,0.3088234221996135,0.503296852659038,0,0,0.5467239447594664,6.03,94.9,60.095,230.62
Salyan district,district,2021,62.28,32.84,33331.0,32344.0,20925.0,48.0,50606.0,15.9,50.8,72.18,52.53,0.4090074211359117,0.4085028677963628,0.3541746056226137,0.3912719154571004,0,0,0.9987663956361778,62.28,15.9,32.344,209.25
Samukh district,district,2021,47.84,64.9,11470.0,10672.0,8542.5,47.0,32547.0,24.2,23.3,58.69,80.0,0.8094628669056164,0.7962546366036755,0.7738964802131564,0.7632122277617085,0,0,0.9836827224052502,47.84,24.2,10.672,85.425
Shabran district,district,2021,59.76,53.0,11957.0,10765.0,720.9,48.0,15252.0,29.1,,66.46,,0.3994323148679785,0.3699129958972438,0.3569505142157775,0.3267828366517267,0,0,0.9260968182294126,59.76,29.1,10.765,7.209
Shaki district,district,2021,22.83,36.66,32721.0,29275.0,4120.0,48.0,61638.0,20.1,59.9,84.09,61.18,0.6254190532288699,0.5497161062789497,0.34572125542347,0.5057637518685323,0,0,0.8789564427897003,22.83,20.1,29.275,41.2
Shamakhi district,district,2021,39.0,35.17,14285.0,13955.0,564.0,38.0,37477.0,,55.6,,70.0,0.7084744540610022,0.7011675436239757,0.5381704523230536,0.5705576764064296,0,0,0.9896864165035972,39.0,55.6,13.955,5.64
Shamkir district,district,2021,18.65,,27855.0,27356.0,10603.0,44.2,53435.0,86.8,,63.88,,0.5177356948246554,0.5099881036783426,0.4282387498584961,0.4853153029898485,0,0,0.9850356248878364,18.65,86.8,27.356,106.03
Siyazan district,district,2021,,47.13,6943.0,6701.0,422.0,,14002.0,,114.3,,88.42,0.5967733770165876,0.5455534195439051,0.5293485830193415,0.4789574080734627,0,0,0.9141718457201572,47.13,114.3,6.701,4.22
Tartar district,district,2021,22.74,24.33,12715.0,12680.0,9026.2,39.9,22419.0,32.7,100.0,43.12,30.0,0.4790527695100819,0.4616191429478639,0.4590536973358328,0.4423590370285082,0,0,0.9636081290584187,22.74,32.7,12.68,90.262
Yevlakh district,district,2021,25.84,26.03,30461.0,26493.0,16580.0,59.0,37352.0,145.8,161.7,59.3,62.72,0.3719893409810067,0.3681031622551456,0.3513195433526607,0.3524662580991586,0,0,0.9895529836537452,25.84,145.8,26.493,165.8
Zagatala district,district,2021,50.0,49.1,28935.0,26972.0,8275.0,48.0,43857.0,11.3,30.2,50.07,76.82,0.4264438710009987,0.4245341163805456,0.3787552298897902,0.401744787422138,0,0,0.9955216741280152,50.0,11.3,26.972,82.75
Zardab district,district,2021,32.09,43.01,22919.0,21760.0,17440.0,34.5,31963.0,55.8,10.1,50.0,50.63,0.3901990387125704,0.3835089209336205,0.3735194588468709,0.3675948278343116,0,0,0.9828546020999348,32.09,55.8,21.76,174.4
Absheron district,district,2022,76.13,43.36,14030.0,14030.0,159.8,17.1,51186.0,29.5,8.6,89.58,49.02,1.0,1.0000000000000002,0.1686070608889349,0.6314312523926651,0,0,1.0000000000000002,76.13,29.5,14.03,1.598
Aghdam district,district,2022,7.59,,20707.0,20612.0,10476.3,4.1,41823.0,48.2,,66.7,,0.5583618136119713,0.5561622748536673,0.5233648145915294,0.5328832210852017,0,0,0.996060728537155,7.59,48.2,20.612,104.76299999999999
Aghjabadi district,district,2022,31.12,,45366.0,42610.0,24966.0,4.9,138810.0,38.9,,21.53,,1.0000000000000002,0.8929264726397437,0.0,0.8565883986523731,6,0,0.8929264726397435,31.12,38.9,42.61,249.66
Aghstafa district,district,2022,14.46,,12018.0,9763.0,4730.5,54.4,17621.0,75.0,,80.0,,0.511360633463304,0.4947134758369138,0.4853811440859077,0.4737497928876356,0,0,0.9674453672476828,14.46,75.0,9.763,47.305
Aghsu district,district,2022,74.44,41.42,18906.0,16880.0,980.8,32.3,31120.0,5.9,44.8,78.82,60.0,0.5110843616811653,0.5053283045589888,0.4493007704224622,0.4400836254065189,0,0,0.988737559679497,74.44,5.9,16.88,9.808
Astara district,district,2022,32.16,,19819.0,19601.0,1307.8,23.2,27896.0,22.5,,41.08,,0.3958482661682984,0.3900948208559297,0.353636259038139,0.3436642325008414,0,0,0.985465528577249,32.16,22.5,19.601,13.078
Balakan district,district,2022,43.02,,13739.0,12486.0,2968.0,47.0,22180.0,86.0,,80.0,,0.4981541824773182,0.486905510782869,0.4701773587077115,0.4564594504521414,0,0,0.9774192968961746,43.02,86.0,12.486,29.68
Barda district,district,2022,48.08,,46270.0,44064.0,27864.0,33.4,93292.0,34.0,,64.41,,0.6300735342187298,0.5803192323120987,0.3604699753170607,0.5569123608546807,0,0,0.9210341345818868,48.08,34.0,44.064,278.64
Bilasuvar district,district,2022,72.76,,19603.0,18681.0,7635.2,48.0,27472.0,13.0,,70.87,,0.4092316906936426,0.4030849990801037,0.3912250028537183,0.3848257788046175,0,0,0.9849799227349176,72.76,13.0,18.681,76.352
Fuzuli district,district,2022,29.49,,16289.0,15412.0,6928.0,33.5,28747.0,120.4,,65.0,,0.5183077430935565,0.5112578711600849,0.4960752834457883,0.4891005899013577,0,0,0.9863982893803708,29.49,120.4,15.412,69.28
Gabala district,district,2022,51.81,,20192.0,19865.0,1035.0,54.5,40129.0,18.4,,75.0,,0.5563973626684445,0.5537021969760741,0.4577559412443737,0.4774892329568252,0,0,0.9951560415753148,51.81,18.4,19.865,10.35
Gakh district,district,2022,14.8,,11311.0,10397.0,1728.2,26.2,16370.0,43.5,,76.46,,0.4477805416819101,0.431565892407679,0.4159598821890072,0.399077271193281,0,0,0.9637888479626042,14.8,43.5,10.397,17.282
Gazakh district,district,2022,39.34,31.5,16069.0,14852.0,4782.0,48.0,31787.0,77.8,96.4,80.0,67.68,0.5929637722865383,0.5866392004176422,0.5628527729391066,0.5561124078224798,0,0,0.9893339658095672,39.34,77.8,14.852,47.82
Gobustan district,district,2022,,31.65,11306.0,11178.0,27.0,,22728.0,,127.9,,71.19,0.8514871035232074,0.8077845483885341,0.3865624214795338,0.3620553071448062,0,0,0.9486750240210982,31.65,127.9,11.178,0.27
Goranboy district,district,2022,10.1,,20401.0,20006.0,14896.5,14.3,43094.0,2.2,,40.23,,0.5923812056316847,0.5904226661122908,0.5541674279626203,0.5669206767109589,0,0,0.9966937851829626,10.1,2.2,20.006,148.965
Goychay district,district,2022,36.75,,17856.0,16647.0,6079.0,47.1,19840.0,42.9,,65.68,,0.3357898414215241,0.326672192211543,0.3191052308764671,0.3109112024594591,0,0,0.972847155913405,36.75,42.9,16.647,60.79
Goygol district,district,2022,35.75,16.9,9764.0,9680.0,417.5,40.5,24220.0,44.8,45.5,68.89,80.0,0.6993012271433596,0.6858122846736565,0.6032489037848696,0.5800666970705501,0,0,0.980710826828082,35.75,44.8,9.68,4.175
Guba district,district,2022,37.8,,24691.0,24582.0,640.0,45.4,42718.0,71.3,,64.77,,0.4779895064966107,0.4763214899114047,0.3126505472067418,0.3714908708357886,0,0,0.996510348945876,37.8,71.3,24.582,6.4
Gubadli district,district,2022,36.74,,975.0,975.0,11.0,46.9,1292.0,141.8,,88.78,,1.0000000000000002,0.3645736963081825,0.0,0.2307776846809663,8,0,0.3645736963081825,36.74,141.8,0.975,0.11
Gusar district,district,2022,63.58,,17001.0,16997.0,3566.0,48.0,32197.0,14.5,,80.19,,0.5246274642450471,0.5192178468539503,0.4904080028792921,0.4844306071776573,0,0,0.9896886500235336,63.58,14.5,16.997,35.66
Hajigabul district,district,2022,,88.27,15010.0,14644.0,3621.0,,27084.0,,18.7,,95.07,0.5149129874107395,0.506943505458874,0.4863959882032055,0.4759250532683052,0,0,0.9845226627668872,88.27,18.7,14.644,36.21
Imishli district,district,2022,50.72,52.0,41076.0,39485.0,18971.3,49.8,50379.0,45.6,33.9,82.81,75.0,0.3498217096047506,0.349722745403927,0.3118887247145522,0.3348686603073018,0,0,0.99971710103145,50.72,45.6,39.485,189.713
Ismayilli district,district,2022,49.02,71.01,19328.0,19088.0,500.0,53.4,36594.0,21.8,9.1,61.83,79.51,0.5291813052535351,0.5254796912949893,0.410282712944811,0.4102688511425201,0,0,0.9930050175208432,49.02,21.8,19.088,5.0
Khachmaz district,district,2022,80.4,,26129.0,25429.0,3558.6,33.4,78806.0,25.5,,88.76,,1.0000000000000002,0.8494473801165792,0.208078994627471,0.7800264996279186,0,0,0.8494473801165789,80.4,25.5,25.429,35.586
Kurdamir district,district,2022,51.7,46.19,31102.0,28058.0,8888.0,48.4,47734.0,5.1,18.8,60.21,56.64,0.4669088108303734,0.4663130789995751,0.4170367556724426,0.44178309943849,0,0,0.9987240938337856,51.7,5.1,28.058,88.88
Lankaran district,district,2022,68.04,59.11,25064.0,24654.0,292.1,49.2,35660.0,7.9,11.1,70.7,67.01,0.4041169775965285,0.3964609578427667,0.2355080522805641,0.2546629620089697,0,0,0.9810549415684148,68.04,7.9,24.654,2.9210000000000003
Lerik district,district,2022,50.07,,17874.0,17824.0,308.0,44.9,23743.0,96.2,,64.13,,0.382098737579411,0.3651210718910811,0.2800046775685234,0.2614003485370709,0,0,0.9555673337318956,50.07,96.2,17.824,3.08
Neftchala district,district,2022,19.3,16.4,22440.0,21603.0,9268.2,46.7,31920.0,119.6,100.0,80.0,80.0,0.409318568146218,0.4050002541303397,0.3905629940047098,0.3870881267599549,0,0,0.989449992372846,19.3,119.6,21.603,92.682
Oghuz district,district,2022,40.02,,10152.0,9945.0,1016.0,48.0,14049.0,124.7,,89.94,,0.405292159719271,0.3872104805241393,0.3636059113854971,0.3504300792035602,0,0,0.9553860622232216,40.02,124.7,9.945,10.16
Saatli district,district,2022,30.47,28.5,32547.0,32034.0,18642.7,48.0,41892.0,97.8,13.8,79.11,50.0,0.3598530431302447,0.3584481987243846,0.3379160724194673,0.343849769444685,0,0,0.996096060787371,30.47,97.8,32.034,186.42700000000002
Sabirabad district,district,2022,10.6,,63813.0,61963.0,23752.6,7.9,123523.0,27.8,,44.63,,0.805420769555141,0.5464140691728185,0.2742813129392663,0.5207569367739591,0,0,0.6784206340676068,10.6,27.8,61.963,237.52599999999998
Salyan district,district,2022,52.95,37.5,33279.0,32366.0,17689.0,48.0,50749.0,13.5,23.6,60.13,47.01,0.4298441270899323,0.4297787494653877,0.3830348498341109,0.4120855684723624,0,0,0.999847903878582,52.95,13.5,32.366,176.89
Samukh district,district,2022,55.11,60.04,11131.0,10395.0,8361.5,47.0,32657.0,24.5,33.3,68.92,80.0,0.8697403449929537,0.861109283373184,0.8327143456576372,0.8268890470597385,0,0,0.990076277742595,55.11,24.5,10.395,83.615
Shabran district,district,2022,54.21,,11746.0,10694.0,747.5,48.0,15216.0,45.8,,72.99,,0.4087058328168979,0.390001967981897,0.3611785434267013,0.3448172810688083,0,0,0.954236364315896,54.21,45.8,10.694,7.475
Shaki district,district,2022,31.69,34.92,31935.0,28500.0,4149.0,43.9,54558.0,55.5,47.2,96.99,48.37,0.5308713306135787,0.5247108687202711,0.3843456193054207,0.482617929509089,0,0,0.9883955649174208,31.69,55.5,28.5,41.49
Shamakhi district,district,2022,40.27,36.13,15502.0,15168.0,695.5,38.1,44013.0,83.1,,76.92,,0.7976414093138028,0.7953515476814023,0.5844811991369956,0.6773098402235659,0,0,0.9971292091838982,40.27,83.1,15.168,6.955
Shamkir district,district,2022,23.28,,27917.0,27401.0,10915.0,47.0,54504.0,254.0,,104.74,,0.5515207452188804,0.5452158113086655,0.4768605936921485,0.520161402351034,0,0,0.9885680929232994,23.28,254.0,27.401,109.15
Siyazan district,district,2022,,65.31,6496.0,6304.0,483.0,,14102.0,,23.6,,80.69,0.6455883070909473,0.6131560030592123,0.5695084989982849,0.5456581559821346,0,0,0.949763179296297,65.31,23.6,6.304,4.83
Tartar district,district,2022,53.92,,13220.0,13142.0,9515.4,45.6,23499.0,10.9,,61.49,,0.5003121382025877,0.4901109404302937,0.4795334573633105,0.4705866827509658,0,0,0.9796103332432776,53.92,10.9,13.142,95.154
Yevlakh district,district,2022,26.36,26.44,30586.0,26423.0,16580.0,50.6,38062.0,180.2,157.1,86.3,70.32,0.397240318443737,0.3948352866250661,0.3767879670157354,0.3788964763330984,0,0,0.9939456502600414,26.36,180.2,26.423,165.8
Zagatala district,district,2022,60.0,45.36,28599.0,26650.0,8275.0,48.0,44103.0,1.9,17.9,60.0,70.0,0.4548914806473277,0.4536045452156279,0.4152907445260151,0.4294125850520816,0,0,0.997170895726892,60.0,1.9,26.65,82.75
Zardab district,district,2022,43.0,42.45,22972.0,21895.0,15495.0,34.5,31965.0,16.3,10.2,50.0,50.58,0.40441313354887,0.4001623620625813,0.3874399768843939,0.3841973385308438,0,0,0.9894890369929714,43.0,16.3,21.895,154.95
Absheron district,district,2023,84.9,43.36,11296.0,11296.0,179.1,20.5,54440.0,49.6,8.6,50.32,49.02,0.9999999999999998,1.0000000000000002,0.0,0.4658952927160613,4,0,1.0000000000000004,84.9,49.6,11.296,1.791
Aghjabadi district,district,2023,35.95,,49112.0,46658.0,17506.2,4.8,155630.0,39.3,,49.19,,1.0,0.6921078352464471,0.0,0.6493701972761555,23,0,0.6921078352464473,35.95,39.3,46.658,175.062
Aghstafa district,district,2023,15.57,,12303.0,10137.0,4214.6,54.4,18077.0,118.8,,100.0,,0.4006894878499374,0.3700185344686683,0.3746411534907586,0.3483262433029176,0,0,0.9234545594249386,15.57,118.8,10.137,42.146
Aghsu district,district,2023,76.93,41.42,18926.0,17012.0,846.4,3.8,31765.0,0.9,45.0,77.65,60.07,0.398832504744321,0.3874360718362264,0.3170655687401363,0.3031514927293847,0,0,0.971425516294364,76.93,0.9,17.012,8.464
Astara district,district,2023,33.5,,18254.0,18090.0,1353.3,22.8,28175.0,21.6,,43.79,,0.3355847774717211,0.3231706598853232,0.2846469237990303,0.2736993638543855,0,0,0.9630075068364982,33.5,21.6,18.09,13.533
Balakan district,district,2023,43.02,,13171.0,12037.0,2663.0,47.0,22312.0,86.0,,80.0,,0.4074369312766102,0.3846155226625816,0.3743485589133535,0.3511956079238157,0,0,0.943987874288855,43.02,86.0,12.037,26.63
Barda district,district,2023,47.56,,47321.0,45218.0,24786.0,33.5,96741.0,52.3,,72.43,,0.5767297773418781,0.4439211020794388,0.3141484393274641,0.420754712473724,0,0,0.7697211406795249,47.56,52.3,45.218,247.86
Bilasuvar district,district,2023,76.79,,19509.0,18713.0,7467.7,48.0,27496.0,3.4,,80.06,,0.3171936868448752,0.3048826205878008,0.2976866287965327,0.2867004622128301,0,0,0.9611875432341274,76.79,3.4,18.713,74.67699999999999
Fuzuli district,district,2023,27.75,,13630.0,12770.0,7126.9,19.6,29291.0,136.2,,159.78,,0.4927760716563529,0.4759374383269938,0.4642291490693604,0.4512219797150095,0,0,0.96582903615275,27.75,136.2,12.77,71.26899999999999
Gabala district,district,2023,51.89,,18761.0,18489.0,1036.1,51.7,40343.0,22.3,,82.24,,0.4592721379881928,0.4527529981983052,0.3435081656973571,0.3641430878635217,0,0,0.9858054968924436,51.89,22.3,18.489,10.360999999999999
Gakh district,district,2023,13.26,,11264.0,10366.0,1554.0,27.1,16380.0,16.0,,90.02,,0.3592688504856219,0.327875722119295,0.3218203342225969,0.2929763259659256,0,0,0.9126193981919308,13.26,16.0,10.366,15.54
Gazakh district,district,2023,56.32,47.97,16054.0,14821.0,4457.0,48.1,31724.0,113.3,100.9,100.0,73.8,0.4572418767591152,0.4441370474336883,0.4219570344034057,0.4124151738004595,0,0,0.9713393938929816,56.32,113.3,14.821,44.57
Gobustan district,district,2023,,32.61,10928.0,10807.0,19.0,,19542.0,,126.9,,77.42,0.9999999999999994,0.9516929700106178,0.0,0.1595640472943524,1,0,0.9516929700106184,32.61,126.9,10.807,0.19
Goranboy district,district,2023,45.91,,17586.0,17197.0,14923.0,41.9,43266.0,2.3,,59.73,,0.5275918284742693,0.5220362025962102,0.4784555865340648,0.4966004960583452,0,0,0.9894698409296344,45.91,2.3,17.197,149.23
Goygol district,district,2023,57.77,66.67,9944.0,9869.0,395.0,41.6,24312.0,59.4,50.0,71.08,100.0,0.5413941298257504,0.5111567560017866,0.4281840169798306,0.3775556452865668,0,0,0.944149054897038,57.77,59.4,9.869,3.95
Guba district,district,2023,36.1,,24961.0,24849.0,645.0,33.8,42784.0,79.1,,64.65,,0.3612662696227888,0.3572555930694281,0.1799768274345272,0.2300638435401636,0,0,0.9888982811554804,36.1,79.1,24.849,6.45
Gubadli district,district,2023,36.62,,938.0,938.0,16.0,46.9,1535.0,145.8,,89.98,,1.0,0.3395565470641962,0.0,0.1722578223384333,21,0,0.3395565470641962,36.62,145.8,0.938,0.16
Gusar district,district,2023,63.59,,16600.0,16595.0,3148.4,48.0,32211.0,16.2,,81.4,,0.4142011278840479,0.4027481166813034,0.3714181235047463,0.3647343313073034,0,0,0.972349154959446,63.59,16.2,16.595,31.484
Hajigabul district,district,2023,,98.43,15627.0,15400.0,3343.0,,25424.0,,21.8,,97.61,0.3586644756303287,0.342554538774965,0.3285135276646982,0.3124728630012391,0,0,0.9550835447891748,98.43,21.8,15.4,33.43
Imishli district,district,2023,59.49,,40666.0,39109.0,18332.7,45.6,50389.0,23.0,,78.33,,0.2682266675984261,0.2673410167393458,0.2261801385738111,0.2524762898952709,0,0,0.9966981252572308,59.49,23.0,39.109,183.327
Ismayilli district,district,2023,38.23,74.28,18279.0,18054.0,317.5,48.0,36619.0,31.6,4.7,62.36,79.36,0.4321127601140461,0.4208618979375044,0.2292380250504344,0.2192451422311898,0,0,0.9739631336654528,38.23,31.6,18.054,3.175
Khachmaz district,district,2023,64.28,,24878.0,24378.0,2672.7,34.0,82482.0,13.9,,86.22,,1.0000000000000002,0.7020494080827991,0.0069510493420188,0.6169719808469015,1,0,0.702049408082799,64.28,13.9,24.378,26.726999999999997
Khizi district,district,2023,60.0,,4156.0,4143.0,305.0,48.0,6987.0,66.7,,100.0,,0.4726014679396721,0.3499309671882657,0.3504426791956725,0.2956546669048574,0,0,0.7404356332488892,60.0,66.7,4.143,3.05
Kurdamir district,district,2023,56.55,50.64,30080.0,27277.0,8784.0,48.4,48331.0,10.9,15.1,69.62,60.56,0.3695659136170345,0.3676509940457111,0.3123020148788738,0.3425975040277437,0,0,0.994818462686178,56.55,10.9,27.277,87.84
Lankaran district,district,2023,70.92,62.97,24925.0,24519.0,256.6,49.2,36440.0,6.4,8.3,78.04,67.63,0.3960210089984798,0.3852575301291586,0.2048587734157121,0.1986833169271926,0,0,0.9728209397361476,70.92,6.4,24.519,2.5660000000000003
Lerik district,district,2023,15.63,,17160.0,17134.0,376.0,18.6,27699.0,64.0,,90.7,,0.3528177741355991,0.3354377180107837,0.2310931378804368,0.2007012785708189,0,0,0.950739284132166,15.63,64.0,17.134,3.76
Neftchala district,district,2023,19.25,16.42,24708.0,23774.0,8505.4,46.7,32157.0,100.0,90.5,80.0,80.0,0.2886735394296655,0.2806595564020165,0.2681215374785207,0.2628320481335301,0,0,0.97223859504587,19.25,100.0,23.774,85.054
Oghuz district,district,2023,39.83,,9791.0,9599.0,1041.0,48.0,14094.0,148.9,,100.0,,0.3405973843236447,0.3046595825443793,0.2942058617661693,0.2675513977897299,0,0,0.8944859724902751,39.83,148.9,9.599,10.41
Saatli district,district,2023,30.44,27.78,32657.0,32133.0,16586.0,48.0,41899.0,80.5,15.8,73.44,50.0,0.2738941228870305,0.2705571097971229,0.2492234906624292,0.2561624864925241,0,0,0.9878164122153,30.44,80.5,32.133,165.86
Sabirabad district,district,2023,50.39,,63849.0,62035.0,21475.0,11.2,124397.0,24.2,,62.47,,0.5761791215525812,0.4160827273504143,0.1401182386808634,0.3890961557716917,2,0,0.7221412782699091,50.39,24.2,62.035,214.75
Salyan district,district,2023,49.65,49.6,33264.0,32447.0,16465.0,48.0,50870.0,37.8,56.3,68.39,78.18,0.326248002565644,0.32530726024084,0.2736142037551243,0.3078779264086361,0,0,0.9971164809672212,49.65,37.8,32.447,164.65
Samukh district,district,2023,57.19,50.66,11178.0,10447.0,7720.1,47.0,33207.0,20.4,58.0,70.28,80.03,0.6769231563948974,0.659545276894316,0.635389749023481,0.6269933896540987,0,0,0.974328135569876,57.19,20.4,10.447,77.20100000000001
Shabran district,district,2023,56.67,,11725.0,10694.0,1032.4,48.0,15061.0,49.0,,77.98,,0.3243061228824712,0.2922269033141151,0.2795692037856856,0.2542806045779123,0,0,0.9010835216947732,56.67,49.0,10.694,10.324000000000002
Shaki district,district,2023,85.22,34.98,28375.0,25872.0,4360.2,12.0,53731.0,33.3,22.0,120.0,81.14,0.4311591105914923,0.4309247992831492,0.2974400844588947,0.3877481454256288,0,0,0.999456554894499,85.22,33.3,25.872,43.602
Shamakhi district,district,2023,47.19,47.0,14112.0,13851.0,843.8,37.3,48243.0,11.8,,75.44,,0.72652821670323,0.7227028120368503,0.4424320024798402,0.5907899931518517,0,0,0.9947346784633662,47.19,11.8,13.851,8.437999999999999
Shamkir district,district,2023,6.33,,27965.0,27482.0,10769.0,10.4,55673.0,163.7,,51.33,,0.4267115172687863,0.4203420677302855,0.3305670970525126,0.395032022776942,0,0,0.9850731717314096,6.33,163.7,27.482,107.69
Siyazan district,district,2023,69.11,40.96,6377.0,6148.0,419.0,48.0,13804.0,44.7,120.0,100.0,95.56,0.5315756571829483,0.4658838534374004,0.4413974957236365,0.3887727519312536,0,0,0.8764205944010351,69.11,44.7,6.148,4.19
Tartar district,district,2023,58.67,,13928.0,13872.0,9362.2,46.3,24231.0,8.2,,67.23,,0.3810620245793967,0.3624422557197665,0.3604007125460795,0.3443441651205061,0,0,0.9511371701754272,58.67,8.2,13.872,93.62200000000001
Yevlakh district,district,2023,29.18,26.42,32613.0,28491.0,16600.0,54.9,38193.0,137.8,154.3,33.37,67.8,0.283028056881626,0.2781522948157108,0.2618715123153334,0.2638374679995146,0,0,0.9827728666916072,29.18,137.8,28.491,166.0
Zagatala district,district,2023,70.0,62.19,27990.0,26096.0,8275.0,48.0,44331.0,14.3,38.5,79.99,98.71,0.3557967629847275,0.3524846032802188,0.311817696366533,0.3281992501050608,0,0,0.9906908661092828,70.0,14.3,26.096,82.75
Zardab district,district,2023,43.0,43.2,22475.0,21436.0,13364.0,34.5,31973.0,23.1,10.2,56.46,50.58,0.318451155992362,0.3094897046026248,0.2993282781377228,0.2937784367370244,0,0,0.971859259352313,43.0,23.1,21.436,133.64
Absheron district,district,2024,53.37,43.36,11486.0,11486.0,165.1,11.4,41695.0,57.9,8.6,31.78,49.46,1.0000000000000002,1.0000000000000002,0.544036621379105,0.5822495662900888,0,0,1.0,53.37,57.9,11.486,1.651
Agdash district,district,2024,60.59,,29982.0,23996.0,10109.8,48.0,59824.0,15.8,,72.52,,0.6764557681787073,0.6679955959111413,0.6064531229702539,0.6460579205305923,0,0,0.9874933843932704,60.59,15.8,23.996,101.098
Aghdara district,district,2024,36.61,,2219.0,2093.0,379.7,48.8,137.0,50.3,,55.03,,0.8469244636282849,0.0175383342800713,0.5904011800837508,0.0164759496172839,0,0,0.0207082627002363,36.61,50.3,2.093,3.7969999999999997
Aghjabadi district,district,2024,35.97,,52696.0,50276.0,20516.3,5.3,167207.0,40.8,,41.98,,1.0000000000000009,0.8911088194789256,0.2029304442105604,0.8613647192403906,6,0,0.8911088194789248,35.97,40.8,50.276,205.16299999999998
Aghstafa district,district,2024,39.49,,12159.0,10766.0,4543.0,54.4,18154.0,108.2,,100.0,,0.4822560006056031,0.451809085814376,0.4626470094637904,0.4369815613214471,0,0,0.9368656590006288,39.49,108.2,10.766,45.43
Aghsu district,district,2024,76.93,41.44,18645.0,16489.0,959.4,3.0,32260.0,4.0,45.1,79.99,60.12,0.53978112131989,0.5275517091488467,0.4806090354159769,0.4569569387191181,0,0,0.9773437571489356,76.93,4.0,16.489,9.594
Astara district,district,2024,37.14,,18072.0,17888.0,1373.6,20.6,25966.0,19.7,,48.29,,0.4049076896562824,0.3889379055685014,0.369517998272133,0.3461798788296457,0,0,0.9605594447926208,37.14,19.7,17.888,13.735999999999999
Balakan district,district,2024,42.98,,12950.0,11929.0,2863.0,47.0,22373.0,86.1,,80.0,,0.5262594949618178,0.502524440476553,0.5014452984198644,0.4772116322675541,0,0,0.9548985724485848,42.98,86.1,11.929,28.63
Barda district,district,2024,26.6,,49957.0,48023.0,25892.0,33.5,100184.0,202.1,,100.76,,0.5924027117787267,0.5589668922039014,0.4365827590127011,0.5419732151951838,0,0,0.9435589694138432,26.6,202.1,48.023,258.92
Bilasuvar district,district,2024,65.97,,19528.0,18741.0,7598.0,48.0,27511.0,21.9,,72.37,,0.4055301381334731,0.3933241573065861,0.3913819495503546,0.3801486749523138,0,0,0.9699011745882384,65.97,21.9,18.741,75.98
Fuzuli district,district,2024,29.22,,14070.0,13705.0,7803.0,23.3,27980.0,146.9,,71.73,,0.5633520531195509,0.5470231107919667,0.5454940574453213,0.5306186522503542,0,0,0.9710146750381702,29.22,146.9,13.705,78.03
Gabala district,district,2024,49.1,,17692.0,17262.0,997.3,49.0,41508.0,22.3,,84.77,,0.6529380637112858,0.6485174967746197,0.5549580731413104,0.5612921707672249,0,0,0.9932297300734164,49.1,22.3,17.262,9.972999999999999
Gakh district,district,2024,23.38,,10704.0,9835.0,1363.0,34.9,16169.0,25.4,,96.98,,0.4759652377517868,0.4404998870840191,0.4359292917905398,0.4087812698138159,0,0,0.9254875191404996,23.38,25.4,9.835,13.63
Gazakh district,district,2024,51.16,52.14,15993.0,14853.0,4416.0,48.2,31724.0,100.0,91.1,100.0,98.04,0.5846817209108738,0.5722828941412487,0.5604095640874059,0.5478602078372794,0,0,0.9787938867828654,51.16,100.0,14.853,44.16
Gobustan district,district,2024,,34.64,10833.0,10687.0,15.0,,18954.0,,75.0,,70.0,0.9999999999999992,1.000000000000239,0.0789080197636293,0.3866365009694783,6,0,1.0000000000002396,34.64,75.0,10.687,0.15
Goranboy district,district,2024,46.08,,16988.0,16666.0,14517.9,41.8,42408.0,9.6,,61.59,,0.6860590490817563,0.6817943820902073,0.6573499436436138,0.6626471713759335,0,0,0.9937838193414152,46.08,9.6,16.666,145.179
Goygol district,district,2024,51.32,65.62,9920.0,9817.0,421.7,29.2,24879.0,116.7,55.0,85.2,100.0,0.7176987634734863,0.688423560821824,0.6172166324789132,0.573749134967392,0,0,0.9592096236727824,51.32,116.7,9.817,4.217
Guba district,district,2024,42.63,,24738.0,24622.0,629.0,33.9,42786.0,108.0,,88.68,,0.4762037492267388,0.4760748149109266,0.3272916772372769,0.3599545614554746,0,0,0.999729245483637,42.63,108.0,24.622,6.29
Gubadli district,district,2024,36.69,,1058.0,1058.0,796.0,46.9,1443.0,145.5,,90.04,,0.9999999999999986,0.3654413343889248,0.616358178715575,0.3550572005281416,0,0,0.3654413343889253,36.69,145.5,1.058,7.96
Gusar district,district,2024,63.57,,15940.0,15934.0,2320.1,48.0,32211.0,3.3,,72.29,,0.5528812327590485,0.5416470717905811,0.5160704299089877,0.503852227287601,0,0,0.9796806975841712,63.57,3.3,15.934,23.201
Hajigabul district,district,2024,30.01,108.14,16018.0,15878.0,3579.4,12.6,26669.0,,15.7,,99.29,0.4650048668263288,0.4500367072024361,0.4430199443653251,0.4263617102832749,0,0,0.9678107463131496,30.01,15.7,15.878,35.794000000000004
Imishli district,district,2024,59.45,,40800.0,39405.0,18469.0,45.6,53506.0,41.7,,104.46,,0.3659314831806108,0.3638213307214919,0.3383225945107294,0.3523056174572707,0,0,0.9942334766039318,59.45,41.7,39.405,184.69
Ismayilli district,district,2024,70.19,90.41,16683.0,16498.0,406.5,48.0,36728.0,9.3,16.5,72.6,108.96,0.6157837109826919,0.6101774931487268,0.4765399201828777,0.457544946699304,0,0,0.990895800369551,70.19,9.3,16.498,4.065
Khachmaz district,district,2024,67.35,,23418.0,23096.0,2354.9,32.0,83747.0,10.7,,72.2,,0.9999999999999998,0.9715597006195992,0.2357485550993114,0.8870536618068245,0,0,0.9715597006195992,67.35,10.7,23.096,23.549
Kurdamir district,district,2024,59.63,52.68,27620.0,25250.0,8712.0,48.4,48072.0,9.0,17.8,70.49,63.65,0.5105552367771775,0.510114669924334,0.4758402373946288,0.4910515056758102,0,0,0.999137082883285,59.63,9.0,25.25,87.12
Lankaran district,district,2024,72.0,77.01,25326.0,24841.0,155.1,3.3,37003.0,3.1,9.3,82.03,86.32,0.5563707822397709,0.5320560139840722,0.3537434063791658,0.3423188137630824,0,0,0.9562975464710508,72.0,3.1,24.841,1.551
Lerik district,district,2024,20.38,,17145.0,17145.0,376.0,11.7,30896.0,2.8,,35.54,,0.517081408165281,0.4945759584989191,0.401464361105023,0.3579868136750609,0,0,0.9564760029833288,20.38,2.8,17.145,3.76
Masalli district,district,2024,39.0,,37198.0,35687.0,3262.0,48.0,50545.0,15.9,,69.57,,0.3802501520588716,0.3794942191523104,0.3032290609525122,0.3437982856805664,0,0,0.9980120115601054,39.0,15.9,35.687,32.62
Neftchala district,district,2024,20.42,16.43,23814.0,22820.0,8063.0,46.7,34894.0,112.6,83.6,54.56,80.0,0.4163055851231003,0.4097058086836095,0.3997475329389084,0.394665439967927,0,0,0.9841467982286636,20.42,112.6,22.82,80.63
Oghuz district,district,2024,40.0,,9649.0,9434.0,1073.0,48.0,13819.0,150.0,,100.0,,0.4346167233861028,0.3924801976422654,0.3851591107183168,0.3605317918492934,0,0,0.9030490004720678,40.0,150.0,9.434,10.73
Saatli district,district,2024,30.45,27.78,33274.0,32892.0,18930.0,48.0,41907.0,93.8,19.3,77.54,51.52,0.3436983211019955,0.3413762435066557,0.3292423593007152,0.3311618008857895,0,0,0.9932438494668968,30.45,93.8,32.892,189.3
Sabirabad district,district,2024,61.16,,63280.0,62341.0,21963.0,21.1,126595.0,2.7,,67.52,,0.5943134286896892,0.5441013372990251,0.3354520672987494,0.5240810189820116,0,0,0.9155124401254586,61.16,2.7,62.341,219.63
Salyan district,district,2024,50.63,50.0,33155.0,32933.0,17217.0,48.0,50865.0,58.1,75.7,80.05,87.87,0.4148361411588295,0.4138326569283547,0.3869292068575202,0.4011432592189511,0,0,0.9975810105945164,50.63,58.1,32.933,172.17
Samukh district,district,2024,57.05,53.53,11215.0,10586.0,8071.3,47.0,33708.0,20.2,49.4,72.91,80.8,0.8685877795921032,0.8531749589480964,0.8401401153627804,0.8289622348119491,0,0,0.982255310279354,57.05,20.2,10.586,80.71300000000001
Shabran district,district,2024,49.07,,11214.0,10293.0,992.7,38.9,15108.0,43.7,,78.11,,0.4322988270098888,0.3932801329490054,0.3826429531236601,0.3578024466376304,0,0,0.9097413834528152,49.07,43.7,10.293,9.927
Shaki district,district,2024,95.35,,27628.0,25560.0,4396.5,12.5,53282.0,77.1,,151.54,,0.5616299715395473,0.5585430771857314,0.4841946158446859,0.5234984335991302,0,0,0.9945036865725772,95.35,77.1,25.56,43.965
Shamakhi district,district,2024,49.12,49.57,13424.0,13162.0,939.4,37.4,49123.0,85.8,72.4,91.59,85.0,1.0000000000000002,1.0,0.7686854562530241,0.8823839155813298,0,0,0.9999999999999998,49.12,85.8,13.162,9.394
Shamkir district,district,2024,18.48,,28235.0,27947.0,11529.0,17.3,56953.0,4.0,,25.32,,0.5513476104128179,0.5460324024346715,0.5013386305888321,0.5279083871943375,0,0,0.9903596063939288,18.48,4.0,27.947,115.29
Tartar district,district,2024,67.86,,13684.0,13613.0,9080.5,46.8,24993.0,27.0,,86.17,,0.5106897840412048,0.4919280073465594,0.4945378077503847,0.4776734834829772,0,0,0.9632618915025496,67.86,27.0,13.613,90.805
Yevlakh district,district,2024,38.92,34.15,33240.0,29747.0,16630.0,35.4,38335.0,205.9,144.9,65.55,70.59,0.3491327714468404,0.345294212187829,0.3361591528360854,0.3348982322429051,0,0,0.9890054455698786,38.92,205.9,29.747,166.3
Zagatala district,district,2024,70.0,88.58,27033.0,25199.0,8275.0,48.0,44462.0,11.1,22.2,100.0,110.0,0.4747199336144507,0.4727621428221978,0.447032087827005,0.4543365153669815,0,0,0.9958759035514972,70.0,11.1,25.199,82.75
Zardab district,district,2024,43.25,,21795.0,20983.0,14085.0,34.5,31974.0,23.4,,56.46,,0.4169383019713535,0.4082877921220214,0.4035364150335492,0.3964720774782662,0,0,0.9792523022988509,43.25,23.4,20.983,140.85
