region,region_type,year,cost_price_per_centner_milk_enterprises_manat,cost_price_per_centner_milk_private_manat,cows_dairy_buffaloes_stock_heads,cows_heads,fodder_sown_area_ha,labour_hours_per_centner_milk_enterprises,milk_production_tons,profitability_milk_enterprises_pct,profitability_milk_private_pct,selling_price_per_centner_milk_enterprises_manat,selling_price_per_centner_milk_private_manat,cost_milk,profitability,vrs_raw,crs_raw,vrs_bc,crs_bc,vrs_bootstrap_degenerate_draws,crs_bootstrap_degenerate_draws,scale_eff_raw
Absheron district,district,2000,,,9021.0,9021.0,949.0,,11086.0,,,,,,,0.7311384771080617,0.6827989975555304,0.7027180792455047,0.6550599187131945,0,0,0.9338846455684663
Agdash district,district,2000,,,17338.0,11480.0,8419.0,,18468.0,,,,,,,0.8325529756614197,0.8320859720489995,0.8074129590879836,0.8130679533615335,0,0,0.9994390703942302
Aghdam district,district,2000,,,10977.0,10263.0,560.0,,10994.0,,,,,,,0.7184538390772994,0.6953070053682507,0.6911642066839636,0.6711564947030322,0,0,0.9677824343749407
Aghjabadi district,district,2000,,,33519.0,28218.0,12983.0,,40734.0,,,,,,,0.7898932602425126,0.7466568478366437,0.615446405378923,0.728586279824432,0,0,0.9452629683248664
Aghstafa district,district,2000,,,8824.0,7051.0,703.0,,8940.0,,,,,,,0.7615698177939813,0.7156520267387879,0.7338426191179969,0.6887015731169505,0,0,0.939706393317684
Aghsu district,district,2000,,,16817.0,12441.0,124.0,,15115.0,,,,,,,0.9327778408949676,0.9321956022835207,0.8622460265373848,0.8822168549910496,0,0,0.99937580141174
Babak district,district,2000,,,8572.0,7654.0,2179.0,,11680.0,,,,,,,0.7902470109568575,0.7893045520651517,0.7582467403458529,0.7663767516083858,0,0,0.9988073869579531
Balakan district,district,2000,,,16126.0,12947.0,6952.0,,14832.0,,,,,,,0.5930349805087921,0.592544254444798,0.5749784140176671,0.5785614045022962,0,0,0.9991725175071914
Barda district,district,2000,,,23960.0,17741.0,7195.0,,30311.0,,,,,,,0.8838353597905471,0.8837153348501187,0.8064934339516867,0.8616195736542831,0,0,0.999864199888476
Beylagan district,district,2000,,,16653.0,14268.0,10851.0,,19818.0,,,,,,,0.7187840436870444,0.7184341137977485,0.6957352980778215,0.7020425631975669,0,0,0.9995131640826347
Bilasuvar district,district,2000,,,16040.0,12869.0,1332.0,,13314.0,,,,,,,0.6190638135695169,0.5776093210249842,0.5912628912296622,0.5547871008368898,0,0,0.9330368022877861
Fuzuli district,district,2000,,,7139.0,6259.0,1554.0,,5926.0,,,,,,,0.49112234524551035,0.48971895960187156,0.46883513451791936,0.47404981512978406,0,0,0.9971424927877447
Gabala district,district,2000,,,22651.0,20175.0,308.0,,21280.0,,,,,,,0.8066703002399543,0.7874294037384926,0.6876366732458018,0.7471180478522624,0,0,0.9761477564058844
Gadabay district,district,2000,,,16802.0,16220.0,125.0,,13836.0,,,,,,,0.6638474170123292,0.6632221336585713,0.6148142168532519,0.6252791333868625,0,0,0.999058091757633
Gakh district,district,2000,,,17649.0,13356.0,94.0,,16015.0,,,,,,,0.9362500867165063,0.9359734017266362,0.8412469266113167,0.8790952945646456,0,0,0.999704475338592
Gazakh district,district,2000,,,12072.0,9920.0,1113.0,,15696.0,,,,,,,0.9300590998648168,0.8619683461836571,0.8759459582339766,0.8215112273367177,0,0,0.9267887882704909
Gobustan district,district,2000,,,9178.0,9029.0,1170.0,,9685.0,,,,,,,0.6042160953836907,0.5617339473805911,0.5729180753901313,0.5268506040620919,0,0,0.9296904727833798
Goranboy district,district,2000,,,13592.0,11804.0,1160.0,,11624.0,,,,,,,0.5953976094276011,0.5581357958245039,0.5728569717735459,0.5374200198153757,0,0,0.9374169243996131
Goychay district,district,2000,,,20921.0,16810.0,824.0,,15994.0,,,,,,,0.6495377904133088,0.6291608492212264,0.615556588160049,0.6065899798674073,0,0,0.9686285517288896
Goygol district,district,2000,,,6300.0,6090.0,627.0,,5692.0,,,,,,,0.5526887978258173,0.5226365140981427,0.5275687158367041,0.5021458217542719,0,0,0.9456253069613586
Guba district,district,2000,,,26022.0,25165.0,206.0,,29527.0,,,,,,,0.9999999999999989,0.9096971483139848,0.5555006156858247,0.8590473817044412,0,0,0.9096971483139858
Gubadli district,district,2000,,,177.0,169.0,1.0,,152.0,,,,,,,1.0,0.706737977043307,0.6035086181239573,0.6576598446473411,0,0,0.706737977043307
Gusar district,district,2000,,,16739.0,16547.0,72.0,,20774.0,,,,,,,0.9999999999999991,0.9957958755021725,0.5953767426228125,0.8932988992275557,0,0,0.9957958755021734
Hajigabul district,district,2000,,,10451.0,9170.0,980.0,,10178.0,,,,,,,0.6572091300527781,0.6137713597760719,0.6320990385861139,0.5879961995016025,0,0,0.9339057108454687
Imishli district,district,2000,,,24223.0,19348.0,12204.0,,21066.0,,,,,,,0.563406186339749,0.5631657360269953,0.5430687378989092,0.5501536419290735,0,0,0.9995732203185133
Ismayilli district,district,2000,,,17890.0,16238.0,1537.0,,16369.0,,,,,,,0.616514618522046,0.577410148538366,0.5827285107202049,0.5564834617219782,0,0,0.9365717068032805
Julfa district,district,2000,,,5086.0,4833.0,1103.0,,7350.0,,,,,,,0.7883494173426399,0.786612360637729,0.7503999931933295,0.7592984734858036,0,0,0.9977965903612054
Khachmaz district,district,2000,,,22898.0,20616.0,1282.0,,26637.0,,,,,,,0.8627955059195429,0.8179357399121877,0.7607391261767724,0.7896937612049305,0,0,0.948006490878108
Khizi district,district,2000,,,3925.0,3889.0,21.0,,4053.0,,,,,,,0.8312803489077548,0.8214476027827078,0.7617344552065748,0.7596675128429636,0,0,0.9881715643369092
Khojavand district,district,2000,,,1310.0,1279.0,144.0,,1177.0,,,,,,,0.5076486928133066,0.5007805457671074,0.4352592493886961,0.47706788139343126,0,0,0.9864706692966408
Kurdamir district,district,2000,,,24598.0,17601.0,10593.0,,20426.0,,,,,,,0.6005298208278135,0.6002555817278148,0.5797656379638785,0.5863051622940846,0,0,0.9995433380816615
Lankaran district,district,2000,,,13617.0,13368.0,45.0,,16754.0,,,,,,,1.0000000000000004,1.0000000000000004,0.732810206585039,0.8493651611681803,0,0,1.0
Lerik district,district,2000,,,15255.0,14691.0,70.0,,12638.0,,,,,,,0.6815149697645323,0.6806413895875527,0.6150774232699975,0.6199311578248017,0,0,0.9987181790338642
Neftchala district,district,2000,,,15536.0,13236.0,5887.0,,19180.0,,,,,,,0.7499083671922772,0.749517999737779,0.7219405931602255,0.7312463230429489,0,0,0.9994794464609593
Oghuz district,district,2000,,,12201.0,9931.0,311.0,,11346.0,,,,,,,0.8141510269394254,0.8036270459623226,0.7718365395189793,0.7701769632124148,0,0,0.9870736747496778
Ordubad district,district,2000,,,2707.0,2662.0,470.0,,3850.0,,,,,,,0.7515836545505651,0.7481138731116551,0.6924116374518042,0.7128518003268042,0,0,0.9953833729380599
Saatli district,district,2000,,,20452.0,17387.0,3763.0,,22595.0,,,,,,,0.6724116972332776,0.6721681253985742,0.6167126204691138,0.6472976830829134,0,0,0.9996377638347077
Sabirabad district,district,2000,,,38594.0,31385.0,4424.0,,49988.0,,,,,,,1.0000000000000375,0.8315937894222218,0.539901535295773,0.7853787588658926,0,0,0.8315937894221906
Sadarak district,district,2000,,,940.0,760.0,96.0,,1450.0,,,,,,,0.9999999999999998,1.0000000000000002,0.8445435957465355,0.9350988209400217,0,0,1.0000000000000004
Salyan district,district,2000,,,24761.0,22183.0,6580.0,,30561.0,,,,,,,0.7126792740200758,0.712586358728579,0.6366179307919559,0.6922709221679467,0,0,0.9998696253772434
Samukh district,district,2000,,,7104.0,6031.0,1652.0,,8464.0,,,,,,,0.7272411870981801,0.7258995861466792,0.6985408639583465,0.7043535451584271,0,0,0.9981552186876899
Shabran district,district,2000,,,10448.0,8504.0,4.0,,10408.0,,,,,,,0.9999999999999997,1.0,0.5356566759543073,0.49157748203327434,0,0,1.0000000000000004
Shahbuz district,district,2000,,,7258.0,7258.0,400.0,,10348.0,,,,,,,0.9542034551268926,0.9237334190522711,0.9179812433962459,0.891707872052108,0,0,0.9680675689121566
Shaki district,district,2000,,,24891.0,18878.0,1092.0,,27874.0,,,,,,,1.0000000000000004,0.9480505714318231,0.8461645571564784,0.9153187424590091,0,0,0.9480505714318227
Shamkir district,district,2000,,,17248.0,15907.0,3456.0,,20793.0,,,,,,,0.6764098499870316,0.6761127020845745,0.6275972240560248,0.6512200345358347,0,0,0.9995606984397658
Sharur district,district,2000,,,18564.0,17929.0,6421.0,,18950.0,,,,,,,0.5469845071122784,0.5466928194342454,0.5241543016915804,0.532326825625328,0,0,0.9994667350277013
Shusha district,district,2000,,,820.0,796.0,102.0,,732.0,,,,,,,0.544074378053592,0.48176376407031885,0.46398845627603813,0.4513306860295937,0,0,0.8854740886601068
Tartar district,district,2000,,,8571.0,7866.0,1171.0,,7328.0,,,,,,,0.5020134822451827,0.48539518475178184,0.46857859041376093,0.45997659687511716,0,0,0.9668967107833878
Tovuz district,district,2000,,,14418.0,13761.0,188.0,,18320.0,,,,,,,1.0,0.9999999999999998,0.8915123068448718,0.9466760713601721,0,0,0.9999999999999998
Ujar district,district,2000,,,24391.0,16604.0,4281.0,,22003.0,,,,,,,0.6856889289720937,0.6854241413001201,0.6433829019428063,0.6641459171259624,0,0,0.9996138370319461
Yevlakh district,district,2000,,,31488.0,19714.0,3485.0,,38114.0,,,,,,,0.9999999999999933,0.9999999999999543,0.7188555094985003,0.95287612070535,0,0,0.9999999999999609
Zagatala district,district,2000,,,26659.0,21245.0,4949.0,,29796.0,,,,,,,0.7255300640106718,0.725423220003169,0.632026545325305,0.7007742340736052,0,0,0.9998527366227773
Zardab district,district,2000,,,19455.0,14884.0,2522.0,,16991.0,,,,,,,0.5964069625265658,0.5915906082254234,0.5402211376450696,0.5631629980399052,0,0,0.9919243828396322
Absheron district,district,2001,,,9258.0,9258.0,901.0,,12714.0,,,,,,,0.8207955615395199,0.8200723216758254,0.7927974972872149,0.7952089934048404,0,0,0.9991188550504124
Agdash district,district,2001,,,17649.0,11673.0,10592.0,,17781.0,,,,,,,0.8661527478489656,0.8629531384272244,0.8427948367524344,0.8365490381542269,0,0,0.9963059524665977
Aghdam district,district,2001,,,11231.0,10689.0,931.0,,12267.0,,,,,,,0.6899103226378298,0.6890879473912189,0.6657759946108509,0.6680679834138439,0,0,0.9988079968952102
Aghjabadi district,district,2001,,,34930.0,29174.0,14257.0,,46137.0,,,,,,,1.0000000000000142,0.8959151676119756,0.6220673686733775,0.8667784705979393,0,0,0.8959151676119629
Aghstafa district,district,2001,,,8982.0,7160.0,719.0,,9537.0,,,,,,,0.7964540354335979,0.7940819845955526,0.7687303523815499,0.7699964836061075,0,0,0.9970217354266351
Babak district,district,2001,,,8630.0,7730.0,2396.0,,10640.0,,,,,,,0.786605598282698,0.7797863885475159,0.7597529042262485,0.7515771356464314,0,0,0.9913308400676658
Balakan district,district,2001,,,16277.0,13012.0,287.0,,13045.0,,,,,,,0.637260053517949,0.6238375798382875,0.5904616550387102,0.5968525190024873,0,0,0.9789372115738877
Barda district,district,2001,,,26482.0,19923.0,9475.0,,26550.0,,,,,,,0.7558866191614304,0.7549588953240157,0.7096708313659883,0.7302530823840435,0,0,0.9987726679982193
Beylagan district,district,2001,,,18329.0,15851.0,17765.0,,23278.0,,,,,,,0.8335702844460586,0.8319601297756654,0.8049619112795888,0.8067716760652871,0,0,0.9980683636395901
Bilasuvar district,district,2001,,,16331.0,13085.0,1468.0,,14610.0,,,,,,,0.6621119539765495,0.6614790396168337,0.6369428650216374,0.6408960635135105,0,0,0.9990440976697149
Dashkasan district,district,2001,,,13977.0,13415.0,45.0,,18552.0,,,,,,,0.9999999999999996,0.8696253463777968,0.7881585518342462,0.7165610231386919,0,0,0.8696253463777971
Fuzuli district,district,2001,,,7361.0,6414.0,1886.0,,7438.0,,,,,,,0.6662551264347338,0.6569627332401831,0.6403391986009401,0.6324064508609494,0,0,0.986052800457572
Gabala district,district,2001,,,23873.0,21625.0,597.0,,18030.0,,,,,,,0.5313540474231064,0.5172098487063347,0.4904745955222256,0.4968722134180037,0,0,0.9733808394132566
Gadabay district,district,2001,,,17149.0,16583.0,1.0,,16114.0,,,,,,,1.000000000000016,1.00000000000007,0.6914032847569098,0.5745320811206316,0,0,1.000000000000054
Gakh district,district,2001,,,17543.0,13446.0,240.0,,18540.0,,,,,,,0.9169034827310464,0.8600227863105392,0.8465020929796615,0.8191561057645953,0,0,0.9379643577630603
Gazakh district,district,2001,,,12213.0,10216.0,1128.0,,12965.0,,,,,,,0.7527923458107361,0.7525602123152447,0.7272369450857564,0.7292803690998099,0,0,0.9996916367484564
Gobustan district,district,2001,,,10858.0,10710.0,1221.0,,10328.0,,,,,,,0.5725035848713343,0.5707515921282628,0.5537287922089907,0.5528494296362093,0,0,0.9969397698296242
Goranboy district,district,2001,,,13721.0,12147.0,404.0,,13377.0,,,,,,,0.684292257465838,0.6810078490096255,0.6428864385447918,0.6563228500084479,0,0,0.9952002840593641
Goychay district,district,2001,,,21306.0,17093.0,595.0,,18485.0,,,,,,,0.6725224582444358,0.6681746639005142,0.6151853144480227,0.6442504614353115,0,0,0.9935350941955586
Goygol district,district,2001,,,7375.0,7177.0,781.0,,6603.0,,,,,,,0.5524047259022105,0.5460304814353043,0.5284524715268403,0.5292092552298833,0,0,0.9884609161217883
Guba district,district,2001,,,26200.0,25329.0,173.0,,33164.0,,,,,,,1.0,0.8217312441195208,0.6274136494951643,0.7566072149015087,0,0,0.8217312441195208
Gusar district,district,2001,,,17081.0,16917.0,100.0,,22194.0,,,,,,,0.9587003564029914,0.8237929063580612,0.7986581430975102,0.7496026884489692,0,0,0.8592809013328231
Hajigabul district,district,2001,,,10963.0,9717.0,980.0,,9394.0,,,,,,,0.5781156299869675,0.5762140039608745,0.5579362674764998,0.558731586763713,0,0,0.996710647615364
Imishli district,district,2001,,,26796.0,21853.0,11983.0,,24627.0,,,,,,,0.639466101585539,0.6384309912653391,0.6114729464852748,0.6181740413541045,0,0,0.9983812897702734
Ismayilli district,district,2001,,,24272.0,22767.0,1402.0,,18868.0,,,,,,,0.5071076595215434,0.5045545973909885,0.4737289412895982,0.48857360016462004,0,0,0.9949654435648563
Julfa district,district,2001,,,5220.0,4986.0,1165.0,,6421.0,,,,,,,0.74195745156034,0.729564866940886,0.705057869223814,0.6968925656369451,0,0,0.9832974457047471
Kalbajar district,district,2001,,,4176.0,3928.0,33.0,,3819.0,,,,,,,0.9222165374902035,0.6096420267954207,0.7813243750921044,0.5661532573652904,0,0,0.661061694311567
Khachmaz district,district,2001,,,23873.0,21420.0,2211.0,,29490.0,,,,,,,0.8231419602016051,0.8195417859862967,0.7099218258970205,0.794600512617206,0,0,0.9956263021576173
Khizi district,district,2001,,,3948.0,3899.0,24.0,,3635.0,,,,,,,0.9722727507474084,0.585325196787535,0.8203316755235455,0.5350172717484836,0,0,0.6020174856670436
Khojavand district,district,2001,,,1383.0,1355.0,126.0,,1395.0,,,,,,,1.0000000000000007,0.6162142572906819,0.8132220274617974,0.5975036891524483,0,0,0.6162142572906815
Kurdamir district,district,2001,,,26325.0,18144.0,10579.0,,22224.0,,,,,,,0.695440944563961,0.6939092987298788,0.6723629052109212,0.6720491055712671,0,0,0.9977975903690248
Lankaran district,district,2001,,,14230.0,13886.0,56.0,,18118.0,,,,,,,0.9374297304896625,0.8201607032843139,0.7943439390796321,0.7047585212698547,0,0,0.8749036611585878
Lerik district,district,2001,,,15552.0,15107.0,291.0,,12594.0,,,,,,,0.5343781275562683,0.5195594584729037,0.4910512093972019,0.49576541006409913,0,0,0.9722693195712726
Neftchala district,district,2001,,,16016.0,13761.0,4432.0,,17753.0,,,,,,,0.7335803189616197,0.7308618187677042,0.7076148736510164,0.7047785107420742,0,0,0.9962942023884126
Oghuz district,district,2001,,,12217.0,9909.0,313.0,,12938.0,,,,,,,0.811971111130084,0.8081704189713018,0.7611065421889901,0.7782791645382714,0,0,0.9953191781004469
Ordubad district,district,2001,,,2801.0,2753.0,458.0,,3445.0,,,,,,,0.7501312805174816,0.7205891212642364,0.6944571464936475,0.6904139580616004,0,0,0.9606173478956038
Saatli district,district,2001,,,23678.0,19214.0,3378.0,,22733.0,,,,,,,0.6782999710000759,0.6779980849797321,0.6308365705461082,0.6479314762144464,0,0,0.999554937294338
Sabirabad district,district,2001,,,38884.0,31552.0,4560.0,,44706.0,,,,,,,0.9999999999999888,0.8252288547180081,0.6285216518747296,0.794805965109511,0,0,0.8252288547180173
Sadarak district,district,2001,,,826.0,649.0,176.0,,1016.0,,,,,,,1.0000000000000004,0.8868752337326157,0.744741932550484,0.8515403754329814,0,0,0.8868752337326152
Salyan district,district,2001,,,24947.0,22521.0,6993.0,,28437.0,,,,,,,0.7159756814681631,0.7153352449810491,0.6550982310266136,0.6894778690540686,0,0,0.999105505251518
Samukh district,district,2001,,,7321.0,6340.0,1635.0,,7143.0,,,,,,,0.6477716596757617,0.6382706998224459,0.6194729224747333,0.6118038759215247,0,0,0.985332856553077
Shahbuz district,district,2001,,,7804.0,7804.0,430.0,,9599.0,,,,,,,0.7522941267122785,0.7515149653435538,0.7121263345999226,0.727233569629902,0,0,0.998964286253131
Shaki district,district,2001,,,25839.0,19588.0,809.0,,31563.0,,,,,,,0.9999999999999997,0.9920106233032279,0.7441867193638823,0.9578681349081803,0,0,0.9920106233032282
Shamakhi district,district,2001,,,17051.0,15776.0,1958.0,,17749.0,,,,,,,0.6632271159071047,0.6623257185959975,0.6312579842663292,0.6405381454921971,0,0,0.9986408919516593
Shamkir district,district,2001,,,18784.0,17952.0,5677.0,,24135.0,,,,,,,0.7629559101029705,0.7616369052283949,0.7249567767437187,0.7342940692320257,0,0,0.998271191222049
Sharur district,district,2001,,,19388.0,18744.0,6553.0,,23690.0,,,,,,,0.7173197553620086,0.7160054058424448,0.6850477273235257,0.6909040335112001,0,0,0.9981676936822957
Shusha district,district,2001,,,806.0,806.0,239.0,,854.0,,,,,,,0.8052109181141482,0.600255772155887,0.6573931407273027,0.5779654033425331,0,0,0.7454640252043795
Siyazan district,district,2001,,,4590.0,4131.0,9.0,,6565.0,,,,,,,1.0000000000000009,0.9999999999999998,0.6209759483925517,0.6876967264286196,0,0,0.9999999999999989
Tartar district,district,2001,,,8881.0,8188.0,1389.0,,8464.0,,,,,,,0.6015771201632276,0.5942484306568651,0.5770757836460618,0.5688920698023932,0,0,0.9878175394962261
Tovuz district,district,2001,,,15056.0,14488.0,190.0,,21179.0,,,,,,,1.0000000000000004,0.9142041104766951,0.8884762984726693,0.862256803448501,0,0,0.9142041104766947
Ujar district,district,2001,,,24985.0,17195.0,5144.0,,23881.0,,,,,,,0.7882079359043584,0.7867990820579833,0.7482377314792468,0.7577622399690038,0,0,0.9982125860674587
Yevlakh district,district,2001,,,31954.0,19908.0,3946.0,,35141.0,,,,,,,1.0000000000000022,1.0000000000000002,0.7853362703990217,0.9492232320495151,0,0,0.999999999999998
Zagatala district,district,2001,,,26810.0,21866.0,4573.0,,28244.0,,,,,,,0.7324414902759474,0.7317628797153732,0.6576520289599463,0.6961813456448857,0,0,0.9990734951943827
Zardab district,district,2001,,,20019.0,15651.0,3158.0,,19066.0,,,,,,,0.6923398965952163,0.6901301695973859,0.6536879908212488,0.6556303624982945,0,0,0.9968083205825674
Absheron district,district,2002,,,9694.0,9694.0,832.0,,14625.0,,,,,,,0.8570539054837811,0.7573606100967687,0.8179411332958669,0.7123119024039478,0,0,0.8836790839536066
Agdash district,district,2002,,,20492.0,13498.0,11444.0,,19566.0,,,,,,,0.8151580939820089,0.6445862744047185,0.7874639933948578,0.595400088257268,0,0,0.7907500142161932
Aghdam district,district,2002,,,12629.0,11898.0,2038.0,,12562.0,,,,,,,0.5780903157736687,0.5094643341362494,0.5547487395689423,0.4805735900311139,0,0,0.8812884773107194
Aghjabadi district,district,2002,,,35667.0,29874.0,18891.0,,45103.0,,,,,,,0.9999999999999758,0.6713677587712363,0.5454919683478927,0.6189270496963151,0,0,0.6713677587712525
Aghstafa district,district,2002,,,9521.0,7639.0,662.0,,10303.0,,,,,,,0.726236335592216,0.6768088046950848,0.6820961926508813,0.6367437034712892,0,0,0.9319401571158993
Astara district,district,2002,,,12780.0,12426.0,3.0,,13324.0,,,,,,,0.7309856827267924,0.709402100647648,0.5904856294217405,0.438144385008851,0,0,0.9704733176187099
Babak district,district,2002,,,8282.0,7184.0,2056.0,,11190.0,,,,,,,0.8449474898104703,0.7143569865849912,0.8163902503596808,0.6638427519805411,0,0,0.8454454214015457
Balakan district,district,2002,,,16354.0,13173.0,587.0,,14919.0,,,,,,,0.6610802330348841,0.5798429725886151,0.6201408500345607,0.532018104424321,0,0,0.8771143707121216
Barda district,district,2002,,,31345.0,23900.0,9916.0,,27878.0,,,,,,,0.6651972150098379,0.5186950948099349,0.6234669839950389,0.47438189421342847,0,0,0.7797613746808362
Beylagan district,district,2002,,,19347.0,16816.0,17476.0,,24280.0,,,,,,,0.8194120600369318,0.6420582221592401,0.7859778948581357,0.5934815593802563,0,0,0.7835596441310637
Bilasuvar district,district,2002,,,17080.0,13668.0,1494.0,,15933.0,,,,,,,0.6610298875867483,0.5787807011855248,0.6293189750822159,0.5462608364048466,0,0,0.8755741791018039
Dashkasan district,district,2002,,,12226.0,11736.0,1.0,,17404.0,,,,,,,1.0000000000000004,1.0000000000000115,0.5849534737550588,0.2464947589460993,0,1,1.000000000000011
Fuzuli district,district,2002,,,7969.0,7114.0,2146.0,,7739.0,,,,,,,0.5683459931384608,0.4956037014454784,0.5397381750762171,0.4588864911550119,0,0,0.8720105489064988
Gabala district,district,2002,,,24179.0,21519.0,639.0,,22794.0,,,,,,,0.6713053216941988,0.5462281611399472,0.5748259677889034,0.4906142285471269,0,0,0.8136806658427947
Gakh district,district,2002,,,15566.0,12293.0,325.0,,19726.0,,,,,,,1.0000000000000002,0.8287878287135424,0.9015843434323403,0.7390088053075224,0,0,0.8287878287135422
Gazakh district,district,2002,,,12525.0,10516.0,1087.0,,13285.0,,,,,,,0.7001018482250666,0.6289829143845854,0.6653542479913641,0.593503225880629,0,0,0.8984163032553256
Gobustan district,district,2002,,,10858.0,10727.0,1115.0,,10737.0,,,,,,,0.5410008581647804,0.49821316794934356,0.5124632363646776,0.470132461688754,0,0,0.9209101250586106
Goranboy district,district,2002,,,14824.0,13150.0,1162.0,,14066.0,,,,,,,0.6032898445583245,0.53633288610471,0.5755494574878343,0.5048592394682386,0,0,0.8890136158306552
Goychay district,district,2002,,,21444.0,17228.0,667.0,,20518.0,,,,,,,0.7310289756602505,0.6114762994251633,0.6657460602209168,0.5575215595960618,0,0,0.8364597297567998
Goygol district,district,2002,,,7801.0,7588.0,826.0,,7376.0,,,,,,,0.5073355971102685,0.4827323261982114,0.47100437051922717,0.4556032360693112,0,0,0.9515049386398374
Guba district,district,2002,,,26393.0,25548.0,186.0,,29472.0,,,,,,,0.9999999999999993,0.6014169267406738,0.5723320416822584,0.4986609108843957,0,0,0.6014169267406743
Gusar district,district,2002,,,17429.0,17274.0,86.0,,19348.0,,,,,,,0.7454950116870203,0.5845970052131864,0.6114022087965608,0.4662609326817312,0,0,0.7841729267782366
Hajigabul district,district,2002,,,12046.0,10935.0,980.0,,10312.0,,,,,,,0.5078207373430123,0.4725596316382685,0.4777655094803146,0.44495349426822706,0,0,0.9305638720284746
Imishli district,district,2002,,,28773.0,23754.0,13044.0,,27266.0,,,,,,,0.6541124257499713,0.5104263738783523,0.6169955953254882,0.4698923696842231,0,0,0.7803343183599118
Ismayilli district,district,2002,,,24428.0,22995.0,1297.0,,19323.0,,,,,,,0.502693585151338,0.4277862238411237,0.4672121733231176,0.3965620445586722,0,0,0.8509880302378174
Julfa district,district,2002,,,5489.0,5255.0,1230.0,,7048.0,,,,,,,0.6992908767940846,0.6292481147980116,0.6616626092573749,0.5903359218728302,0,0,0.8998374434438703
Kalbajar district,district,2002,,,5497.0,5199.0,33.0,,4778.0,,,,,,,0.48799106485032767,0.47934479957242976,0.3966280347345652,0.39239811911375655,0,0,0.9822819188696624
Khachmaz district,district,2002,,,24718.0,22367.0,2117.0,,30725.0,,,,,,,0.8349828751983295,0.68673421776541,0.6940564318933623,0.6472431423995538,0,0,0.8224530564202209
Khizi district,district,2002,,,3988.0,3954.0,2.0,,3825.0,,,,,,,1.0000000000000746,0.6201802857271786,0.6339625053918374,0.48317607060517187,0,0,0.6201802857271324
Khojaly district,district,2002,,,1167.0,1115.0,5.0,,764.0,,,,,,,1.0000000000000002,0.3577151278527825,0.5813795110160849,0.2815361177708408,0,0,0.3577151278527824
Khojavand district,district,2002,,,1808.0,1753.0,149.0,,1608.0,,,,,,,0.4887147045788958,0.4606637525776094,0.42069340494753515,0.43312072996850437,0,0,0.9426026028305068
Kurdamir district,district,2002,,,27342.0,19577.0,9618.0,,22169.0,,,,,,,0.6403430580492828,0.5035567138598377,0.6157872862828763,0.46257330775172645,0,0,0.7863858404178755
Lachin district,district,2002,,,10308.0,7997.0,95.0,,11026.0,,,,,,,0.7938257280356992,0.7171921475672486,0.7040524968163917,0.6109837576957382,0,0,0.9034629670443179
Lankaran district,district,2002,,,14964.0,14627.0,20.0,,16461.0,,,,,,,0.7452310141227423,0.6553303666876882,0.6195024890025147,0.5157411199567409,0,0,0.8793653971300674
Lerik district,district,2002,,,15977.0,15547.0,11.0,,12351.0,,,,,,,0.49917108045740416,0.49754680922397965,0.41992693176592766,0.3979578779322225,0,0,0.9967460630292602
Neftchala district,district,2002,,,16696.0,14371.0,5045.0,,17657.0,,,,,,,0.6874073638088103,0.5481470060213123,0.6633370406566612,0.4999858880479193,0,0,0.7974121821798948
Oghuz district,district,2002,,,12454.0,10193.0,365.0,,13557.0,,,,,,,0.7693872438863508,0.6838347678681094,0.7137637535112522,0.6210513357764094,0,0,0.8888044002574096
Ordubad district,district,2002,,,2987.0,2946.0,399.0,,3950.0,,,,,,,0.6866687255689883,0.6576851822259036,0.6326177202908541,0.6209048256719647,0,0,0.9577910828557564
Saatli district,district,2002,,,24578.0,20668.0,5088.0,,24159.0,,,,,,,0.663246193730202,0.5454985970214342,0.6252508934919216,0.510805285263375,0,0,0.8224677384930977
Sabirabad district,district,2002,,,39911.0,32389.0,5178.0,,44983.0,,,,,,,0.9999999999999954,0.673653717827045,0.5700568981011855,0.6357081720124501,0,0,0.6736537178270481
Sadarak district,district,2002,,,749.0,599.0,250.0,,1101.0,,,,,,,0.8411433765854188,0.8173516143927823,0.6818829668676436,0.74766298295352,0,0,0.9717149740996379
Salyan district,district,2002,,,26061.0,23510.0,7541.0,,32409.0,,,,,,,0.78973492063759,0.6229265719624859,0.6973331523458085,0.5738949160669483,0,0,0.788779317824224
Samukh district,district,2002,,,7606.0,6531.0,1820.0,,8413.0,,,,,,,0.6790133767625721,0.5926986349230665,0.6480942403092372,0.5516690193378175,0,0,0.8728821186836693
Shabran district,district,2002,,,10690.0,9150.0,4.0,,10747.0,,,,,,,0.8029441485371287,0.7590967210543237,0.6914487146417815,0.5726981600492775,0,0,0.945391684387152
Shahbuz district,district,2002,,,8593.0,8593.0,437.0,,10621.0,,,,,,,0.6778210508137186,0.6309014821065153,0.6264937954923969,0.5823899259326836,0,0,0.9307788262833137
Shaki district,district,2002,,,26301.0,20118.0,1131.0,,32263.0,,,,,,,1.0,0.8164773184562525,0.6618898448166886,0.7567858594617942,0,0,0.8164773184562525
Shamakhi district,district,2002,,,17718.0,16500.0,15.0,,19339.0,,,,,,,1.0000000000000004,0.7175016347767676,0.5568426646038362,0.5760122592004258,0,0,0.7175016347767673
Shamkir district,district,2002,,,25184.0,24223.0,5730.0,,26403.0,,,,,,,0.6204655719525709,0.5108310620905687,0.5769565566913837,0.4790675563447815,0,0,0.82330283126429
Sharur district,district,2002,,,19610.0,19047.0,7028.0,,24495.0,,,,,,,0.7300810497685042,0.5718726018170058,0.6964772470003601,0.5208785917722659,0,0,0.7833001582472748
Shusha district,district,2002,,,428.0,418.0,150.0,,940.0,,,,,,,1.0000000000000109,0.9999999999999998,0.735030506681764,0.9096607798508676,0,0,0.9999999999999889
Siyazan district,district,2002,,,4540.0,4096.0,10.0,,7838.0,,,,,,,1.0000000000000002,1.0,0.759702127720278,0.7158224173954557,0,0,0.9999999999999998
Tartar district,district,2002,,,9005.0,8444.0,1603.0,,9441.0,,,,,,,0.5968805410395013,0.5350048830990346,0.5704994341121601,0.5041214544441182,0,0,0.8963349385913859
Tovuz district,district,2002,,,15270.0,14712.0,125.0,,22148.0,,,,,,,1.0,0.7843806122082219,0.7147069929862582,0.6573208525256017,0,0,0.7843806122082219
Ujar district,district,2002,,,24850.0,16861.0,6277.0,,22264.0,,,,,,,0.7468088882054229,0.5871759959720722,0.7164443532948576,0.5350012483943518,0,0,0.7862466626275062
Yevlakh district,district,2002,,,33148.0,20486.0,4334.0,,35668.0,,,,,,,0.9999999999999993,0.8250583995045221,0.7652224539835506,0.7760883578269145,0,0,0.8250583995045226
Zagatala district,district,2002,,,27457.0,22601.0,4966.0,,29831.0,,,,,,,0.754320570306011,0.623197196446599,0.6752955235610136,0.5856980019070795,0,0,0.8261702265308526
Zangilan district,district,2002,,,153.0,152.0,12.0,,62.0,,,,,,,0.9999999999999992,0.20543330822252762,0.6283796726053266,0.1926200097217444,0,0,0.20543330822252778
Zardab district,district,2002,,,20409.0,15972.0,5141.0,,22206.0,,,,,,,0.7862375758367673,0.6279548930260402,0.7523563304527345,0.5783415932749874,0,0,0.7986833907775625
Absheron district,district,2003,,,9922.0,9922.0,1151.0,,19424.0,,,,,,,0.9999999999999999,0.9999999999999999,0.8596202976281382,0.9326639848007621,0,0,1.0
Agdash district,district,2003,,,21592.0,14165.0,11886.0,,20478.0,,,,,,,0.7472394544922882,0.73846771487604,0.7064034684397027,0.7136251109523194,0,0,0.9882611396340037
Aghdam district,district,2003,,,13077.0,12481.0,3043.0,,16141.0,,,,,,,0.6648439742433457,0.6606046214958433,0.6217072774344164,0.6315778355048163,0,0,0.9936235373835987
Aghjabadi district,district,2003,,,36043.0,30202.0,19199.0,,44300.0,,,,,,,0.9777895577031299,0.7492531479689694,0.7359492976747661,0.7236953224341958,0,0,0.7662723968222748
Aghstafa district,district,2003,,,9918.0,7930.0,771.0,,9611.0,,,,,,,0.6437791339743582,0.6266121112600227,0.5967836552773523,0.5872301416312125,0,0,0.9733339870642356
Astara district,district,2003,,,14861.0,14493.0,15.0,,14131.0,,,,,,,0.7450354912603894,0.6642093867344313,0.5883472449475345,0.47130343297340316,0,0,0.8915137527351574
Babak district,district,2003,,,7593.0,6762.0,1305.0,,9810.0,,,,,,,0.7639760658928932,0.7410617441590199,0.7258813098680827,0.7043376972077328,0,0,0.9700064926679446
Balakan district,district,2003,,,16559.0,13263.0,841.0,,13597.0,,,,,,,0.5564755587574378,0.5418864868914304,0.5086983362757361,0.5045037381137035,0,0,0.9737830860018658
Barda district,district,2003,,,32130.0,24709.0,14172.0,,30150.0,,,,,,,0.6744670529880885,0.6232936471133547,0.6260782722594509,0.6018023006111325,0,0,0.9241276417461453
Beylagan district,district,2003,,,21648.0,18892.0,19787.0,,21850.0,,,,,,,0.6059294655215248,0.5907912543545012,0.5757691512202635,0.5710869032613219,0,0,0.9750165456073437
Bilasuvar district,district,2003,,,17504.0,14196.0,2591.0,,14414.0,,,,,,,0.5243434823802501,0.5186556106948009,0.4913615151169496,0.49197585041538383,0,0,0.9891523936568657
Fuzuli district,district,2003,,,8663.0,7645.0,3161.0,,8612.0,,,,,,,0.5982160931324219,0.5754228248373292,0.5722059704392455,0.5547009467993856,0,0,0.9618979352833172
Gabala district,district,2003,,,24252.0,21887.0,766.0,,23358.0,,,,,,,0.6529583656312308,0.5749003680474244,0.5840156688251331,0.5243004884792538,0,0,0.8804548625265781
Gakh district,district,2003,,,13580.0,11006.0,411.0,,17329.0,,,,,,,0.9317701688658154,0.8468399457589089,0.8606504189639124,0.7746471998778296,0,0,0.9088506737554318
Gazakh district,district,2003,,,13063.0,11117.0,1232.0,,14353.0,,,,,,,0.6684092609339517,0.6616929299181844,0.6119131552645266,0.6181707657358075,0,0,0.9899517684623598
Gobustan district,district,2003,,,10868.0,10767.0,1120.0,,12458.0,,,,,,,0.6041205239168557,0.5955968642828346,0.5594886951619277,0.557394855178589,0,0,0.9858907961299554
Goranboy district,district,2003,,,15912.0,14192.0,1760.0,,14500.0,,,,,,,0.527488994581075,0.5218971834144674,0.48492287849859284,0.48794187282038004,0,0,0.989399188942229
Goychay district,district,2003,,,22218.0,17734.0,1487.0,,21568.0,,,,,,,0.6673788890367919,0.6342781836757335,0.5942005108107411,0.5941636873796938,0,0,0.9504019292416762
Goygol district,district,2003,,,8835.0,8630.0,765.0,,8870.0,,,,,,,0.5500131784570322,0.5343591678917184,0.5038736868699576,0.5008629729118446,0,0,0.971538844561455
Guba district,district,2003,,,26423.0,25618.0,168.0,,33440.0,,,,,,,0.872526458709993,0.716915751313395,0.6670130605521019,0.5842723081143216,0,0,0.8216550273711307
Gusar district,district,2003,,,17434.0,17275.0,83.0,,21178.0,,,,,,,0.7968994552086857,0.6741202960559616,0.6437808150906386,0.5262362035421294,0,0,0.8459289207060988
Hajigabul district,district,2003,,,12448.0,11145.0,990.0,,11984.0,,,,,,,0.5642867594242588,0.5589718969861762,0.5175714053065419,0.5239380074174727,0,0,0.9905812738836806
Imishli district,district,2003,,,30018.0,24912.0,12951.0,,26631.0,,,,,,,0.5801630091953935,0.5460588280632505,0.5468780797608825,0.5270112571397833,0,0,0.9412162089074916
Ismayilli district,district,2003,,,24632.0,23158.0,1335.0,,22558.0,,,,,,,0.5660611638537533,0.5168497372116584,0.5105521083269854,0.4797848999781139,0,0,0.913063411192065
Julfa district,district,2003,,,5545.0,5323.0,1344.0,,7439.0,,,,,,,0.7501569173995527,0.7138692019432624,0.7083646256077806,0.6829708257109496,0,0,0.951626500249997
Kalbajar district,district,2003,,,6099.0,5800.0,61.0,,4287.0,,,,,,,0.6566252880999557,0.40484875231481443,0.5083886567255398,0.34477918956389886,0,0,0.6165597939218963
Khachmaz district,district,2003,,,25461.0,23256.0,2238.0,,30400.0,,,,,,,0.7809127979743778,0.6762710834017517,0.6904146387691847,0.6338354071592758,0,0,0.8660007687874267
Khojavand district,district,2003,,,1818.0,1779.0,201.0,,1717.0,,,,,,,0.9999999999999999,0.4939622762443302,0.7663415216181291,0.4611860812460986,0,0,0.49396227624433026
Kurdamir district,district,2003,,,27650.0,20261.0,9734.0,,22289.0,,,,,,,0.5786100164583936,0.5619404060779477,0.5477736717169854,0.5421713816147209,0,0,0.9711902492070934
Lachin district,district,2003,,,10574.0,8298.0,259.0,,11781.0,,,,,,,0.8072309458365096,0.7667630675265111,0.7180030373489441,0.6947748540691954,0,0,0.9498682768311579
Lerik district,district,2003,,,16065.0,15652.0,313.0,,13583.0,,,,,,,0.5175524931159463,0.4722601891530576,0.46005163090540624,0.41726998467976506,0,0,0.912487516599129
Masalli district,district,2003,,,26593.0,24960.0,90.0,,36894.0,,,,,,,0.9999999999999998,0.8134670464416158,0.5647939708121037,0.6008206996433423,0,0,0.813467046441616
Neftchala district,district,2003,,,17515.0,15285.0,5915.0,,18110.0,,,,,,,0.6066059078401027,0.6052204032228944,0.5695883107401847,0.5829458294263224,0,0,0.9977159724306979
Oghuz district,district,2003,,,12494.0,10323.0,446.0,,14358.0,,,,,,,0.7940508785057705,0.7451369896166187,0.7325673466361002,0.6853332071746674,0,0,0.938399553211002
Ordubad district,district,2003,,,3086.0,3056.0,482.0,,3946.0,,,,,,,0.7450361122252563,0.6595751491111551,0.652050798836647,0.6221720340622954,0,0,0.8852928580081193
Saatli district,district,2003,,,25177.0,21517.0,7102.0,,27816.0,,,,,,,0.7063264904100097,0.6603489796466818,0.653509085378007,0.6346061712633674,0,0,0.9349061497939306
Sabirabad district,district,2003,,,41604.0,33865.0,7239.0,,47963.0,,,,,,,0.9999999999999983,0.7234621471629646,0.54899824413288,0.689493316222002,0,0,0.7234621471629659
Sadarak district,district,2003,,,1215.0,924.0,290.0,,1235.0,,,,,,,0.9999999999999997,0.6827403016396015,0.6655664063926479,0.6555488652444579,0,0,0.6827403016396018
Salyan district,district,2003,,,26606.0,24503.0,9992.0,,31257.0,,,,,,,0.7085407598243876,0.6516112684248525,0.6445853855140635,0.6280452796121067,0,0,0.9196524820764791
Samukh district,district,2003,,,7866.0,6813.0,2339.0,,8700.0,,,,,,,0.6776596442702473,0.6522910459725337,0.6476106656615401,0.6272640695313592,0,0,0.9625643956930144
Shabran district,district,2003,,,10743.0,9241.0,4.0,,11821.0,,,,,,,0.9999999999999916,0.9999999999999355,0.5314503645322437,0.3844027463073181,0,0,0.9999999999999439
Shahbuz district,district,2003,,,8846.0,8846.0,729.0,,10972.0,,,,,,,0.6550879183650946,0.6474760067939828,0.5991009260519933,0.6063625996145163,0,0,0.9883803206291624
Shaki district,district,2003,,,27111.0,20788.0,1341.0,,32175.0,,,,,,,0.9631596524552587,0.8175181486747543,0.8294548243250548,0.7614327358518719,0,0,0.8487877856913552
Shamakhi district,district,2003,,,18063.0,16887.0,15.0,,20037.0,,,,,,,0.999999999999994,0.8344418415279161,0.5350026993252688,0.5807893409943401,0,0,0.8344418415279211
Shamkir district,district,2003,,,25672.0,24705.0,5760.0,,30224.0,,,,,,,0.6764594214439797,0.6249246212390223,0.6048963394017607,0.5968172217348633,0,0,0.923816863848314
Sharur district,district,2003,,,16155.0,15598.0,6950.0,,19135.0,,,,,,,0.626941483642875,0.626642871831454,0.5869260185455215,0.6043870563566746,0,0,0.9995237006655134
Shusha district,district,2003,,,888.0,848.0,354.0,,734.0,,,,,,,1.0000000000000002,0.4421409712940227,0.6807766662962782,0.42625684052083435,0,0,0.4421409712940226
Siyazan district,district,2003,,,4660.0,4200.0,9.0,,7624.0,,,,,,,1.0000000000000002,0.9999999999999996,0.5727062777471774,0.630169750676711,0,0,0.9999999999999993
Tartar district,district,2003,,,9283.0,8827.0,1672.0,,9608.0,,,,,,,0.5739297438823562,0.5560072071816493,0.5448879369494956,0.5281103892902745,0,0,0.9687722462692566
Tovuz district,district,2003,,,15513.0,14897.0,150.0,,20782.0,,,,,,,0.8941881813319708,0.764344591061182,0.7809892678582073,0.6486496384402749,0,0,0.8547916501453022
Ujar district,district,2003,,,25386.0,16898.0,5920.0,,22360.0,,,,,,,0.696405198620301,0.6759227230813898,0.6510034825524679,0.6501954263668439,0,0,0.9705882788073803
Yevlakh district,district,2003,,,34327.0,21060.0,4371.0,,37140.0,,,,,,,0.9999999999999994,0.9008325823605887,0.76177885521605,0.8578931677822478,0,0,0.9008325823605893
Zagatala district,district,2003,,,27521.0,22527.0,5579.0,,32938.0,,,,,,,0.8176061734623695,0.7468861729826823,0.7071285961475892,0.7143048362193393,0,0,0.9135035879435638
Zardab district,district,2003,,,21654.0,17308.0,7873.0,,22726.0,,,,,,,0.6932030407816457,0.6707129151311882,0.6558804580028642,0.6469551963607106,0,0,0.9675562218753427
Absheron district,district,2004,,,10106.0,10106.0,1317.0,,20448.0,,,,,,,1.0000000000000007,1.0000000000000002,0.8555337830155598,0.9224141475000502,0,0,0.9999999999999996
Agdash district,district,2004,,,28257.0,18022.0,12227.0,,23834.0,,,,,,,0.6953920430750086,0.6536155970211338,0.6601717266605853,0.6300346524192353,0,0,0.9399238940538631
Aghdam district,district,2004,,,13533.0,12937.0,3281.0,,20258.0,,,,,,,0.7740006716464227,0.7739117600486677,0.6992931307344221,0.7331606954016693,0,0,0.9998851272343654
Aghjabadi district,district,2004,,,38754.0,32651.0,19409.0,,47589.0,,,,,,,0.9051735685068347,0.7203416883751232,0.6921554396567475,0.6942245214889559,0,0,0.7958050405331561
Aghstafa district,district,2004,,,10232.0,8181.0,857.0,,10408.0,,,,,,,0.6539541989494986,0.6434405187676715,0.6097237328553725,0.5996354593187683,0,0,0.9839229105054818
Aghsu district,district,2004,,,17627.0,13059.0,2.0,,21948.0,,,,,,,1.0000000000000002,0.9999999999999999,0.5549890991676456,0.4441093210074343,0,0,0.9999999999999997
Astara district,district,2004,,,18396.0,18003.0,12.0,,15215.0,,,,,,,0.4951168843875857,0.49403128196655677,0.35740944189790236,0.33931776299145944,0,0,0.9978073815390648
Babak district,district,2004,,,7687.0,7058.0,1317.0,,10352.0,,,,,,,0.7335480254211287,0.7248882609596058,0.685850523084399,0.6788617307018507,0,0,0.9881946864262209
Balakan district,district,2004,,,16741.0,13132.0,972.0,,13900.0,,,,,,,0.5545181553365163,0.550798093643694,0.5144655005247762,0.5155738828066327,0,0,0.9932913617759465
Barda district,district,2004,,,32186.0,24987.0,14820.0,,33800.0,,,,,,,0.7873629231651261,0.6685456092880353,0.7261587424555237,0.6443011348224029,0,0,0.8490946037953423
Beylagan district,district,2004,,,22506.0,19888.0,19800.0,,22150.0,,,,,,,0.569470382210473,0.5504413821469091,0.5380875455382926,0.5307381618773568,0,0,0.9665847414404585
Bilasuvar district,district,2004,,,17864.0,14616.0,3610.0,,14501.0,,,,,,,0.4928038703140095,0.49034062425853525,0.46301881416888857,0.4640991479326392,0,0,0.9950015691761822
Fuzuli district,district,2004,,,8819.0,7985.0,3311.0,,7745.0,,,,,,,0.4890054981427363,0.47937453392168267,0.4618905522414575,0.4603553710944205,0,0,0.9803049980876852
Gabala district,district,2004,,,24561.0,22332.0,1048.0,,24161.0,,,,,,,0.6346514540992809,0.5776827046581688,0.573242916158178,0.5367416055902556,0,0,0.9102361633725963
Gakh district,district,2004,,,12521.0,10241.0,446.0,,13580.0,,,,,,,0.7244057289315655,0.7103553220172565,0.671565258335373,0.6585381136045022,0,0,0.9806042299872032
Gazakh district,district,2004,,,13125.0,11074.0,1504.0,,16000.0,,,,,,,0.7165067883383855,0.7140751518522577,0.6475802979213893,0.6599619292958612,0,0,0.996606261760943
Gobustan district,district,2004,,,10995.0,10884.0,1188.0,,12582.0,,,,,,,0.5877814688660171,0.5823300081392232,0.5468110807686624,0.541967160569353,0,0,0.9907253613535806
Goranboy district,district,2004,,,17026.0,15388.0,2403.0,,14620.0,,,,,,,0.47185561682210886,0.4695627662227301,0.43485218172256956,0.43659026629497044,0,0,0.9951407792603575
Goychay district,district,2004,,,22494.0,17977.0,1843.0,,22500.0,,,,,,,0.6681594085808555,0.6343075314054923,0.5974620229348067,0.5913955609132907,0,0,0.9493356274855678
Goygol district,district,2004,,,9143.0,8963.0,1052.0,,10546.0,,,,,,,0.5996610064307815,0.5883127684378622,0.5594349899024085,0.5459798410786495,0,0,0.9810755779161552
Guba district,district,2004,,,26430.0,25850.0,334.0,,34109.0,,,,,,,0.9189129213348866,0.7284232973137613,0.7484611402597525,0.652634307612022,0,0,0.7927011149822502
Gusar district,district,2004,,,17767.0,17649.0,109.0,,22258.0,,,,,,,0.7497004965944982,0.7009227180094687,0.6026225208347964,0.610520832104406,0,0,0.9349369797584479
Hajigabul district,district,2004,,,12816.0,11456.0,1000.0,,12194.0,,,,,,,0.5494544621054891,0.5470673578474183,0.5112517825461599,0.5113154556379542,0,0,0.9956555011876262
Imishli district,district,2004,,,32080.0,26504.0,12699.0,,27054.0,,,,,,,0.5599063446916226,0.5044853049021567,0.5303534026754633,0.4854558248814984,0,0,0.9010173034920869
Ismayilli district,district,2004,,,24719.0,23239.0,1434.0,,23014.0,,,,,,,0.5592754187222445,0.5213560978577216,0.506992587296602,0.4871776914859296,0,0,0.9321991999019809
Jalilabad district,district,2004,,,48746.0,45038.0,48.0,,48974.0,,,,,,,1.0000000000000027,0.6270884654019859,0.5576171666495169,0.4684631117710961,1,0,0.6270884654019843
Julfa district,district,2004,,,5737.0,5550.0,1377.0,,7533.0,,,,,,,0.6849037359831975,0.6708160449181578,0.6372259793148627,0.6350198078873359,0,0,0.9794311370709397
Kalbajar district,district,2004,,,6627.0,6334.0,38.0,,4539.0,,,,,,,0.489914907637357,0.39834849730845145,0.36447222125687606,0.34611543086935864,0,0,0.813097317714846
Kangarli district,district,2004,,,4874.0,4874.0,2494.0,,6960.0,,,,,,,0.7225053910575082,0.7057520887876846,0.6790299177009604,0.6795201657349433,0,0,0.9768122114005234
Khachmaz district,district,2004,,,25536.0,23410.0,2737.0,,33048.0,,,,,,,0.8571404488820253,0.7061488819789705,0.7533407429078143,0.6554571527034032,0,0,0.8238426770081914
Khojaly district,district,2004,,,2014.0,1936.0,10.0,,1323.0,,,,,,,1.0000000000000013,0.3801886682727146,0.5131589046371683,0.32503898776836826,0,0,0.3801886682727141
Khojavand district,district,2004,,,1826.0,1793.0,234.0,,1853.0,,,,,,,0.7886451885160277,0.5107678901692991,0.5992769434361112,0.47117781498886224,0,0,0.6476523252876204
Kurdamir district,district,2004,,,28388.0,21239.0,10123.0,,22730.0,,,,,,,0.5528153877267756,0.5289246754335726,0.5209609301641204,0.5089447542149861,0,0,0.9567835613414386
Lachin district,district,2004,,,11118.0,8800.0,437.0,,12007.0,,,,,,,0.7335758708223461,0.7266283142268523,0.6770407402427273,0.6760532561643955,0,0,0.9905291914962994
Lankaran district,district,2004,,,18149.0,17674.0,1.0,,21262.0,,,,,,,1.0000000000004414,1.0000000000000115,0.5180693931458338,0.3529183134186533,0,0,0.9999999999995701
Lerik district,district,2004,,,16186.0,15787.0,475.0,,13691.0,,,,,,,0.48338758364354445,0.47070020323428274,0.4417975311036757,0.431098147941528,0,0,0.9737531934237319
Masalli district,district,2004,,,29229.0,27622.0,270.0,,38257.0,,,,,,,1.0000000000000002,0.7669988916874312,0.7374888588360258,0.6806904947932088,0,0,0.766998891687431
Neftchala district,district,2004,,,17774.0,15630.0,6059.0,,18545.0,,,,,,,0.5871402664706261,0.5864031804032411,0.5464236641631878,0.5623796424713877,0,0,0.9987446167304864
Oghuz district,district,2004,,,12562.0,10495.0,757.0,,15464.0,,,,,,,0.7781023126832366,0.7681018035884427,0.7174594668247343,0.7189348006128629,0,0,0.9871475653885313
Ordubad district,district,2004,,,3368.0,3327.0,425.0,,4351.0,,,,,,,0.7057890594749033,0.6478342378206127,0.6050747277548396,0.5983619102858685,0,0,0.9178864833957497
Saatli district,district,2004,,,26124.0,22516.0,7635.0,,30650.0,,,,,,,0.7735208706064456,0.6727716715305359,0.7142642098877566,0.6429180813128578,0,0,0.8697524489585889
Sabirabad district,district,2004,,,43179.0,35132.0,6792.0,,55372.0,,,,,,,0.999999999999998,0.7789611417667904,0.521581374375848,0.7305137072898991,0,0,0.778961141766792
Sadarak district,district,2004,,,1090.0,817.0,290.0,,1420.0,,,,,,,1.0000000000000009,0.8590031279749757,0.6190640393983122,0.8219264471172164,0,0,0.8590031279749749
Salyan district,district,2004,,,27377.0,24930.0,12900.0,,32348.0,,,,,,,0.7474270575869232,0.6412887383578562,0.6961265965063379,0.617507969263546,0,0,0.8579950803871942
Samukh district,district,2004,,,8415.0,7279.0,2843.0,,10837.0,,,,,,,0.74380368098691,0.7358102128209418,0.7090391407536163,0.705791289470046,0,0,0.9892532554351411
Shabran district,district,2004,,,10796.0,9387.0,59.0,,10755.0,,,,,,,0.6521168130325709,0.6367076669117409,0.5366237625851235,0.5552385466938724,0,0,0.9763705737793018
Shahbuz district,district,2004,,,9214.0,9214.0,616.0,,11227.0,,,,,,,0.6395063335724057,0.6383455402074116,0.5893054528719583,0.5971370579079333,0,0,0.9981848602522673
Shaki district,district,2004,,,28450.0,21783.0,1626.0,,34207.0,,,,,,,1.0000000000000009,0.8166760472055322,0.8632469332973296,0.764435069905012,0,0,0.8166760472055314
Shamkir district,district,2004,,,25765.0,24857.0,5793.0,,32885.0,,,,,,,0.7651028871976238,0.6538491918688835,0.6817279945998229,0.6174797147603941,0,0,0.8545898895555941
Sharur district,district,2004,,,16518.0,16383.0,3299.0,,20212.0,,,,,,,0.6098266876849833,0.609739479557085,0.5432570647440088,0.5726739584137194,0,0,0.9998569952255953
Shusha district,district,2004,,,739.0,739.0,352.0,,881.0,,,,,,,1.0000000000000004,0.5891961867430718,0.6406166729004776,0.5669355083384744,0,0,0.5891961867430716
Siyazan district,district,2004,,,4860.0,4381.0,9.0,,7850.0,,,,,,,1.0,1.0,0.6426514967758008,0.7691951273989708,0,0,1.0
Tartar district,district,2004,,,9544.0,9093.0,2891.0,,10350.0,,,,,,,0.5692736844585026,0.5625506309605132,0.5408702555681864,0.5365759589805525,0,0,0.988190120707258
Tovuz district,district,2004,,,15632.0,14992.0,205.0,,22320.0,,,,,,,0.8780280935756164,0.8212665650663027,0.7583555131844383,0.7370796235624583,0,0,0.9353534027844573
Ujar district,district,2004,,,26064.0,17035.0,7131.0,,22561.0,,,,,,,0.6821334443961966,0.6545527699346787,0.6400040522183583,0.6286877256089882,0,0,0.9595670397220716
Yevlakh district,district,2004,,,36474.0,22678.0,5990.0,,26553.0,,,,,,,0.6385372997305511,0.5786784398811367,0.5898428900855202,0.5489345965179112,0,0,0.9062562831103624
Zagatala district,district,2004,,,27563.0,22562.0,5928.0,,33698.0,,,,,,,0.8687503649318755,0.7381676160935915,0.7754926413910417,0.7001114283546258,0,0,0.8496889853410031
Zardab district,district,2004,,,21857.0,17655.0,10264.0,,20503.0,,,,,,,0.5746480969754587,0.5739554012770414,0.5322784894502813,0.5530779034375922,0,0,0.9987945741018491
Absheron district,district,2005,18.8,12.66,10120.0,10120.0,1128.0,47.9,25201.0,6.6,16.5,31.57,26.0,18.8,6.6,0.9999999999999993,1.0000000000000002,0.7115550760190357,0.8623047161990167,0,0,1.0000000000000009
Agdash district,district,2005,19.2,15.06,29979.0,19123.0,11802.0,47.6,26912.0,46.0,56.9,27.73,26.67,19.2,46.0,0.599511355579407,0.5651356276523001,0.5346255253599382,0.5419948726516532,0,0,0.9426604223469895
Aghdam district,district,2005,,,13991.0,13499.0,3795.0,,21941.0,,,,,,,0.655656850042069,0.6527059297827288,0.5845948096341056,0.6129835167091101,0,0,0.9954992916505778
Aghjabadi district,district,2005,,,39179.0,32948.0,19399.0,,47750.0,,,,,,,0.8449183463304697,0.5819786553598442,0.5491400615469431,0.5579925041851951,0,0,0.6887986962141511
Aghstafa district,district,2005,8.59,,10421.0,8326.0,900.0,49.8,10512.0,23.1,,10.58,,8.59,23.1,0.5700484921461236,0.512127305714809,0.5159063704827537,0.4439000144988624,0,0,0.898392527601902
Aghsu district,district,2005,11.74,12.44,17731.0,13271.0,1520.0,51.5,22724.0,70.4,,20.0,,11.74,70.4,0.6903872169747383,0.6876126686673113,0.5476510327283463,0.5961251580610919,0,0,0.9959811707992147
Babak district,district,2005,,,7916.0,7278.0,1365.0,,10594.0,,,,,,,0.609059133417129,0.5845351818752877,0.5459568936909387,0.5340643711707601,0,0,0.9597346953747339
Balakan district,district,2005,26.23,,16976.0,13458.0,935.0,46.4,13964.0,1.4,,30.27,,26.23,1.4,0.47866081087931933,0.4760475008534642,0.4180577161030937,0.42188102987573173,0,0,0.9945403718740743
Barda district,district,2005,,,32248.0,25079.0,15380.0,,38000.0,,,,,,,0.8045414106731561,0.6084657249568882,0.6793451578635775,0.5835404368980174,0,0,0.7562888831884834
Beylagan district,district,2005,9.71,6.27,22638.0,20070.0,19538.0,47.6,22725.0,3.0,91.6,10.0,12.02,9.71,3.0,0.45620149206527866,0.45469403573742456,0.4185863479894908,0.43663785311734293,0,0,0.9966956348147182
Bilasuvar district,district,2005,,15.21,18121.0,15109.0,3846.0,,14535.0,,7.5,,17.2,15.21,7.5,0.3949413862221838,0.38631542841644884,0.36753370135663854,0.3605815226360331,0,0,0.9781588911502878
Fuzuli district,district,2005,,,8630.0,7731.0,3411.0,,7750.0,,,,,,,0.4301403063138284,0.4025582832972583,0.391764870579077,0.38475124740356215,0,0,0.9358766834641942
Gabala district,district,2005,9.77,8.46,24934.0,22753.0,1000.0,50.0,24503.0,0.1,1.6,25.25,20.42,9.77,0.1,0.5809916059870553,0.5409490112818436,0.47592591038529397,0.46658137225367224,0,0,0.9310788756798254
Gakh district,district,2005,20.22,22.54,12567.0,10282.0,482.0,47.6,9215.0,9.2,,22.07,,20.22,9.2,0.46269552463211905,0.4453424259546736,0.37907961339535523,0.3869679155689987,0,0,0.9624956418343519
Gazakh district,district,2005,18.0,9.34,13426.0,11406.0,1649.0,47.3,16500.0,33.3,63.6,24.0,19.63,18.0,33.3,0.5902372859044236,0.5809159690126104,0.5175394463309244,0.5180596089361392,0,0,0.9842075092265138
Gobustan district,district,2005,,9.0,11011.0,10900.0,1212.0,,12760.0,,17.6,,20.0,9.0,17.6,0.5090322446263895,0.4704734554056231,0.4611364353312547,0.40589457661902795,0,0,0.9242507923067483
Goranboy district,district,2005,23.35,,16907.0,15442.0,3058.0,50.0,14645.0,42.9,,32.79,,23.35,42.9,0.38919817036291776,0.3808452699279788,0.3558756763866925,0.34971033588667066,0,0,0.978538181648824
Goychay district,district,2005,12.37,,22759.0,18185.0,2137.0,49.8,22235.0,88.3,,30.13,,12.37,88.3,0.4929987003769576,0.4910057370252654,0.39661274252194156,0.4275050587825352,0,0,0.9959574673317225
Goygol district,district,2005,16.12,,9314.0,9139.0,997.0,51.0,14471.0,18.8,,22.07,,16.12,18.8,0.6783701489169782,0.6403693013535832,0.6063770625447288,0.5543478699666086,0,0,0.9439821347916567
Guba district,district,2005,25.53,,26439.0,25922.0,178.0,49.7,34450.0,-22.4,,19.82,,25.53,-22.4,0.9999999999999994,0.9784850541697172,0.4168589404599663,0.7133588187368944,0,0,0.9784850541697178
Gusar district,district,2005,21.69,,17564.0,17442.0,113.0,47.2,22258.0,-21.7,,16.28,,21.69,-21.7,1.0000000000000007,0.9958471093816349,0.6004674964223895,0.7343155383506035,0,0,0.9958471093816342
Hajigabul district,district,2005,,10.0,13197.0,11858.0,1050.0,,12480.0,,96.0,,26.0,10.0,96.0,0.4773431192125675,0.4535066526878068,0.43174445211739987,0.39982660528849756,0,0,0.9500642921928325
Imishli district,district,2005,17.57,17.38,33885.0,28575.0,11019.0,46.4,28438.0,13.6,15.1,20.0,20.0,17.57,13.6,0.4431686268192205,0.39964607217637726,0.39516677398608957,0.3805544389129026,0,0,0.9017923381552974
Ismayilli district,district,2005,20.05,16.48,24735.0,23397.0,1323.0,44.5,23106.0,-6.5,12.4,19.78,18.5,20.05,-6.5,0.49882650616756613,0.47388709493724523,0.41707978654236144,0.4171958273508599,0,0,0.9500038371618864
Julfa district,district,2005,,,6205.0,6018.0,1438.0,,7588.0,,,,,,,0.5420969842557245,0.5063349163915208,0.4744909448581961,0.4707647843419628,0,0,0.9340301294734126
Kalbajar district,district,2005,,28.57,7121.0,6841.0,52.0,,5264.0,,37.0,,39.15,28.57,37.0,0.7499999999999949,0.5117967332123429,0.47018322865529316,0.35232583596010336,0,0,0.6823956442831285
Kangarli district,district,2005,,,5031.0,5031.0,2313.0,,7155.0,,,,,,,0.6149374174951462,0.5711077569614003,0.5537944031104522,0.5463165054431294,0,0,0.9287250063392152
Khachmaz district,district,2005,17.48,11.24,25772.0,24102.0,2978.0,47.9,34270.0,7.0,78.0,18.07,20.0,17.48,7.0,0.7497454568901726,0.5709837656712936,0.589022722696127,0.5003541341912555,0,0,0.761570157476706
Khojavand district,district,2005,,8.26,1688.0,1678.0,254.0,,1858.0,,66.7,,20.0,8.26,66.7,1.0000000000000002,0.44464815162612253,0.6380447887070466,0.3983812758271434,0,0,0.4446481516261224
Kurdamir district,district,2005,12.03,13.0,28773.0,21791.0,10331.0,49.0,23071.0,39.4,38.5,16.45,18.0,12.03,39.4,0.4263539905435865,0.4251596067165673,0.3857966471710137,0.4068879042218006,0,0,0.9971986099496889
Lachin district,district,2005,,15.44,11301.0,9036.0,477.0,47.6,5045.0,2.2,7.4,22.45,18.0,15.44,2.2,0.3404962282927463,0.2715351302480985,0.2452878273661968,0.23818526844180105,0,0,0.7974688342645677
Lerik district,district,2005,25.0,14.0,16254.0,15892.0,519.0,45.8,13745.0,11.7,14.6,28.0,16.04,25.0,11.7,0.4735425639722136,0.4534809647768842,0.3958018674624637,0.3762263181637825,0,0,0.957635066577655
Masalli district,district,2005,21.0,8.71,30607.0,28957.0,315.0,47.9,43524.0,10.9,50.0,14.83,18.46,21.0,10.9,1.0,0.8607936021665837,0.19137659313207478,0.5799675596907765,1,0,0.8607936021665837
Neftchala district,district,2005,23.88,23.99,18431.0,16486.0,5805.0,50.0,18736.0,-33.0,-29.2,16.29,17.0,23.88,-33.0,0.4611693563382486,0.45637760023146745,0.4270519085049356,0.433139654213074,0,0,0.9896095522373204
Oghuz district,district,2005,22.68,22.36,12565.0,10595.0,748.0,45.7,15476.0,39.0,36.3,31.52,31.88,22.68,39.0,0.6708157241841262,0.6676136320534174,0.5808120677524736,0.5917527306284478,0,0,0.9952265696594944
Ordubad district,district,2005,,,3492.0,3455.0,334.0,,4445.0,,,,,,,0.7386693946356592,0.5403821832114694,0.5701195874744948,0.4739529719954092,0,0,0.731561625722976
Saatli district,district,2005,11.0,,27036.0,23956.0,7306.0,50.0,31540.0,50.0,,18.0,,11.0,50.0,0.6303643271663033,0.5287009889147127,0.554565086988056,0.4986197995993895,0,0,0.8387228879073774
Sabirabad district,district,2005,16.02,14.22,44757.0,36441.0,8550.0,50.0,58698.0,4.2,19.4,17.0,17.0,16.02,4.2,1.0000000000000027,0.6468383429138835,0.21322971406319113,0.6006903380588564,0,0,0.6468383429138818
Sadarak district,district,2005,,,1149.0,876.0,405.0,,1459.0,,,,,,,1.0000000000000002,0.6688271955577608,0.43101478574117036,0.6398550157917428,0,0,0.6688271955577607
Salyan district,district,2005,19.3,11.29,28555.0,26382.0,11888.0,47.8,32994.0,71.6,24.0,32.67,14.0,19.3,71.6,0.6157046511363119,0.5022153611143342,0.55224853781036,0.48022607539011675,0,0,0.8156757630261069
Samukh district,district,2005,9.7,14.0,8530.0,7416.0,2960.0,45.5,11094.0,20.8,18.0,18.12,17.71,9.7,20.8,0.6239763315039778,0.6007325696866448,0.5847181139330607,0.5726616306648,0,0,0.962748968760869
Shabran district,district,2005,14.0,,10239.0,9154.0,66.0,48.2,10819.0,-15.0,35.3,11.96,18.93,14.0,-15.0,0.8302767776777643,0.828758809248827,0.522600139224914,0.5911667700300667,0,0,0.9981717320419549
Shahbuz district,district,2005,,,9653.0,9653.0,495.0,,11672.0,,,,,,,0.5928797379462654,0.5912742867557713,0.4999317255732546,0.5176768302990222,0,0,0.9972921132436482
Shaki district,district,2005,28.48,12.8,30668.0,24116.0,1857.0,46.7,35733.0,19.9,43.1,34.38,18.32,28.48,19.9,0.8349945764716187,0.6628710735774084,0.5951380802646806,0.5868277793795524,0,0,0.7938627294783863
Shamkir district,district,2005,16.0,,26303.0,25389.0,5093.0,47.9,33425.0,20.0,,19.2,,16.0,20.0,0.6531248878652163,0.5286747377115014,0.537185760989602,0.48596016932564956,0,0,0.8094542828393988
Sharur district,district,2005,,,17215.0,17073.0,3417.0,,21265.0,,,,,,,0.5029877426107373,0.5001707434297012,0.43608230014268456,0.4596913192447172,0,0,0.9943994675368936
Shusha district,district,2005,,,1100.0,1055.0,362.0,,881.0,,,,,,,1.0,0.335340638517504,0.5976976119663981,0.31792370052050084,0,0,0.335340638517504
Siyazan district,district,2005,28.65,12.56,4974.0,4458.0,39.0,47.0,7714.0,3.4,48.9,30.0,22.34,28.65,3.4,1.0000000000000004,1.0,0.42580044046921706,0.5928281530054442,0,0,0.9999999999999996
Tartar district,district,2005,20.71,,9873.0,9537.0,4038.0,46.8,10430.0,-8.2,,30.0,,20.71,-8.2,0.458097788795523,0.4391726276217868,0.42853231864398994,0.4193462021971187,0,0,0.9586875081333701
Tovuz district,district,2005,16.03,,15986.0,15340.0,205.0,47.0,22830.0,87.2,,30.0,,16.03,87.2,0.948039073393675,0.8434415499842207,0.6931126137544596,0.6057505419700766,0,0,0.8896696071449579
Ujar district,district,2005,10.96,,26353.0,16938.0,7837.0,32.5,23447.0,,,,,10.96,,0.5571541053374585,0.555888760400153,0.49988574955433374,0.5318153483032306,0,0,0.9977289139123563
Yevlakh district,district,2005,30.94,12.29,36504.0,22696.0,8807.0,51.1,26612.0,61.6,81.4,50.0,31.71,30.94,61.6,0.49474462877577696,0.4708590587649914,0.43439397221072673,0.448460040942083,0,0,0.9517214162185261
Zagatala district,district,2005,16.0,18.0,27613.0,22667.0,6546.0,49.8,36862.0,37.5,,22.0,,16.0,37.5,0.850703033546677,0.653051736067429,0.6974227956351113,0.614251698407476,0,0,0.7676612287895372
Zardab district,district,2005,20.0,10.88,21963.0,18205.0,10939.0,50.0,20810.0,,47.2,,20.0,20.0,47.2,0.4619804711506516,0.4590332398213229,0.42871825108678213,0.44018639838156365,0,0,0.993620441742942
Absheron district,district,2006,,,10132.0,10132.0,1003.0,,29714.0,,,,,,,0.9999999999999998,1.0000000000000069,0.44198198996339455,0.7966138081689367,0,0,1.000000000000007
Agdash district,district,2006,,,31295.0,19929.0,12424.0,,28235.0,,,,,,,0.48350949996196274,0.48309923192952703,0.387416060678639,0.45890276504372085,0,0,0.9991514788593233
Aghdam district,district,2006,,,14240.0,13810.0,4943.0,,22930.0,,,,,,,0.5688825225888338,0.5661668514763046,0.5026886484315158,0.531961017798956,0,0,0.9952263059512343
Aghjabadi district,district,2006,,,39784.0,33536.0,20360.0,,47847.0,,,,,,,0.7604189966991913,0.4864940285365641,0.3855054907538209,0.46203692659841267,0,0,0.6397710086785388
Aghstafa district,district,2006,,,10559.0,8401.0,1197.0,,10852.0,,,,,,,0.4528784787838209,0.44046647876044054,0.39898078449998564,0.3842406419846758,0,0,0.9725930893057403
Aghsu district,district,2006,,,17877.0,13453.0,1975.0,,23261.0,,,,,,,0.5922324773123627,0.5895807581022791,0.4649422500590765,0.5169166662058879,0,0,0.9955225028824533
Babak district,district,2006,,,8408.0,7830.0,1322.0,,11128.0,,,,,,,0.4977289795458916,0.484606703102591,0.44645238816484456,0.4337926696355403,0,0,0.9736356993814729
Balakan district,district,2006,,,17294.0,13769.0,1183.0,,14040.0,,,,,,,0.3750410169754196,0.36930785108922703,0.3084710119355809,0.30221953416888686,0,0,0.9847132296823728
Barda district,district,2006,,,33004.0,26409.0,19035.0,,40100.0,,,,,,,0.7169944054489457,0.5177575948251876,0.5171328202750741,0.4920567927688132,0,0,0.7221222242326897
Beylagan district,district,2006,,,23708.0,21220.0,20848.0,,23236.0,,,,,,,0.37506678235097646,0.37337913937568645,0.3385511731158809,0.3550306233625836,0,0,0.9955004200459673
Bilasuvar district,district,2006,,,18382.0,15507.0,4175.0,,14577.0,,,,,,,0.325930552252679,0.32053424044506323,0.30016986679603286,0.29716228334871164,0,0,0.9834433692382657
Fuzuli district,district,2006,,,9876.0,8978.0,3711.0,,7850.0,,,,,,,0.3116054458840903,0.2981426571842799,0.2914303074006857,0.28172296984678163,0,0,0.9567953998313039
Gabala district,district,2006,,,25222.0,23189.0,943.0,,24873.0,,,,,,,0.5424778870934919,0.49495614752483597,0.4100200899986619,0.4078783546188419,0,0,0.9123987526509705
Gakh district,district,2006,,,13265.0,10978.0,643.0,,9498.0,,,,,,,0.36800325752696716,0.3601742880893561,0.3067321298742145,0.30435184652536307,0,0,0.9787258148467955
Gazakh district,district,2006,,,14206.0,12069.0,2276.0,,16830.0,,,,,,,0.4813975526445071,0.47549602506869687,0.4263758770001621,0.431194384639491,0,0,0.9877408442494341
Gobustan district,district,2006,,,11026.0,10915.0,1181.0,,12920.0,,,,,,,0.4121259514851907,0.40362014651143374,0.34546460622076536,0.33157469725871364,0,0,0.9793611517471678
Goranboy district,district,2006,,,17836.0,16507.0,5325.0,,14667.0,,,,,,,0.3080145452623496,0.30297528508476645,0.28623158522183323,0.28330338235175057,0,0,0.9836395382780024
Goychay district,district,2006,,,22978.0,18397.0,2260.0,,22550.0,,,,,,,0.42011167151498036,0.4179589216000424,0.3190778437038059,0.3546942434288472,0,0,0.9948757674187559
Goygol district,district,2006,,,9564.0,9410.0,948.0,,15538.0,,,,,,,0.5713685577214229,0.5630403970920663,0.4588221186420087,0.45178507520393985,0,0,0.9854241880887379
Guba district,district,2006,,,26443.0,25955.0,134.0,,34502.0,,,,,,,1.0000000000000002,0.9085926141865717,0.43964469328984634,0.5180051024904897,0,0,0.9085926141865714
Gusar district,district,2006,,,17989.0,17869.0,286.0,,22259.0,,,,,,,0.792482362019861,0.6757431668370949,0.5857338752758947,0.4791775704379111,0,0,0.8526917433402253
Hajigabul district,district,2006,,,13308.0,12050.0,1250.0,,12484.0,,,,,,,0.3611697940073538,0.3532651331350569,0.29889217007428076,0.2863931938138712,0,0,0.9781137265534008
Imishli district,district,2006,,,34738.0,29359.0,10346.0,,30696.0,,,,,,,0.3734574317181812,0.3565123585633347,0.28386292809961444,0.3347452129773826,0,0,0.9546264936357363
Ismayilli district,district,2006,,,23503.0,22486.0,1460.0,,23148.0,,,,,,,0.42784520077580857,0.4141657605277813,0.3151213601368895,0.34811686134611625,0,0,0.9680271270468328
Jabrayil district,district,2006,,,3254.0,3132.0,165.0,,3616.0,,,,,,,0.5508298186272823,0.4966116423549939,0.41477448646530435,0.41932822818601156,0,0,0.9015700050382076
Jalilabad district,district,2006,,,49247.0,45495.0,10.0,,49031.0,,,,,,,0.9999999999999997,1.0,0.0,0.0,16,31,1.0000000000000004
Julfa district,district,2006,,,6732.0,6552.0,1453.0,,7944.0,,,,,,,0.4317958701676111,0.41342754528457376,0.3926080430850829,0.37900469479098486,0,0,0.9574606286162318
Kalbajar district,district,2006,,,8583.0,8217.0,70.0,,5778.0,,,,,,,0.46439788749868466,0.4114720829618068,0.2490089317862766,0.2526311091291332,0,0,0.8860334942048423
Kangarli district,district,2006,,,5404.0,5404.0,2319.0,,7486.0,,,,,,,0.49509396194779387,0.47235503011766783,0.46244107446586646,0.4467875534646703,0,0,0.9540714822280063
Khachmaz district,district,2006,,,25840.0,24155.0,3615.0,,35161.0,,,,,,,0.6340540834885499,0.49635024256013704,0.4267256741627421,0.4365011907229749,0,0,0.7828200393083667
Khojavand district,district,2006,,,1692.0,1690.0,309.0,,1859.0,,,,,,,0.46619988445570365,0.37508245271594215,0.3522281845887244,0.3390384810395074,0,0,0.804552865030967
Kurdamir district,district,2006,,,29009.0,22327.0,10496.0,,23450.0,,,,,,,0.3596857916198661,0.35813481093780347,0.3209419593141737,0.33934670841194703,0,0,0.9956879567717211
Lachin district,district,2006,,,12391.0,10010.0,522.0,,9047.0,,,,,,,0.3981968943040883,0.3899351781176609,0.3290758350123038,0.3290369984711926,0,0,0.9792521832676118
Lankaran district,district,2006,,,18945.0,18515.0,43.0,,23235.0,,,,,,,0.9999999999999999,1.0,0.4328254914899574,0.31752521495016417,0,0,1.0000000000000002
Lerik district,district,2006,,,16391.0,16104.0,868.0,,13748.0,,,,,,,0.3654835319869852,0.3647040091654091,0.2942056829355673,0.3081607995100282,0,0,0.997867146524118
Masalli district,district,2006,,,32140.0,30532.0,365.0,,43839.0,,,,,,,0.9999999999999994,0.8020322300499333,0.282837625962824,0.5311632194011899,0,0,0.8020322300499337
Neftchala district,district,2006,,,18141.0,16371.0,6647.0,,17950.0,,,,,,,0.3778448228270549,0.37387231447247854,0.34874440058223166,0.35307214740606,0,0,0.9894864025796256
Oghuz district,district,2006,,,12806.0,10992.0,1222.0,,15477.0,,,,,,,0.48727395582402494,0.48011372904952937,0.4052990962349402,0.39735735533187533,0,0,0.9853055418026868
Ordubad district,district,2006,,,4295.0,4256.0,254.0,,4626.0,,,,,,,0.4862278127839396,0.44976385771634914,0.3900251168829859,0.3798904649122957,0,0,0.9250064391446204
Saatli district,district,2006,,,28379.0,25450.0,9983.0,,32171.0,,,,,,,0.47994251596755133,0.4310333126031542,0.37909564571545595,0.4065088199580498,0,0,0.8980936221793198
Sabirabad district,district,2006,,,46314.0,37850.0,10689.0,,62416.0,,,,,,,0.9999999999999991,0.562294856940588,0.0,0.5225980149967465,14,0,0.5622948569405885
Sadarak district,district,2006,,,1350.0,1041.0,491.0,,1522.0,,,,,,,0.6482509024089542,0.49853767621484174,0.5128703598720983,0.4724091480733833,0,0,0.769050493199831
Salyan district,district,2006,,,29420.0,27461.0,13428.0,,36440.0,,,,,,,0.5765599700897178,0.45247655607360177,0.4577587255645743,0.4289553648252764,0,0,0.7847866302670864
Samukh district,district,2006,,,8776.0,7720.0,3633.0,,11113.0,,,,,,,0.5041691803584744,0.49084918712113257,0.4756072520041631,0.4651077988213064,0,0,0.9735803104270059
Shabran district,district,2006,,,10323.0,9290.0,67.0,,10820.0,,,,,,,0.743861062616996,0.7219869597406677,0.4482292867867499,0.44443672033628034,0,0,0.9705938326716921
Shahbuz district,district,2006,,,9874.0,9874.0,408.0,,12149.0,,,,,,,0.5656523248761041,0.5655213015119764,0.4450792867082862,0.46699992516919775,0,0,0.9997683676732765
Shaki district,district,2006,,,31551.0,25376.0,2419.0,,38763.0,,,,,,,0.8187951243671168,0.5295599387216579,0.500481693700692,0.42548927260714575,0,0,0.6467551197632965
Shamkir district,district,2006,,,26715.0,25765.0,5148.0,,35023.0,,,,,,,0.5678972817153815,0.46350802679702735,0.4017177067993575,0.4220599414358448,0,0,0.8161828586271137
Sharur district,district,2006,,,18660.0,18518.0,3490.0,,22337.0,,,,,,,0.4135080639747298,0.4113057931994783,0.3438602386361956,0.3729643382929175,0,0,0.9946741769578016
Shusha district,district,2006,,,1122.0,1065.0,451.0,,881.0,,,,,,,0.43173896827496266,0.2820722499725119,0.28582980771610567,0.266716720711577,0,0,0.6533397971916861
Siyazan district,district,2006,,,5024.0,4495.0,41.0,,7880.0,,,,,,,1.0000000000000002,1.0000000000000002,0.531904279082738,0.6056883521411682,0,0,1.0
Tartar district,district,2006,,,10249.0,9925.0,4032.0,,10670.0,,,,,,,0.37718681499970214,0.3665793240648791,0.3547360900558374,0.3461917557160349,0,0,0.971877354899504
Tovuz district,district,2006,,,16185.0,15527.0,1905.0,,23424.0,,,,,,,0.5166473122863001,0.5144078275623987,0.38353462560288576,0.43641546600680514,0,0,0.9956653510612663
Ujar district,district,2006,,,26391.0,16960.0,7063.0,,25479.0,,,,,,,0.5136405985998735,0.5122601743539933,0.4384298015888066,0.48415493375695107,0,0,0.997312470529699
Yevlakh district,district,2006,,,36629.0,22835.0,9885.0,,26716.0,,,,,,,0.39966294794008234,0.39893715017848247,0.331710903336649,0.3774187701622792,0,0,0.9981839753588849
Zagatala district,district,2006,,,27641.0,22797.0,6565.0,,37305.0,,,,,,,0.7266781438953522,0.5579861344820864,0.5282994202226982,0.5191063297033089,0,0,0.7678586994388001
Zangilan district,district,2006,,,176.0,175.0,22.0,,32.0,,,,,,,0.9999999999999998,0.06235136876316209,0.0,0.05315889836842741,14,0,0.06235136876316211
Zardab district,district,2006,,,21973.0,18294.0,12027.0,,21069.0,,,,,,,0.3953200138810434,0.39270760389760717,0.361535269365135,0.3731285600178744,0,0,0.9933916576654216
Absheron district,district,2007,,,10324.0,10324.0,731.0,,30241.0,,,,,,,1.0,1.000000000000005,0.33737091774220196,0.7696359056315276,0,0,1.000000000000005
Agdash district,district,2007,,,32821.0,20800.0,8916.0,,29335.0,,,,,,,0.4815778091428028,0.48147595724601516,0.37805068680431453,0.45752119277985637,0,0,0.9997885037581592
Aghdam district,district,2007,,,14292.0,13865.0,6369.0,,23189.0,,,,,,,0.5721602403468794,0.5709709259168709,0.5176659981927035,0.5434115065974249,0,0,0.9979213612793377
Aghjabadi district,district,2007,,,39878.0,33450.0,25057.0,,48014.0,,,,,,,0.7506917962740679,0.49003106632819865,0.39175314001828143,0.4686842577607543,0,0,0.6527726408632479
Aghstafa district,district,2007,,,10700.0,8495.0,3992.0,,10902.0,,,,,,,0.44344480275616127,0.43812157695131854,0.4198507936850074,0.4171282883029071,0,0,0.9879957420365352
Aghsu district,district,2007,,,17967.0,13647.0,617.0,,23302.0,,,,,,,0.7327428696787189,0.7206089744407643,0.542227500427633,0.5984553974556971,0,0,0.9834404458370576
Astara district,district,2007,,,21882.0,21411.0,308.0,,17918.0,,,,,,,0.5235539605035927,0.5012969665324192,0.3963082373499561,0.38203849318477967,0,0,0.957488634123281
Babak district,district,2007,,,8453.0,7916.0,1253.0,,11573.0,,,,,,,0.5046194833868616,0.499105108784265,0.4585338849346493,0.451537706431531,0,0,0.9890722122626228
Balakan district,district,2007,,,17331.0,13946.0,1327.0,,14086.0,,,,,,,0.34752665828093615,0.3448179542123061,0.2890682533837353,0.28842140634800195,0,0,0.9922057660784102
Barda district,district,2007,,,35154.0,29353.0,25379.0,,42200.0,,,,,,,0.6906808383496336,0.4908081933828525,0.5041380265838991,0.4696576312410363,0,0,0.7106150426232002
Beylagan district,district,2007,,,24490.0,22158.0,25192.0,,23450.0,,,,,,,0.3620134685576651,0.36129681801999974,0.32980322438110204,0.3458948630744676,0,0,0.9980203760359507
Bilasuvar district,district,2007,,,18974.0,16064.0,5873.0,,14607.0,,,,,,,0.31270251068620175,0.3104267810213173,0.29178920832490396,0.29360790643849455,0,0,0.9927223812182048
Fuzuli district,district,2007,,,12100.0,11003.0,6500.0,,7920.0,,,,,,,0.25047796314806126,0.24573437699006082,0.2370440999628053,0.23467890834624777,0,0,0.9810618622956606
Gabala district,district,2007,,,25493.0,23759.0,849.0,,25170.0,,,,,,,0.5055280894412864,0.48994844196411597,0.3650969139959449,0.40738146066814074,0,0,0.9691814405518215
Gakh district,district,2007,,,13345.0,11049.0,1773.0,,9625.0,,,,,,,0.30175523125229486,0.29739222645445473,0.2751288263277383,0.26946227891277147,0,0,0.9855412455328992
Gazakh district,district,2007,,,14731.0,12623.0,5145.0,,17170.0,,,,,,,0.46678639806900535,0.4643650875374238,0.4330909671256954,0.4406362268867115,0,0,0.9948128082960471
Gobustan district,district,2007,,,11052.0,10941.0,10.0,,13560.0,,,,,,,0.9999999999999998,1.0000000000000002,0.2774304641868428,0.23303670719089875,0,0,1.0000000000000004
Goranboy district,district,2007,,,19146.0,17976.0,6977.0,,15738.0,,,,,,,0.3007744501108038,0.29888789695609613,0.2801755620100495,0.28322114996998937,0,0,0.9937276814768919
Goychay district,district,2007,,,23022.0,18434.0,2741.0,,23180.0,,,,,,,0.4301806585581781,0.42928498266186954,0.354945916319364,0.3854719266763787,0,0,0.9979179075616497
Goygol district,district,2007,,,9754.0,9602.0,967.0,,20324.0,,,,,,,0.725017319791454,0.7226022878997673,0.5724002277652989,0.6113861294451752,0,0,0.9966690011041649
Guba district,district,2007,,,26476.0,25990.0,207.0,,34610.0,,,,,,,1.0000000000000062,0.9086126139897504,0.5365764194872673,0.6327989962468956,0,0,0.9086126139897447
Gubadli district,district,2007,,,151.0,147.0,8.0,,225.0,,,,,,,1.0,0.5953584390515504,0.0,0.4893248507679463,1,0,0.5953584390515504
Gusar district,district,2007,,,18097.0,18006.0,1558.0,,22260.0,,,,,,,0.4230824144705874,0.4220459740937136,0.31399220946385376,0.3450160487531351,0,0,0.9975502636332196
Hajigabul district,district,2007,,,13731.0,12467.0,1500.0,,12620.0,,,,,,,0.3488855220639687,0.34558051151274144,0.30666494076895223,0.3014422980301373,0,0,0.9905269484050951
Imishli district,district,2007,,,36221.0,30662.0,12256.0,,30971.0,,,,,,,0.35651097943928645,0.344831234222381,0.2749914820677762,0.327031022896648,0,0,0.9672387503036368
Ismayilli district,district,2007,,,23593.0,22544.0,1545.0,,23216.0,,,,,,,0.35806119825171834,0.357636525623864,0.24337396722112797,0.27908993781804664,0,0,0.9988139663556737
Jabrayil district,district,2007,,,3278.0,3153.0,190.0,,3663.0,,,,,,,0.4457292598347508,0.4305044837951149,0.34554692479500104,0.3491259405066721,0,0,0.9658429961603142
Jalilabad district,district,2007,,,49442.0,45642.0,10.0,,49040.0,,,,,,,1.0000000000000002,0.9999999999999934,0.0,0.0,11,19,0.9999999999999932
Julfa district,district,2007,,,6744.0,6578.0,1395.0,,8192.0,,,,,,,0.4329935101806077,0.42515561796464985,0.3988312826426362,0.39357381490290794,0,0,0.9818983609877003
Kalbajar district,district,2007,,,10064.0,9659.0,178.0,,6771.0,,,,,,,0.3946146657714823,0.39298106323015874,0.30253544387857056,0.30705755528066997,0,0,0.9958602589233986
Kangarli district,district,2007,,,5454.0,5454.0,2423.0,,7722.0,,,,,,,0.4930100169531874,0.48335532934953,0.46397825474179144,0.45974152081965347,0,0,0.9804168530624924
Khachmaz district,district,2007,,,26057.0,24440.0,4893.0,,36005.0,,,,,,,0.6186369611706453,0.5029368546220349,0.4326744421975941,0.464166128559784,0,0,0.8129757615360205
Khizi district,district,2007,,,5087.0,4937.0,137.0,,4235.0,,,,,,,0.44075589163949896,0.4315697665576727,0.34444260130321236,0.35231104956007697,0,0,0.9791582477827891
Khojavand district,district,2007,,,1648.0,1642.0,528.0,,1860.0,,,,,,,0.427132062250518,0.3867155531440921,0.3586722552992942,0.36401918556755597,0,0,0.9053770187761716
Kurdamir district,district,2007,,,29805.0,22623.0,12059.0,,23567.0,,,,,,,0.3563260212803084,0.35563619415856346,0.3229096479038931,0.33924125381862963,0,0,0.998064056284
Lachin district,district,2007,,,12657.0,10326.0,1205.0,,10037.0,,,,,,,0.33641130953929654,0.33183611571069205,0.2974561196958679,0.2880338465625788,0,0,0.9863999999439078
Lankaran district,district,2007,,,19060.0,18674.0,50.0,,24235.0,,,,,,,1.0,1.0000000000000002,0.3960646067330189,0.5230926466872627,0,0,1.0000000000000002
Lerik district,district,2007,,,16667.0,16428.0,328.0,,13760.0,,,,,,,0.47667150524374385,0.4608665391341795,0.3787345060133379,0.3639045067839406,0,0,0.9668430650129117
Masalli district,district,2007,,,33490.0,31717.0,453.0,,43942.0,,,,,,,0.9999999999999971,0.8315300611502741,0.3176127430684841,0.6332068313632884,0,0,0.8315300611502765
Neftchala district,district,2007,,,18228.0,16496.0,9493.0,,18855.0,,,,,,,0.39182518030473046,0.3902112053540173,0.3644795224388396,0.3725796957611266,0,0,0.9958808799642281
Oghuz district,district,2007,,,12870.0,11125.0,2291.0,,15488.0,,,,,,,0.47837828214466255,0.4752774048477568,0.4319189039552239,0.4393807153405397,0,0,0.9935179388098392
Ordubad district,district,2007,,,4342.0,4302.0,252.0,,4805.0,,,,,,,0.43010005958290537,0.41961426259066054,0.3400505008963489,0.3419386683537051,0,0,0.9756200987221123
Saatli district,district,2007,,,29372.0,26780.0,14528.0,,35486.0,,,,,,,0.5484575727372752,0.45237471574814075,0.45591309141793834,0.4316218799207701,0,0,0.8248125985213435
Sabirabad district,district,2007,,,49189.0,40171.0,12813.0,,66116.0,,,,,,,1.0000000000002807,0.5618828488075224,0.0,0.5287366362113978,12,0,0.5618828488073647
Sadarak district,district,2007,,,1362.0,1054.0,716.0,,1576.0,,,,,,,0.574060659109577,0.5104667394573716,0.4774818797503666,0.4879370550123122,0,0,0.8892209061132221
Salyan district,district,2007,,,31987.0,30188.0,15586.0,,40192.0,,,,,,,0.6162367371211911,0.45452431826239104,0.4733190716634944,0.43337905476141675,0,0,0.7375806908003325
Samukh district,district,2007,,,9171.0,8089.0,8582.0,,12850.0,,,,,,,0.5473529335885633,0.5423256431248351,0.5198181901566347,0.5191552965384244,0,0,0.9908152671608642
Shabran district,district,2007,,,10655.0,9521.0,771.0,,10821.0,,,,,,,0.3927739046824774,0.3880044259232834,0.3179425452875166,0.31138456822144855,0,0,0.9878569357527718
Shahbuz district,district,2007,,,10098.0,10098.0,360.0,,12565.0,,,,,,,0.5768148235877661,0.5759543354380048,0.46323557804546256,0.4788621538228218,0,0,0.9985082072884168
Shaki district,district,2007,,,33940.0,27922.0,4713.0,,40242.0,,,,,,,0.7195346949727511,0.49202240745864284,0.4444539077488603,0.44791453936229986,0,0,0.6838063694444585
Shamkir district,district,2007,,,27880.0,26930.0,5159.0,,36110.0,,,,,,,0.56468044575498,0.45776542011885957,0.3864895736771512,0.42107678932341414,0,0,0.8106627802682725
Sharur district,district,2007,,,18680.0,18544.0,3681.0,,23127.0,,,,,,,0.42665986179244014,0.4257628158196902,0.3626090900882634,0.3927215739185714,0,0,0.9978975149689935
Shusha district,district,2007,,,1057.0,1013.0,451.0,,898.0,,,,,,,0.37036755783555764,0.302634711418087,0.26445945936080495,0.28786250574323974,0,0,0.817119925910077
Siyazan district,district,2007,,,5088.0,4583.0,78.0,,8034.0,,,,,,,1.0000000000000002,1.0,0.7567340920282914,0.7707932910199624,0,0,0.9999999999999998
Tartar district,district,2007,,,10534.0,10257.0,7550.0,,10740.0,,,,,,,0.3619125566491206,0.3574668501728203,0.34443190758884995,0.3418598087989926,0,0,0.9877160756248354
Tovuz district,district,2007,,,16987.0,16329.0,2110.0,,24852.0,,,,,,,0.5203531170784484,0.5195814093438311,0.39458278807676184,0.4578009866081785,0,0,0.9985169537583437
Ujar district,district,2007,,,26407.0,16938.0,9509.0,,26702.0,,,,,,,0.5386759466073657,0.5381873812241991,0.4606680284967022,0.5137253706851352,0,0,0.9990930254334843
Yevlakh district,district,2007,,,36730.0,22748.0,13980.0,,27291.0,,,,,,,0.4098731804675326,0.40956994286453946,0.34616209349489374,0.39124750856691926,0,0,0.9992601672482028
Zagatala district,district,2007,,,28054.0,23214.0,6942.0,,37753.0,,,,,,,0.7139560009593944,0.5552049578960777,0.5371433538288882,0.5210148633544801,0,0,0.777645901358079
Zangilan district,district,2007,,,209.0,209.0,13.0,,41.0,,,,,,,0.7033492822966506,0.07156899479533738,0.16224276468624343,0.0575843687661825,0,0,0.1017545572260239
Zardab district,district,2007,,,22128.0,18571.0,12858.0,,21346.0,,,,,,,0.39352366405069183,0.39240367204948556,0.3633502764121948,0.37512896011473545,0,0,0.9971539398935307
Absheron district,district,2008,19.34,10.2,10481.0,10481.0,796.0,48.1,30846.0,11.0,9.7,43.6,40.0,19.34,11.0,0.9999999999999997,1.0000000000000002,0.295122933522338,0.7410693449513415,0,0,1.0000000000000007
Agdash district,district,2008,12.07,12.81,33746.0,22492.0,11035.0,47.9,30285.0,113.6,130.0,25.87,30.0,12.07,113.6,0.4575775617343145,0.45751292737407595,0.3637431558864598,0.43587388592957416,0,0,0.9998587466570835
Aghdam district,district,2008,18.07,,14347.0,13901.0,6447.0,48.2,25649.0,22.2,,22.0,,18.07,22.2,0.6279120960906233,0.6269432933882554,0.5550596245439184,0.5959068008493806,0,0,0.9984571045718029
Aghjabadi district,district,2008,15.63,,39992.0,33610.0,29854.0,46.9,48040.0,40.0,,21.88,,15.63,40.0,0.7369094820727625,0.48566672922853044,0.4266590013926732,0.4673224800905865,0,0,0.6590588682105948
Aghstafa district,district,2008,18.75,,11068.0,8833.0,5503.0,50.0,11047.0,,,50.0,,18.75,,0.43076060631074947,0.42495211032873054,0.41187692298390804,0.4074286226749998,0,0,0.9865157215007059
Aghsu district,district,2008,25.4,16.35,18368.0,14015.0,592.0,46.0,23347.0,87.5,100.0,56.6,40.0,25.4,87.5,0.7401242187827316,0.7234713070714179,0.5509691591718621,0.6057667763475839,0,0,0.9774998422039176
Astara district,district,2008,22.15,18.0,22521.0,22049.0,395.0,41.5,18620.0,3.3,0.2,35.34,18.03,22.15,3.3,0.4829174681477906,0.458862988521851,0.3741859268379729,0.37100363856763774,0,0,0.9501892534179814
Babak district,district,2008,,,7341.0,6916.0,1257.0,,11872.0,,,,,,,0.5903835984845297,0.5832742045438754,0.5446067111378623,0.5214867032413274,0,0,0.9879580090657945
Balakan district,district,2008,24.16,,17368.0,13925.0,1769.0,42.0,14107.0,32.1,,46.19,,24.16,32.1,0.34734076500264277,0.34422572969489496,0.3026073943567363,0.2934284146027831,0,0,0.991031760099555
Barda district,district,2008,,,36008.0,30416.0,27564.0,,44100.0,,,,,,,0.7066601166930602,0.49265212076773074,0.5241847517647817,0.4740714947731729,0,0,0.6971556893194746
Beylagan district,district,2008,46.93,6.59,25307.0,23526.0,27501.0,48.2,26733.0,-56.8,200.0,20.0,20.0,46.93,-56.8,0.3865563063239955,0.38610326346960844,0.3406516824533347,0.37168657568576274,0,0,0.9988280029403858
Bilasuvar district,district,2008,,37.53,19166.0,16557.0,7267.0,,14623.0,,43.2,,53.0,37.53,43.2,0.30263404798038773,0.3000949574400726,0.2857943752587727,0.28458157289016073,0,0,0.991610030142809
Dashkasan district,district,2008,18.05,20.0,13002.0,12777.0,75.0,47.4,19025.0,67.5,24.3,50.38,31.08,18.05,67.5,1.0,1.0,0.5646655705986101,0.6272800068426219,0,0,1.0
Fuzuli district,district,2008,21.25,,13702.0,12729.0,6500.0,50.0,6420.0,20.0,,30.0,,21.25,20.0,0.17634650837574195,0.1713738716364154,0.16691746273024544,0.1635209387114337,0,0,0.9718018985171437
Gabala district,district,2008,19.2,19.0,25730.0,23891.0,1569.0,47.5,25473.0,6.5,41.7,20.0,34.0,19.2,6.5,0.38895870970457613,0.388021348483287,0.25069631739471554,0.3062589001123723,0,0,0.9975900752498869
Gakh district,district,2008,26.34,37.31,13376.0,11231.0,2464.0,47.9,9636.0,64.3,52.4,44.15,60.0,26.34,64.3,0.296423166966841,0.29152931408711386,0.2758221102231118,0.2653315306157343,0,0,0.9834903157880551
Gazakh district,district,2008,21.03,20.06,15320.0,13146.0,6832.0,47.9,17282.0,45.9,45.8,35.06,35.0,21.03,45.9,0.4493617151616988,0.4466879527029991,0.4225581533434762,0.42648649445638265,0,0,0.9940498659131707
Gobustan district,district,2008,,24.71,11085.0,10972.0,18.0,,14040.0,,42.9,,35.29,24.71,42.9,1.0000000000000004,0.9999999999999999,0.2050105256133612,0.1845530826532651,0,3,0.9999999999999994
Goranboy district,district,2008,18.18,,20075.0,18699.0,5767.0,47.7,15740.0,38.5,,36.0,,18.18,38.5,0.2881093603132172,0.2860159239346845,0.26763022724914,0.26643634553697115,0,0,0.9927338827997229
Goychay district,district,2008,29.45,,23165.0,18633.0,3610.0,48.1,23286.0,34.5,,46.33,,29.45,34.5,0.4256865835156548,0.4246351842251805,0.36311994374853523,0.3821285846103783,0,0,0.9975301094016377
Goygol district,district,2008,27.62,21.75,9812.0,9656.0,1168.0,48.1,22354.0,11.6,22.6,32.75,38.0,27.62,11.6,0.788893319004658,0.7866143343732724,0.627530917339952,0.6630546994338458,0,0,0.9971111624645764
Guba district,district,2008,19.4,,26632.0,26150.0,312.0,47.9,34628.0,42.9,40.0,27.2,,19.4,42.9,0.9884892829014074,0.7825588439142873,0.4375619140382534,0.5992062116861158,1,0,0.7916715511748652
Gubadli district,district,2008,,,148.0,144.0,1.0,,190.0,,,,,,,1.0,0.8651999167154285,0.0011735646590835813,0.5829889539721371,11,0,0.8651999167154285
Gusar district,district,2008,35.78,,18350.0,18264.0,2581.0,47.6,22262.0,-22.8,,27.24,,35.78,-22.8,0.415381739932167,0.41416380951034143,0.3425361905474719,0.3592589827372223,0,0,0.9970679249838367
Hajigabul district,district,2008,,17.41,14174.0,12833.0,1775.0,,12670.0,,90.5,,40.0,17.41,90.5,0.3391391940825834,0.33546891754196656,0.3033374303519732,0.29007107515460123,0,0,0.9891776692147145
Imishli district,district,2008,34.38,41.02,36481.0,31032.0,15033.0,32.2,31214.0,9.6,9.6,45.0,45.0,34.38,9.6,0.3476015696143306,0.3417775452193204,0.2730440924942665,0.32545212410051344,0,0,0.9832451147977496
Ismayilli district,district,2008,31.13,22.84,23681.0,22746.0,1411.0,48.0,23474.0,-13.7,6.8,25.03,24.57,31.13,-13.7,0.3863565244894744,0.38526910971533423,0.275841702277366,0.30945579543851504,0,0,0.9971854628944676
Jabrayil district,district,2008,,,3350.0,3286.0,190.0,,3675.0,,,,,,,0.43479765551629546,0.43037268707655996,0.3536380503355203,0.3512129462403636,0,0,0.9898229247936465
Julfa district,district,2008,,,6829.0,6645.0,2136.0,,8441.0,,,,,,,0.44035854163034255,0.43162121379993934,0.4137283288769011,0.4030395373585023,0,0,0.9801586048540016
Kalbajar district,district,2008,,47.17,11165.0,10750.0,197.0,,8010.0,,16.5,,54.95,47.17,16.5,0.4033491045172597,0.40316018386163005,0.32241679726349054,0.32669478158219567,0,0,0.999531619994903
Kangarli district,district,2008,,,5516.0,5516.0,2438.0,,7859.0,,,,,,,0.49491224924910243,0.484113170543774,0.46883958421095284,0.45921991590403377,0,0,0.9781798112257009
Khachmaz district,district,2008,27.01,25.0,25973.0,24694.0,5314.0,47.8,36185.0,18.5,60.0,35.07,40.0,27.01,18.5,0.6040813710098423,0.49789870864482827,0.384008231324369,0.45246203463450774,0,0,0.8242245706277805
Khizi district,district,2008,,15.99,5068.0,5049.0,186.0,,5209.0,,50.0,,36.0,15.99,50.0,0.4714095991383763,0.4689586958869784,0.40157028641181336,0.39298123165002385,0,0,0.9948009050815309
Khojavand district,district,2008,,9.92,961.0,957.0,553.0,,1660.0,,21.4,,17.0,9.92,21.4,0.6684161507450869,0.589386273306624,0.589759273189281,0.5644046348809546,0,0,0.8817654580153877
Kurdamir district,district,2008,22.05,22.95,30411.0,24181.0,12927.0,50.0,24038.0,12.4,21.7,37.11,42.0,22.05,12.4,0.3385049222983359,0.33777534055468,0.30760266237203704,0.3227935656171974,0,0,0.9978446938416662
Lachin district,district,2008,,23.85,13085.0,10874.0,1379.0,44.4,11391.0,20.0,25.0,30.0,30.0,23.85,20.0,0.3605759569041542,0.3559396671040535,0.32041207177972403,0.30330880547758776,0,0,0.9871419885010994
Lankaran district,district,2008,24.31,17.84,21291.0,20619.0,189.0,42.8,25297.0,3.3,22.6,26.9,25.0,24.31,3.3,0.8819427731319268,0.7670463961325895,0.554059212293001,0.5597585091592598,0,0,0.8697235461306395
Lerik district,district,2008,27.03,17.6,16696.0,16493.0,239.0,54.1,13768.0,25.0,93.7,33.33,34.0,27.03,25.0,0.49071072718254366,0.47021051275933823,0.3819990401096547,0.36885204042241126,0,0,0.9582234231134316
Masalli district,district,2008,25.0,38.0,34170.0,32320.0,472.0,48.0,44155.0,18.2,45.0,26.0,58.0,25.0,18.2,0.9999999999999994,0.7686080344817869,0.04700476743498028,0.6037706427079046,13,0,0.7686080344817874
Neftchala district,district,2008,26.06,18.86,18554.0,16895.0,12775.0,50.0,19999.0,49.0,73.7,39.04,33.0,26.06,49.0,0.4038747261422475,0.40221100662223996,0.3781098281605984,0.38654531377149104,0,0,0.9958806050185434
Oghuz district,district,2008,32.87,34.92,13051.0,11440.0,2373.0,46.5,15491.0,80.9,64.0,59.44,60.0,32.87,80.9,0.46358354711246497,0.46010536382181033,0.4228195250523342,0.4167932433986703,0,0,0.9924971813337223
Ordubad district,district,2008,,,4407.0,4365.0,252.0,,4952.0,,,,,,,0.43991713283668504,0.43685200615025843,0.3638728266583797,0.3566012655766886,0,0,0.9930324907632899
Saatli district,district,2008,11.99,12.5,29730.0,27231.0,15470.0,47.9,36381.0,56.5,50.0,24.87,27.0,11.99,56.5,0.5537821656549011,0.45395720024029773,0.4600930574379626,0.4345722119603693,0,0,0.8197396528713584
Sabirabad district,district,2008,28.14,38.6,51721.0,42946.0,15870.0,48.0,69918.0,-16.3,5.3,23.69,55.82,28.14,-16.3,0.9999999999999943,0.5531846795330894,0.03961695750526961,0.5205574517002872,19,0,0.5531846795330925
Sadarak district,district,2008,,,1384.0,1072.0,700.0,,1600.0,,,,,,,0.5778382966106282,0.5071413986283408,0.5085769798593633,0.48655568906587865,0,0,0.8776527994129715
Salyan district,district,2008,20.7,16.01,33124.0,31033.0,17103.0,48.0,40510.0,63.6,56.2,33.85,25.0,20.7,63.6,0.5964887764584889,0.44354975990561185,0.4614187519193246,0.42428133155793285,0,0,0.7436011831422609
Samukh district,district,2008,21.18,15.96,9530.0,8516.0,7314.0,47.0,13032.0,37.8,41.1,40.0,45.17,21.18,37.8,0.5253918833001119,0.5199711946500039,0.5021457545776592,0.5002489469164682,0,0,0.9896825801417802
Shabran district,district,2008,19.04,14.0,11378.0,10114.0,963.0,41.8,10889.0,-4.4,,23.37,50.0,19.04,-4.4,0.3709345345885711,0.3658212380932209,0.3071221662713368,0.2901130347306362,0,0,0.9862150972245771
Shahbuz district,district,2008,,,10246.0,10246.0,412.0,,12918.0,,,,,,,0.5569632515773544,0.5568774247249183,0.4523654445962342,0.4669981793153223,0,0,0.9998459021269482
Shaki district,district,2008,48.23,32.0,35450.0,29260.0,7780.0,48.0,47273.0,22.1,71.9,58.52,55.0,48.23,22.1,0.8564376407453205,0.5489625384835741,0.41206676014023547,0.5065740306623857,0,0,0.640983665787781
Shamakhi district,district,2008,,9.01,19199.0,18788.0,35.0,,20671.0,,-7.5,,25.67,9.01,-7.5,1.0,0.852470972655053,0.0,0.24287671675737332,1,2,0.852470972655053
Shamkir district,district,2008,10.0,,27893.0,26856.0,9704.0,48.0,36770.0,52.5,,20.22,,10.0,52.5,0.5735501564506218,0.4652176341401444,0.44530385671903494,0.43728546146936215,0,0,0.8111193570569551
Sharur district,district,2008,,,18947.0,18806.0,3931.0,,23690.0,,,,,,,0.42901436949785343,0.4280283112543087,0.3662471640918969,0.38801298502287257,0,0,0.9977015729223735
Shusha district,district,2008,,17.78,1223.0,1182.0,515.0,,898.0,,41.7,,48.36,17.78,41.7,0.3238011058359733,0.25814441108183095,0.25661501608083886,0.24472278737452813,0,0,0.7972314066543003
Siyazan district,district,2008,33.33,15.6,5130.0,4542.0,65.0,50.0,8048.0,0.1,,33.33,50.0,33.33,0.1,1.0000000000000002,1.0000000000000002,0.7629093384087025,0.7821118498039743,0,0,1.0
Tartar district,district,2008,34.98,,10805.0,10610.0,8544.0,47.7,10850.0,,,36.17,,34.98,,0.3523545090797491,0.3474707254786808,0.3376196111432849,0.33414997902751914,0,0,0.9861395739937504
Tovuz district,district,2008,29.92,,17330.0,16671.0,2683.0,48.1,25532.0,66.2,,49.28,,29.92,66.2,0.5212137498217054,0.5203877336183611,0.40392231683326085,0.4588090190566181,0,0,0.9984152064222656
Ujar district,district,2008,36.17,,28888.0,18997.0,10805.0,46.8,29055.0,5.6,,40.43,,36.17,5.6,0.519928760933356,0.5196844520654897,0.4330413501519015,0.49750776625551085,0,0,0.9995301108801372
Yevlakh district,district,2008,20.18,18.0,35158.0,22552.0,17419.0,48.2,29407.0,176.5,60.0,55.16,32.0,20.18,176.5,0.4432324733175274,0.4430671232414222,0.3702671041513219,0.4259068040800272,0,0,0.9996269450321011
Zagatala district,district,2008,25.93,24.0,28340.0,24344.0,7062.0,48.4,38516.0,40.0,51.5,40.0,40.0,25.93,40.0,0.6923273809595982,0.5375923814250441,0.48525226426966506,0.4988518692502081,0,0,0.7765002457073354
Zangilan district,district,2008,25.0,,212.0,212.0,12.0,,43.0,,,,,25.0,,0.6792452830188679,0.0787535778025708,0.29681402998296536,0.06447104953348451,0,0,0.11594276732045147
Zardab district,district,2008,16.67,10.21,22272.0,19258.0,11357.0,50.0,21605.0,60.0,61.1,33.33,30.6,16.67,60.0,0.3824382621754561,0.38119478889992936,0.35480446287641143,0.3651647836537884,0,0,0.9967485646743257
Absheron district,district,2009,20.23,10.21,10535.0,10535.0,521.0,48.0,32280.0,32.7,6.8,39.29,38.12,20.23,32.7,0.9999999999999998,1.0000000000000002,0.1985927275593764,0.6673704596234002,0,0,1.0000000000000004
Agdash district,district,2009,12.02,10.71,34312.0,22828.0,12690.0,48.0,32417.0,80.0,88.9,19.23,28.33,12.02,80.0,0.46681972612036093,0.4634532916162658,0.3497217522899395,0.43552098849107274,0,0,0.9927885770122166
Aghdam district,district,2009,18.76,,14856.0,14515.0,6813.0,48.0,26726.0,44.7,,27.23,,18.76,44.7,0.6033864399211839,0.6009217700272464,0.5237644120069116,0.561268524400671,0,0,0.9959152713238644
Aghjabadi district,district,2009,14.77,,40093.0,34187.0,26417.0,48.0,48072.0,25.0,,40.0,,14.77,25.0,0.718030586762908,0.4589149574562737,0.48477598916654197,0.4336873427988812,0,0,0.6391300954534495
Aghstafa district,district,2009,30.0,,11340.0,9034.0,6685.0,48.0,11072.0,0.1,,37.5,,30.0,0.1,0.4151093538815177,0.39998803912741615,0.3948296452237792,0.37783712978305256,0,0,0.9635726956940182
Aghsu district,district,2009,22.1,21.56,18523.0,14262.0,875.0,48.0,23396.0,33.3,68.2,30.0,40.0,22.1,33.3,0.5393924059117436,0.535380062998754,0.3816489797964884,0.38903045786245904,0,0,0.9925613655865111
Astara district,district,2009,21.53,17.22,22298.0,21793.0,675.0,48.0,19365.0,1.2,2.6,30.39,20.0,21.53,1.2,0.35512436617913345,0.351307113225404,0.24781218614323436,0.25411249441481704,0,0,0.9892509404668561
Babak district,district,2009,,,7502.0,7115.0,1153.0,,11398.0,,,,,,,0.5417276765164015,0.5228230930865817,0.4936833284265446,0.45202168198811565,0,0,0.9651031611465997
Balakan district,district,2009,26.99,,17525.0,14153.0,2776.0,47.0,14115.0,7.4,,41.16,,26.99,7.4,0.3337539759128404,0.32548680682199355,0.30577649395756207,0.287215659285532,0,0,0.975229750991773
Barda district,district,2009,,,36943.0,31186.0,27068.0,,46300.0,,,,,,,0.7367090427508388,0.4845318503497147,0.5444203641418699,0.4580812719459936,0,0,0.6576977099948363
Beylagan district,district,2009,38.33,13.64,25975.0,24258.0,24825.0,48.0,30360.0,-47.5,46.4,20.0,20.0,38.33,-47.5,0.40896817928372053,0.4084583601132928,0.3292761013006928,0.3862857122479583,0,0,0.9987534013738657
Bilasuvar district,district,2009,,37.57,19304.0,17057.0,7410.0,,22066.0,,42.0,,53.0,37.57,42.0,0.4260607647200128,0.4222036449112712,0.3917392714166765,0.39280838591401884,0,0,0.9909470194673374
Dashkasan district,district,2009,20.04,18.8,13316.0,13137.0,80.0,48.0,19032.0,100.0,20.6,39.8,32.0,20.04,100.0,1.0,0.8006527864634982,0.653314085116244,0.48033311297047465,0,0,0.8006527864634982
Fuzuli district,district,2009,22.0,,14437.0,13347.0,4064.0,48.0,6757.0,0.1,,30.0,,22.0,0.1,0.17754066243286884,0.16522329250065157,0.16514116479180846,0.15077378753222237,0,0,0.930622259918205
Gabala district,district,2009,11.03,16.31,25973.0,24232.0,1282.0,48.0,25608.0,2.0,39.1,50.0,25.0,11.03,2.0,0.3466689325435888,0.34489541004490676,0.20360824949448608,0.23864406602774296,0,0,0.9948841031537804
Gakh district,district,2009,27.43,34.81,14142.0,12170.0,3293.0,48.0,9646.0,60.7,47.4,45.0,57.06,27.43,60.7,0.2706564813750848,0.25867692713408463,0.25288946482306013,0.23391385658135577,0,0,0.9557388975865739
Gazakh district,district,2009,20.0,20.24,15338.0,13615.0,7359.0,45.0,18359.0,150.0,97.3,50.0,40.2,20.0,150.0,0.44666678317186753,0.44008076821386155,0.41902128070861544,0.41320812382747174,0,0,0.9852551942384491
Gobustan district,district,2009,,22.63,11168.0,11055.0,30.0,,14545.0,,70.4,,41.24,22.63,70.4,0.9721397245084393,0.7686185024351867,0.37458893126610526,0.29907841339421415,0,0,0.7906461211878131
Goranboy district,district,2009,30.0,,20098.0,18861.0,9106.0,48.0,18880.0,,,,,30.0,,0.3312680941894259,0.32669184138286306,0.3096365250311585,0.30552155893032873,0,0,0.9861856517822509
Goychay district,district,2009,30.9,,23217.0,18707.0,4459.0,48.0,23360.0,11.5,,37.91,,30.9,11.5,0.41061085729182834,0.40753949793426314,0.3608520345422293,0.36503580869463,0,0,0.9925200240007723
Goygol district,district,2009,22.71,25.4,9823.0,9689.0,1636.0,48.0,22427.0,34.0,18.4,43.45,37.02,22.71,34.0,0.7619785574575658,0.7554282836871056,0.6559903135770112,0.6569898928308281,0,0,0.9914035982950543
Guba district,district,2009,34.8,,26400.0,26008.0,386.0,48.0,34648.0,10.3,,37.49,,34.8,10.3,0.8088808505392872,0.6458702707256883,0.41314481175384454,0.4589459379630445,0,0,0.7984739288797373
Gusar district,district,2009,28.59,,18566.0,18489.0,3045.0,48.0,23950.0,3.1,,29.59,,28.59,3.1,0.42566126805184207,0.42275924068318077,0.3583160099884127,0.3664209580876754,0,0,0.9931823081250891
Hajigabul district,district,2009,,17.4,14390.0,12989.0,2052.0,,12681.0,,45.9,,42.31,17.4,45.9,0.3283433768458963,0.3186242305113193,0.29728898946746884,0.2743676772758191,0,0,0.9703994445450971
Imishli district,district,2009,46.66,42.79,36660.0,31210.0,18489.0,46.4,40932.0,7.2,16.9,50.0,50.0,46.66,7.2,0.5835295735093567,0.4280260592294197,0.47845811576466135,0.40282048834108475,0,0,0.7335121965717414
Ismayilli district,district,2009,26.6,24.97,23715.0,22842.0,1265.0,48.0,23491.0,3.8,51.0,28.02,50.0,26.6,3.8,0.3381143098955248,0.33563588785718,0.22971312552037843,0.23695179859024756,0,0,0.9926698694322916
Jabrayil district,district,2009,,,3407.0,3349.0,350.0,,4248.0,,,,,,,0.4678863418122937,0.4139714346289912,0.3763243444392863,0.33506914178658426,0,0,0.8847692219985083
Jalilabad district,district,2009,16.04,,49685.0,45836.0,112.0,,50643.0,,,,,16.04,,0.9999999999999992,0.6484202568169931,0.0,0.21747879966074168,14,0,0.6484202568169937
Julfa district,district,2009,,,6876.0,6648.0,2090.0,,8691.0,,,,,,,0.4495132421779868,0.42665786227459207,0.42123706285965384,0.39023404966250735,0,0,0.9491552689467933
Kalbajar district,district,2009,,25.27,11922.0,11444.0,499.0,48.0,8837.0,,2.9,,36.0,25.27,2.9,0.28375287031794183,0.26675226273576363,0.21406047992350552,0.1846311892097014,0,0,0.9400865705318533
Kangarli district,district,2009,,,5577.0,5577.0,1810.0,,8052.0,,,,,,,0.49918127789976763,0.4711987564432518,0.46748155966303073,0.43185345795228236,0,0,0.9439431671511236
Khachmaz district,district,2009,20.51,18.07,26129.0,24847.0,5815.0,48.0,36511.0,17.2,66.1,28.55,30.27,20.51,17.2,0.5750869349658172,0.4795686466104405,0.3868930334406342,0.4289396731082574,0,0,0.8339063495486048
Khojavand district,district,2009,18.0,18.48,800.0,797.0,615.0,,813.0,,,,,18.0,,0.5872269568394819,0.3329149039380952,0.393054395590806,0.3146107740231022,0,0,0.5669271481164263
Kurdamir district,district,2009,28.98,25.0,30770.0,24726.0,15727.0,48.0,24446.0,158.4,39.5,74.91,34.88,28.98,158.4,0.32470809718389665,0.32266730102944385,0.29523887149906675,0.3040911956564673,0,0,0.9937149822497435
Lachin district,district,2009,,28.96,14210.0,11798.0,2123.0,48.0,11907.0,-6.3,10.1,32.42,32.07,28.96,-6.3,0.3405011551210065,0.32937829390779505,0.312936762217872,0.28837268142499106,0,0,0.9673338517478491
Lankaran district,district,2009,31.64,31.0,21204.0,20630.0,432.0,48.0,26410.0,3.6,15.0,34.33,36.55,31.64,3.6,0.6496445780308968,0.5717353054216449,0.443995093382078,0.4170220056005236,0,0,0.8800740047036202
Lerik district,district,2009,24.68,30.94,16585.0,16411.0,407.0,48.0,13776.0,22.2,,36.67,,24.68,22.2,0.35932181016683795,0.35708813993349,0.25640974364639013,0.2609429414212712,0,0,0.9937836497252676
Masalli district,district,2009,,15.22,35476.0,33614.0,583.0,48.0,44185.0,25.0,53.5,20.83,21.55,15.22,25.0,0.9750762327041803,0.6156677133104664,0.3630894922028014,0.44435782471366714,2,0,0.6314046970492084
Neftchala district,district,2009,26.0,18.58,19113.0,17547.0,11131.0,49.0,20000.0,27.2,40.0,35.52,35.0,26.0,27.2,0.3764951256750232,0.37198731761587184,0.3522577289960906,0.3505571342428813,0,0,0.9880269152195018
Oghuz district,district,2009,31.58,34.48,12926.0,11396.0,2216.0,47.0,15493.0,102.7,65.3,63.92,60.0,31.58,102.7,0.4531828973369487,0.44369454999101837,0.4118777899698764,0.39123431923962754,0,0,0.9790628741691556
Ordubad district,district,2009,,,4496.0,4454.0,251.0,,5100.0,,,,,,,0.41300510887570135,0.37369817531712024,0.2955748031058043,0.2654395000136134,0,0,0.9048270040397709
Saatli district,district,2009,12.01,12.6,30374.0,27997.0,14398.0,48.0,36523.0,66.9,60.0,20.02,20.0,12.01,66.9,0.5107630362659703,0.42575127760856313,0.4188865210866506,0.3990915992933873,0,0,0.833559297323272
Sabirabad district,district,2009,28.0,33.5,54187.0,45131.0,19216.0,48.1,71270.0,18.2,2.9,33.86,35.0,28.0,18.2,1.0000000000000313,0.5153862360809648,0.0,0.4789790941769956,20,0,0.5153862360809487
Sadarak district,district,2009,,,1408.0,1093.0,523.0,,1630.0,,,,,,,0.6673339587150436,0.48670796813336215,0.5421214190532707,0.4550005509075955,0,0,0.7293319360976652
Salyan district,district,2009,18.59,16.01,33270.0,31163.0,18890.0,48.0,40621.0,56.1,87.4,35.0,30.0,18.59,56.1,0.5755545457532892,0.42541457474610567,0.4756676301528908,0.40055743465945204,0,0,0.7391385888357819
Samukh district,district,2009,25.11,24.6,9582.0,8554.0,8568.0,47.3,13106.0,32.7,37.0,34.64,50.0,25.11,32.7,0.5144749705548656,0.5000367589646243,0.4885392298708101,0.47287250988237295,0,0,0.9719360271799626
Shabran district,district,2009,23.33,20.17,11404.0,10156.0,962.0,48.0,11068.0,-30.6,10.1,33.01,38.0,23.33,-30.6,0.3691234950432761,0.3556701942875773,0.3116951783635513,0.2834675810929516,0,0,0.9635533881306539
Shahbuz district,district,2009,,,10400.0,10400.0,402.0,,13296.0,,,,,,,0.47689591925844843,0.4646258365493332,0.35792950667432644,0.3291057968102533,0,0,0.9742709421204638
Shaki district,district,2009,48.53,35.0,36917.0,30408.0,9487.0,48.0,47602.0,21.7,71.4,58.63,60.0,48.53,21.7,0.8075516072431616,0.5109028876018085,0.42999316724750125,0.46703482800597984,0,0,0.6326566414076502
Shamakhi district,district,2009,,13.44,19250.0,18856.0,96.0,,20878.0,,17.0,,55.0,13.44,17.0,0.8088522549905511,0.6218486750826935,0.46783203044552835,0.35112030336875943,0,0,0.7688037849260343
Shamkir district,district,2009,10.01,,28018.0,27131.0,9034.0,48.0,38619.0,116.7,,46.86,,10.01,116.7,0.5956147147678666,0.4645540348843059,0.4496854558673169,0.4263102692690537,0,0,0.7799572834015023
Sharur district,district,2009,,,19250.0,19098.0,3487.0,,24512.0,,,,,,,0.42150210763012597,0.41888216818930296,0.3550553548276291,0.36724360724628613,0,0,0.993784279145
Shusha district,district,2009,,50.0,1335.0,1288.0,613.0,48.0,903.0,,,,,50.0,,0.3857242616371958,0.22880889364797163,0.2531282216952754,0.21385165449030155,0,0,0.5931929007441707
Siyazan district,district,2009,55.0,25.65,5325.0,4806.0,6.0,50.0,8023.0,-16.5,117.2,50.17,56.13,55.0,-16.5,1.0,1.0,0.0,0.0,17,5,1.0
Tartar district,district,2009,15.91,,11039.0,10834.0,7880.0,48.0,11280.0,50.0,,30.0,,15.91,50.0,0.35228370342290327,0.339798362994648,0.33507726762242984,0.3209047442309871,0,0,0.9645588475795399
Tovuz district,district,2009,40.09,,17416.0,16755.0,2833.0,51.0,25839.0,15.7,,46.44,,40.09,15.7,0.5057823643882153,0.5033062038852077,0.40279643276245025,0.4377929702652763,0,0,0.9951042964773936
Ujar district,district,2009,30.0,32.22,31543.0,21078.0,11222.0,48.0,29593.0,,8.6,,40.0,30.0,8.6,0.45902695000074345,0.45820582704965684,0.37393135706312464,0.4300123776326633,0,0,0.9982111661394059
Yevlakh district,district,2009,19.61,18.45,35164.0,24151.0,13519.0,50.1,29496.0,191.7,108.7,78.72,42.07,19.61,191.7,0.3993349192556228,0.39859240629625975,0.32733802367531883,0.37463392882235436,0,0,0.9981406260170106
Zagatala district,district,2009,20.0,34.92,28500.0,24998.0,8072.0,48.0,39657.0,21.6,15.8,26.37,40.74,20.0,21.6,0.6832804557168382,0.5177446351841978,0.5010313198732685,0.47437897841151466,0,0,0.7577337107367214
Zangilan district,district,2009,34.4,,222.0,222.0,19.0,48.0,44.0,,,,,34.4,,1.0000000000000002,0.06468457304888534,0.0,0.050658253083348606,24,0,0.06468457304888532
Zardab district,district,2009,21.48,20.0,22366.0,19646.0,13348.0,48.0,21663.0,19.7,76.3,30.93,35.0,21.48,19.7,0.3633508076828838,0.3598698591462948,0.33768210116625913,0.33949257518049303,0,0,0.990419868449482
Absheron district,district,2010,8.35,10.41,11740.0,11740.0,522.0,48.0,32931.0,7.7,9.3,37.1,40.2,8.35,7.7,0.9999999999999993,0.9999999999999999,0.4875954519472139,0.7589377471877259,0,0,1.0000000000000007
Agdash district,district,2010,15.72,24.56,34629.0,23056.0,13728.0,48.0,33297.0,115.0,16.7,34.4,29.2,15.72,115.0,0.5214226365894279,0.5148542719788146,0.44319508174242495,0.49030678930430094,0,0,0.9874029929855438
Aghdam district,district,2010,15.27,,14930.0,14528.0,7325.0,48.0,26856.0,29.4,,20.0,,15.27,29.4,0.6617273190651515,0.6590201217684232,0.6008987285821167,0.625289994209519,0,0,0.9959088929552541
Aghjabadi district,district,2010,32.19,,40107.0,34220.0,27838.0,48.0,48342.0,,,,,32.19,,0.6899676702318448,0.5036255872554734,0.5330896880862473,0.4810510708570156,0,0,0.7299263559497559
Aghstafa district,district,2010,48.85,,11427.0,9153.0,7057.0,46.5,13644.0,400.0,,50.0,,48.85,400.0,0.5450664036521806,0.5314243210536423,0.5213677361307012,0.5073997442559574,0,0,0.9749717052690637
Aghsu district,district,2010,22.5,18.85,18654.0,14506.0,941.0,48.0,24177.0,37.5,175.0,30.6,51.2,22.5,37.5,0.5980867981692559,0.5941798439189141,0.4740675165399958,0.49639445818780503,0,0,0.9934675798524545
Astara district,district,2010,12.38,15.01,22374.0,22027.0,997.0,48.2,21108.0,4.3,4.3,23.2,21.1,12.38,4.3,0.3451041190306345,0.3416291431513081,0.24863716845815315,0.2609895706339696,0,0,0.9899306450207338
Babak district,district,2010,,,7687.0,7298.0,1018.0,,11795.0,,,,,,,0.594928661886654,0.5761787859763313,0.5468887407838927,0.517220247046733,0,0,0.9684838248490792
Balakan district,district,2010,26.98,,17513.0,14289.0,3416.0,47.0,15625.0,48.7,,55.2,,26.98,48.7,0.39767653609970455,0.38983548435707577,0.3718499349286798,0.3609220766348083,0,0,0.9802828403718974
Barda district,district,2010,22.54,,37550.0,31714.0,34994.0,,47604.0,,,,,22.54,,0.7265633919565101,0.5351254458109531,0.5818042883778636,0.5117458919185425,0,0,0.7365158384459096
Beylagan district,district,2010,28.48,23.06,26358.0,24841.0,25326.0,48.0,34768.0,-30.0,0.0,20.0,22.8,28.48,-30.0,0.5295677897231017,0.4989692844352275,0.46286141122146374,0.47711750403218245,0,0,0.9422198519591355
Bilasuvar district,district,2010,43.54,37.58,19463.0,17413.0,7615.0,48.0,23573.0,50.0,40.2,54.5,56.7,43.54,50.0,0.48609829693316214,0.48261902080409963,0.4515530209005041,0.45617218946098315,0,0,0.9928424432856202
Dashkasan district,district,2010,19.57,20.29,13563.0,13375.0,85.0,48.0,19341.0,101.3,71.3,50.2,49.5,19.57,101.3,0.9902891142066595,0.7405801347723092,0.652597126060614,0.4129839885954194,0,0,0.7478423463895216
Fuzuli district,district,2010,70.65,,14801.0,13757.0,7223.0,48.0,7631.0,,,,,70.65,,0.2096582885226454,0.1977520044416664,0.19861824745903484,0.18782016394887824,0,0,0.9432110022223472
Gabala district,district,2010,20.0,15.78,26060.0,24489.0,1637.0,48.0,25658.0,14.3,73.8,40.0,32.9,20.0,14.3,0.3754436637179739,0.37352091737966975,0.29076961637733284,0.3136226590835959,0,0,0.9948787354159518
Gakh district,district,2010,27.94,35.55,14168.0,12279.0,2723.0,48.0,11216.0,,22.2,,58.2,27.94,22.2,0.3370895550908408,0.32564032479899474,0.31624584054566085,0.30034942405243004,0,0,0.9660350487906376
Gazakh district,district,2010,20.38,23.79,15459.0,13512.0,7557.0,48.0,23289.0,100.0,96.1,50.0,53.7,20.38,100.0,0.619080923597518,0.6144610834657082,0.5794873226145222,0.5844326650683486,0,0,0.9925375828010277
Gobustan district,district,2010,,23.29,11205.0,11092.0,33.0,,14830.0,,67.5,,40.4,23.29,67.5,0.9999999999999991,0.9999999999999981,0.4208794688061024,0.4640839911925245,0,0,0.999999999999999
Goranboy district,district,2010,20.96,,20857.0,19626.0,11186.0,48.0,23619.0,43.8,,32.9,,20.96,43.8,0.4321069486116032,0.42903516492675603,0.4039295028154789,0.4082301579890789,0,0,0.9928911495297239
Goychay district,district,2010,40.38,,23525.0,19041.0,5180.0,56.6,23550.0,3.3,,39.4,,40.38,3.3,0.44411422614463875,0.4409246069253941,0.4049597275428314,0.4101791614189024,0,0,0.9928180206093964
Goygol district,district,2010,37.18,35.15,9827.0,9682.0,949.0,43.1,22532.0,38.5,16.7,52.9,41.2,37.18,38.5,0.8366091272140527,0.8296555872261899,0.7101951863773623,0.7281027479816156,0,0,0.9916884244246553
Guba district,district,2010,31.44,,26506.0,26051.0,862.0,49.6,35341.0,35.2,,38.9,,31.44,35.2,0.6204792596694156,0.5318789350825249,0.3588669923034452,0.41350396621467156,0,0,0.857206629865282
Gusar district,district,2010,26.03,,18714.0,18644.0,3778.0,48.0,24030.0,4.7,,26.7,,26.03,4.7,0.46258275302338214,0.45949189423920195,0.41363296752774803,0.4215629856771247,0,0,0.9933182576220606
Hajigabul district,district,2010,,17.6,14948.0,13461.0,1509.0,,13800.0,,88.9,,42.4,17.6,88.9,0.3746822152526906,0.36548111412346757,0.3386222070473605,0.32399335633014864,0,0,0.9754429200141841
Imishli district,district,2010,42.66,39.47,38800.0,33036.0,20896.0,46.4,43971.0,2.6,10.4,45.4,43.5,42.66,2.6,0.6127807761323762,0.474506387630851,0.5138138289349556,0.45221311045775536,0,0,0.7743493368472537
Ismayilli district,district,2010,30.64,86.45,23751.0,22908.0,1230.0,48.0,33687.0,7.5,23.1,27.6,44.4,30.64,7.5,0.551889372216369,0.5242498804467249,0.3138733377831264,0.4207303007289188,0,0,0.9499184199568025
Jabrayil district,district,2010,,,3458.0,3407.0,870.0,,5240.0,,,,,,,0.6009245666215022,0.5483051580210357,0.5533509301351529,0.5089101053449365,0,0,0.9124359170464581
Jalilabad district,district,2010,15.83,,49857.0,45971.0,112.0,48.0,50705.0,16.7,,29.2,,15.83,16.7,0.9999999999999998,0.9999999999999979,0.17201930954250622,0.4912381861903896,4,0,0.9999999999999981
Julfa district,district,2010,,,6952.0,6789.0,1859.0,,8890.0,,,,,,,0.4897562893068023,0.4668304007809968,0.4605640445001393,0.43437313846883885,0,0,0.9531891901617953
Kalbajar district,district,2010,,27.87,11973.0,11589.0,357.0,,14051.0,,26.1,,31.9,27.87,26.1,0.4939269126341397,0.4850724027834684,0.37306004320829245,0.37620691405597195,0,0,0.9820732387238231
Kangarli district,district,2010,,,5653.0,5653.0,1781.0,,8255.0,,,,,,,0.5488567314272536,0.5205965313200129,0.5166334537957019,0.48673675632932956,0,0,0.948510788901591
Khachmaz district,district,2010,31.9,20.49,26020.0,24657.0,5812.0,48.0,37862.0,-6.1,51.6,29.6,33.5,31.9,-6.1,0.6301748563730764,0.5474273532516916,0.4805178064428317,0.506492850849801,0,0,0.8686912016807021
Khizi district,district,2010,,39.16,5150.0,5126.0,369.0,,8940.0,,100.0,,62.7,39.16,100.0,0.6520594796370048,0.621759020768108,0.5563906785638179,0.5272933200226577,0,0,0.9535311427635944
Khojavand district,district,2010,2.5,14.31,872.0,872.0,521.0,,385.0,,41.8,,21.1,2.5,41.8,0.3990363945341935,0.1574009765762663,0.23521988444556496,0.1499042264933421,0,0,0.3944526833448486
Kurdamir district,district,2010,57.62,25.75,31106.0,25097.0,14809.0,48.1,32693.0,4.7,77.3,62.4,45.2,57.62,4.7,0.4644655984423109,0.464404203216224,0.3926908308884214,0.4421932681120318,0,0,0.999867815342422
Lachin district,district,2010,,33.0,16369.0,13953.0,1462.0,48.0,12789.0,16.1,-5.3,42.4,32.0,33.0,16.1,0.3361082270060214,0.3267624706666135,0.30295183844750784,0.28841562315895014,0,0,0.9721942053526692
Lankaran district,district,2010,45.79,35.47,21674.0,21324.0,1343.0,47.9,27976.0,,,23.0,,45.79,,0.46921810394501734,0.46771373471612154,0.33847455588086484,0.38856786667206356,0,0,0.9967938806788408
Lerik district,district,2010,26.29,25.4,16747.0,16642.0,415.0,46.8,13788.0,,,,,26.29,,0.35367119152307597,0.3498395053310824,0.25431814925210044,0.26343098394158154,0,0,0.9891659646478626
Masalli district,district,2010,12.36,53.85,34943.0,33072.0,974.0,48.0,42223.0,25.0,25.0,20.8,40.0,12.36,25.0,0.8464736958170312,0.5170460219149405,0.4816948964332268,0.39909097056450304,0,0,0.6108234957211265
Neftchala district,district,2010,22.54,20.28,19495.0,17929.0,10285.0,48.0,20167.0,42.6,39.3,32.3,28.1,22.54,42.6,0.4056127639080761,0.40100372701022385,0.38297084333023085,0.3816087538899009,0,0,0.9886368543892845
Oghuz district,district,2010,36.93,39.33,12931.0,11464.0,2523.0,47.0,15895.0,71.6,57.5,63.4,65.0,36.93,71.6,0.5039172910600016,0.4942964971716646,0.4691168131587644,0.4557147646986913,0,0,0.9809079901423913
Ordubad district,district,2010,,,4577.0,4534.0,223.0,,5225.0,,,,,,,0.4532867309361326,0.4108354937166141,0.3281680705206922,0.3222819791192833,0,0,0.9063479375805955
Saatli district,district,2010,12.52,12.94,30943.0,28823.0,12622.0,48.0,36770.0,53.8,55.4,20.0,20.0,12.52,53.8,0.5099081341424017,0.4547970364931798,0.43506349147660117,0.429892255981514,0,0,0.8919195557805497
Sabirabad district,district,2010,38.8,34.0,53500.0,44623.0,15075.0,48.1,75621.0,0.3,17.4,40.2,40.0,38.8,0.3,0.9999999999999959,0.6041528514481402,0.1015003879333054,0.5661805470968517,9,0,0.6041528514481427
Sadarak district,district,2010,,,1550.0,1128.0,490.0,,1665.0,,,,,,,0.7056708471880637,0.5262211703775205,0.5933971208055847,0.49727697998142484,0,0,0.7457034288356831
Salyan district,district,2010,18.09,17.4,33678.0,31592.0,19229.0,49.3,40000.0,91.5,56.4,34.3,27.9,18.09,91.5,0.5439689602694356,0.4513838833915023,0.47224398389593225,0.4299881545703729,0,0,0.8297971324833046
Samukh district,district,2010,21.99,28.57,9804.0,8793.0,7861.0,47.2,13616.0,39.0,80.0,32.2,69.2,21.99,39.0,0.5662677110997136,0.5520464832085882,0.5418724063869269,0.5276300524497042,0,0,0.9748860342690081
Shabran district,district,2010,38.73,37.5,11711.0,10442.0,846.0,54.4,11885.0,62.7,,58.2,,38.73,62.7,0.4188174654832915,0.4057688229510155,0.36612938204960643,0.34932063125777374,0,0,0.968844082189317
Shahbuz district,district,2010,,,10523.0,10523.0,382.0,,13610.0,,,,,,,0.5067402805639145,0.49318579406707086,0.3903168811515676,0.3824793512818777,0,0,0.9732516103086184
Shaki district,district,2010,46.45,38.0,37896.0,31364.0,7598.0,47.4,49823.0,26.9,70.9,58.6,65.0,46.45,26.9,0.8054403293819148,0.5663196188529925,0.45804728005519624,0.524601385170207,0,0,0.7031180314593626
Shamakhi district,district,2010,,13.81,19312.0,18901.0,117.0,,20880.0,,13.9,,79.9,13.81,13.9,0.7755813443864815,0.566831891306876,0.49867140389320763,0.3108099585550774,0,0,0.7308477639508781
Shamkir district,district,2010,17.31,,28562.0,27814.0,10090.0,42.0,45027.0,156.0,,42.2,,17.31,156.0,0.7570732414264172,0.5771287905506994,0.5774130541770257,0.5421417869336708,0,0,0.7623156637570749
Sharur district,district,2010,,,19535.0,19330.0,3043.0,,25236.0,,,,,,,0.46800453642418305,0.4654272883324068,0.40427147828196996,0.4207809786313965,0,0,0.9944931130123912
Shusha district,district,2010,,27.5,1763.0,1746.0,776.0,,1162.0,,,26.0,,27.5,,0.35505852451499464,0.23726029533862023,0.2808421870580876,0.22435943769940614,0,0,0.668228697403378
Siyazan district,district,2010,18.2,30.75,5446.0,5007.0,22.0,48.0,9557.0,284.6,73.8,70.0,51.4,18.2,284.6,1.0000000000000002,1.0,0.23354723278409506,0.33943883993033386,0,0,0.9999999999999998
Tartar district,district,2010,32.92,,11136.0,10933.0,9923.0,52.0,12030.0,17.3,,33.5,,32.92,17.3,0.40465070554021726,0.3922739397205138,0.3874334895088431,0.3749550501904262,0,0,0.9694137050788525
Tovuz district,district,2010,55.01,,17420.0,16736.0,4095.0,51.0,27350.0,2.5,,56.4,,55.01,2.5,0.5847567377623507,0.5825978015449534,0.5049667093849912,0.5398807070914807,0,0,0.9963079754742823
Ujar district,district,2010,28.93,88.97,32492.0,21675.0,11541.0,48.0,34006.0,23.1,,41.0,,28.93,23.1,0.5798405824236997,0.559319064149264,0.49375171845938837,0.5314069904046034,0,0,0.964608344264803
Yevlakh district,district,2010,26.0,25.77,29923.0,20317.0,18587.0,50.1,32408.0,92.3,69.1,50.0,43.7,26.0,92.3,0.568830776707628,0.5686641204731672,0.48849742300265164,0.5435741737622128,0,0,0.9997070196598267
Zagatala district,district,2010,28.35,28.93,28800.0,25429.0,8091.0,39.5,40283.0,-18.2,24.1,23.3,49.7,28.35,-18.2,0.6843782671092771,0.5647493016078643,0.5431281980521331,0.5281977441630398,0,0,0.8252005195800421
Zangilan district,district,2010,36.53,,230.0,230.0,24.0,,48.0,,,,,36.53,,1.0,0.07440062423010958,0.11944392145355809,0.06564818205856383,12,0,0.07440062423010958
Zardab district,district,2010,28.7,30.83,22564.0,19904.0,14353.0,48.0,21702.0,152.3,104.2,61.8,35.0,28.7,152.3,0.3923596056436281,0.3887071901581999,0.3695725273099509,0.3708991306889204,0,0,0.9906911531337769
Absheron district,district,2011,35.73,20.13,11972.0,11972.0,338.0,48.0,40807.0,7.6,9.5,49.3,39.2,35.73,7.6,1.0000000000000002,1.0000000000000002,0.08310987588235252,0.5927746961653837,1,0,1.0
Agdash district,district,2011,22.91,25.0,35179.0,23541.0,12718.0,48.0,34323.0,51.5,25.0,35.1,29.4,22.91,51.5,0.43044442513738357,0.4277523194603045,0.3666698781926902,0.39992661991357614,0,0,0.9937457531800538
Aghdam district,district,2011,,,15200.0,14904.0,8069.0,,27100.0,,,,,,,0.5424449041422723,0.5334558587002133,0.49740105474864593,0.49877620503385645,0,0,0.9834286480093812
Aghjabadi district,district,2011,14.44,,40315.0,34777.0,28663.0,48.0,48526.0,,,,,14.44,,0.5322699043022708,0.40936849725336655,0.3516088917962451,0.38445161433623587,0,0,0.7690994624052429
Aghstafa district,district,2011,25.0,,11543.0,9276.0,6097.0,48.0,13862.0,52.9,,51.0,,25.0,52.9,0.46681860561247746,0.4384269019787538,0.44012902468741655,0.4109316171345519,0,0,0.939180436914092
Aghsu district,district,2011,,22.09,18719.0,14736.0,1027.0,,25019.0,,95.2,,54.0,22.09,95.2,0.5085784937830826,0.49810668966414756,0.40107596247470534,0.4156474262111588,0,0,0.9794096599700076
Astara district,district,2011,14.94,16.67,22233.0,22011.0,906.0,48.0,21578.0,1.3,7.7,30.3,22.5,14.94,1.3,0.2961483348085939,0.2876096510209687,0.20442372418204846,0.21191977304681564,0,0,0.971167544152683
Babak district,district,2011,,,7870.0,7466.0,1024.0,,12011.0,,,,,,,0.5096775822002105,0.4719795931179008,0.4571455735993455,0.4162225603830366,0,0,0.9260356146731576
Balakan district,district,2011,26.99,,18245.0,15107.0,3214.0,47.2,15656.0,35.7,,51.1,,26.99,35.7,0.3203151084674197,0.3040427301350545,0.294003218162333,0.27511464248078243,0,0,0.9491988423205449
Barda district,district,2011,,,38423.0,32829.0,33387.0,,49964.0,,,,,,,0.6009588343293651,0.44651040729238745,0.36798681703284086,0.4197919338419414,0,0,0.742996660978729
Beylagan district,district,2011,27.69,17.22,26581.0,25158.0,26233.0,48.0,36350.0,-28.0,16.8,20.0,19.9,27.69,-28.0,0.42562857147266864,0.4238969995851622,0.353989806636231,0.3985449235983765,0,0,0.9959317301432203
Bilasuvar district,district,2011,49.24,36.78,19510.0,17588.0,6746.0,48.0,23781.0,,38.1,39.6,55.7,49.24,38.1,0.4061466464872579,0.3966849246294535,0.37382695569979096,0.3674992407280219,0,0,0.9767036809496314
Dashkasan district,district,2011,22.96,35.03,13766.0,13584.0,100.0,48.0,20213.0,14.5,44.3,41.5,50.5,22.96,14.5,0.8462399111812433,0.7532979449151971,0.47986720480785383,0.3922465982629959,0,0,0.8901706655074788
Fuzuli district,district,2011,83.21,,14798.0,13988.0,6447.0,48.0,9615.0,-8.3,,28.9,,83.21,-8.3,0.22345799662321844,0.2016627592370256,0.2070198540754286,0.1877761657790372,0,0,0.9024638289273547
Gabala district,district,2011,24.99,,26135.0,24620.0,1922.0,48.0,26127.0,42.1,,33.0,,24.99,42.1,0.317166906594651,0.31133900765699457,0.25181550560541816,0.26286543449625815,0,0,0.981625135483934
Gakh district,district,2011,30.46,35.86,12767.0,11161.0,2045.0,47.9,11352.0,,38.2,,69.5,30.46,38.2,0.3241963816614056,0.2984017147622561,0.29457678490880024,0.26780395977543625,0,0,0.9204350561626881
Gazakh district,district,2011,25.99,24.1,15495.0,13760.0,7725.0,47.9,25124.0,21.9,105.1,32.0,50.1,25.99,21.9,0.5468162368739043,0.5356762491159462,0.5071032078370353,0.5011524917732167,0,0,0.9796275475987247
Gobustan district,district,2011,,23.54,11246.0,11133.0,24.0,,15052.0,,93.3,,47.1,23.54,93.3,0.9999999999999997,1.0000000000000002,0.03663263713070153,0.0625625610774565,1,0,1.0000000000000007
Goranboy district,district,2011,29.6,,20851.0,19945.0,11221.0,48.0,27510.0,,,35.0,,29.6,,0.41117461626103596,0.40465842785011197,0.3762442531908476,0.3785916930216963,0,0,0.9841522600053035
Goychay district,district,2011,41.04,,23926.0,19546.0,5479.0,48.0,23750.0,24.4,,50.8,,41.04,24.4,0.3650115318437865,0.3564821263797324,0.330927124213204,0.3270172767963777,0,0,0.9766325041267343
Goygol district,district,2011,32.81,32.47,9851.0,9724.0,973.0,48.1,22586.0,31.8,59.2,35.2,42.9,32.81,31.8,0.6997528644022235,0.6814381030944227,0.5943109953136751,0.5864843137761511,0,0,0.9738268148091875
Guba district,district,2011,49.38,,26406.0,26002.0,1042.0,48.0,35376.0,19.2,,39.2,,49.38,19.2,0.4011895386175409,0.3991480495720778,0.18557133531004433,0.29106921875410907,0,0,0.9949114100719129
Gusar district,district,2011,31.24,,18793.0,18727.0,4099.0,48.0,26237.0,-6.0,,29.4,,31.24,-6.0,0.41863865063051253,0.41103424374686737,0.36842172473388307,0.3725278583523286,0,0,0.981835392235781
Hajigabul district,district,2011,,18.06,15342.0,13821.0,1794.0,,14790.0,,89.1,,40.5,18.06,89.1,0.33234908339762415,0.3139501878024148,0.2979054016213013,0.27574908359294087,0,0,0.9446398485378195
Imishli district,district,2011,40.79,48.62,38955.0,33539.0,20765.0,47.9,44487.0,15.1,12.1,50.2,49.3,40.79,15.1,0.44990372750253693,0.38914822201755794,0.3249684977802191,0.36453142601861654,0,0,0.864958875041469
Ismayilli district,district,2011,40.48,45.72,23798.0,22997.0,1370.0,48.0,33709.0,-17.1,-21.3,26.0,32.7,40.48,-17.1,0.4330546381777717,0.43003789169669254,0.2634182241960058,0.35179186498990256,0,0,0.993033797089039
Jabrayil district,district,2011,,,3564.0,3519.0,870.0,,5320.0,,,,,,,0.5420967297161118,0.4435314350261117,0.46633666090614245,0.40459064279859264,0,0,0.8181776622382184
Jalilabad district,district,2011,14.58,,49969.0,46056.0,112.0,48.0,54905.0,18.6,,50.0,,14.58,18.6,0.9999999999999999,0.854513040083579,0.0,0.14927661366915146,22,0,0.8545130400835791
Julfa district,district,2011,,,7020.0,6917.0,1566.0,,9010.0,,,,,,,0.4270851845858652,0.38215456823470123,0.3861626631827837,0.3469823152810161,0,0,0.8947970616336595
Kalbajar district,district,2011,,45.21,12123.0,11753.0,325.0,,15010.0,,2.5,,56.5,45.21,2.5,0.4117213586625835,0.37911318792389015,0.2613642755048752,0.22697305372903143,0,0,0.9208003907190624
Kangarli district,district,2011,,,5710.0,5710.0,1804.0,,8350.0,,,,,,,0.4845827673899524,0.42902480975221585,0.4409537588476954,0.3952264657305116,0,0,0.8853488787127504
Khachmaz district,district,2011,60.64,21.15,25961.0,24709.0,3768.0,48.0,39263.0,-42.2,66.1,38.9,37.4,60.64,-42.2,0.4667979599351612,0.46618720620002535,0.2800838576230892,0.4138969914636924,0,0,0.9986916101021078
Khizi district,district,2011,,41.35,5460.0,5441.0,176.0,,9650.0,,100.0,,62.9,41.35,100.0,0.5763015441581917,0.5203321103698515,0.3513579484590934,0.3396645293196745,0,0,0.902881686929895
Khojavand district,district,2011,,15.56,881.0,880.0,475.0,,290.0,,19.5,,30.0,15.56,19.5,0.5466990704482393,0.09668238738006184,0.11413971023055347,0.09039139635675834,0,0,0.1768475430199503
Kurdamir district,district,2011,34.64,26.72,32175.0,25988.0,14086.0,48.0,33454.0,2.7,97.1,88.8,50.0,34.64,2.7,0.38043088075959963,0.37766543138253167,0.3278002686700838,0.35312107365568207,0,0,0.9927307442246901
Lachin district,district,2011,,31.76,16700.0,14023.0,1325.0,,13095.0,,8.8,,34.6,31.76,8.8,0.29328123915568466,0.2739659621294278,0.2558448337336376,0.23475714857718993,0,0,0.9341407684928541
Lankaran district,district,2011,35.71,31.34,22555.0,22219.0,1194.0,47.7,28983.0,,,41.4,,35.71,,0.38789463217472486,0.38269330806097485,0.26706132222483525,0.3061381900000981,0,0,0.9865908840125246
Lerik district,district,2011,29.48,31.19,16732.0,16644.0,356.0,48.0,13795.0,59.3,,50.0,,29.48,59.3,0.30144995228303956,0.2820490959599407,0.1897671898480423,0.1728152679042642,0,0,0.9356415346024575
Masalli district,district,2011,43.92,16.67,35473.0,33775.0,913.0,48.0,43133.0,42.9,,20.8,,43.92,42.9,0.5078723612812321,0.38395582691365165,0.09979922996231871,0.2312069991449116,0,0,0.7560085095889629
Neftchala district,district,2011,19.16,20.28,19864.0,18268.0,10754.0,48.0,20207.0,-6.8,39.3,16.8,28.1,19.16,-6.8,0.33554279617394395,0.3245210546375119,0.3148359100577076,0.3038198009518779,0,0,0.9671525013735702
Oghuz district,district,2011,37.1,39.59,12942.0,11498.0,3445.0,46.9,15926.0,89.3,56.0,70.5,66.1,37.1,89.3,0.4275155882423624,0.4063651421371875,0.3969994292340683,0.37364897242820166,0,0,0.9505270762356751
Ordubad district,district,2011,,,4659.0,4611.0,230.0,,5284.0,,,,,,,0.41150044239251343,0.33620156202656093,0.2546782000484442,0.26371790971746617,0,0,0.8170138531852951
Saatli district,district,2011,15.19,15.7,31355.0,29360.0,15137.0,48.0,36845.0,24.5,55.7,20.0,20.3,15.19,24.5,0.36949417800058737,0.36817521557081795,0.2971919154657337,0.343836883128297,0,0,0.9964303566651399
Sabirabad district,district,2011,33.6,33.71,54483.0,45440.0,22581.0,48.1,80316.0,2.9,19.8,35.0,41.0,33.6,2.9,1.0,0.5185561490589333,0.0,0.4838154101056197,27,0,0.5185561490589333
Sadarak district,district,2011,,,1570.0,1122.0,497.0,,1690.0,,,,,,,0.7826604117291367,0.4419019193301001,0.5332067384238772,0.41101735266909833,0,0,0.5646151417749664
Salyan district,district,2011,34.59,13.49,32112.0,29915.0,21663.0,48.0,42207.0,20.8,104.7,42.6,32.8,34.59,20.8,0.43984413776888337,0.41393058507751695,0.32412599810299236,0.38831162778307465,0,0,0.9410846923575853
Samukh district,district,2011,24.52,28.57,9901.0,8951.0,7727.0,47.1,13685.0,27.1,35.0,35.7,38.6,24.52,27.1,0.4781600878857877,0.44854424076701443,0.45135973481543834,0.4214007394648437,0,0,0.9380629043094721
Shabran district,district,2011,47.28,,11892.0,10599.0,672.0,48.0,12377.0,28.9,,52.4,,47.28,28.9,0.3688133777429747,0.3425961979401642,0.30155798019448027,0.28268225033771555,0,0,0.928914780794418
Shahbuz district,district,2011,,,10650.0,10650.0,386.0,,13785.0,,,,,,,0.40454193865382454,0.3797424979213384,0.2834177284225511,0.2642106735776675,0,0,0.9386974788942524
Shaki district,district,2011,37.54,41.56,38694.0,32134.0,8647.0,48.0,50222.0,72.5,71.1,64.6,65.0,37.54,72.5,0.6339723010294417,0.45852313651254456,0.2304909759385021,0.4199598361298563,0,0,0.7232542112139545
Shamakhi district,district,2011,,14.34,19544.0,19126.0,117.0,,21074.0,,14.0,,80.0,14.34,14.0,0.6742357662805144,0.5830301056445216,0.3482644977017917,0.275117187407268,0,0,0.8647273473207489
Shamkir district,district,2011,14.56,,28655.0,28012.0,10092.0,47.3,46962.0,76.4,,46.9,,14.56,76.4,0.6135188129130139,0.49185207361935623,0.3539337335302687,0.45491054032690004,0,0,0.8016902876767891
Sharur district,district,2011,,,19750.0,19514.0,3046.0,,25690.0,,,,,,,0.3938051133222831,0.3862334147329296,0.3386373504406355,0.34338949053923046,0,0,0.9807729805093797
Shusha district,district,2011,,,1901.0,1879.0,687.0,,1431.0,,,,,,,0.4282547998757042,0.22343175346380917,0.26368828927045607,0.20673281405357813,0,0,0.5217262095571551
Siyazan district,district,2011,29.73,30.69,5791.0,5388.0,28.0,48.0,9842.0,134.3,64.0,69.6,50.2,29.73,134.3,0.9999999999999999,1.0,0.18865268180366268,0.4049849318031731,1,0,1.0000000000000002
Tartar district,district,2011,77.39,,11332.0,11178.0,10182.0,71.2,12367.0,-12.0,,83.7,,77.39,-12.0,0.34945579895312523,0.32458787722241267,0.3292818420899301,0.3050270528087735,0,0,0.9288381483288871
Tovuz district,district,2011,28.11,,17587.0,16903.0,4351.0,47.0,28225.0,59.8,,52.0,,28.11,59.8,0.4971695395083012,0.489894088938706,0.43361189701142533,0.4478063767807029,0,0,0.9853662584059543
Ujar district,district,2011,42.02,75.0,32794.0,21873.0,11725.0,48.0,34657.0,-1.9,0.0,43.3,50.0,42.02,-1.9,0.4676000983016025,0.46485194618764863,0.39584018735423376,0.43453314429165596,0,0,0.9941228581346848
Yevlakh district,district,2011,25.11,25.93,29954.0,20360.0,17611.0,47.9,34912.0,96.2,67.9,51.0,43.7,25.11,96.2,0.5059006254982658,0.5030706671680768,0.43267370710372854,0.4726349687996577,0,0,0.9944060983767282
Zagatala district,district,2011,31.97,39.0,29088.0,25765.0,7915.0,47.9,40788.0,21.5,18.8,40.0,49.0,31.97,21.5,0.46445222072580905,0.4644450130132439,0.30266785344671243,0.4274303082570986,0,0,0.9999844812614872
Zangilan district,district,2011,,,447.0,417.0,25.0,,64.0,,,,,,,1.0,0.04502730552588341,0.0,0.036873786358604665,29,0,0.04502730552588341
Zardab district,district,2011,30.0,29.07,22629.0,20037.0,16005.0,48.0,21806.0,105.9,47.5,70.0,50.1,30.0,105.9,0.32855134967641675,0.3192826723156079,0.3080300722561657,0.29977204671291546,0,0,0.9717892579959347
Absheron district,district,2012,38.0,20.12,12201.0,12201.0,351.0,48.0,40800.0,18.5,9.4,53.64,39.2,38.0,18.5,0.9999999999999998,0.9999999999999998,0.26819337175593794,0.6206349849403632,0,0,1.0
Agdash district,district,2012,20.47,25.0,35727.0,23937.0,12398.0,46.9,38208.0,71.6,12.5,34.98,30.0,20.47,71.6,0.47828131653160505,0.47733122977226966,0.39404626232738826,0.44641238554042106,0,0,0.9980135398843818
Aghdam district,district,2012,31.3,,16850.0,16527.0,7645.0,,27605.0,,,,,31.3,,0.5064976035057058,0.49949251937115374,0.4602912663868961,0.46520664780809384,0,0,0.9861695611468512
Aghjabadi district,district,2012,19.93,,42347.0,36664.0,28043.0,48.0,50236.0,33.3,,40.0,,19.93,33.3,0.5335335004270132,0.4097419892569726,0.3724845915228867,0.3857421014955766,0,0,0.7679779974997556
Aghstafa district,district,2012,19.8,,11627.0,9369.0,5536.0,48.0,14863.0,121.7,,67.11,,19.8,121.7,0.49869400643541195,0.47440417553508746,0.4680193100090846,0.44502284882807863,0,0,0.9512931164464068
Aghsu district,district,2012,,28.55,18764.0,14864.0,790.0,,25545.0,,,,98.8,28.55,,0.5229365894573468,0.5139317804961057,0.3975493773900337,0.4080887507915467,0,0,0.982780304261009
Astara district,district,2012,34.95,19.56,22238.0,22035.0,1005.0,48.0,29863.0,-2.5,1.9,37.12,30.6,34.95,-2.5,0.4096353892645695,0.4052804395413711,0.28739343330988865,0.3099597817843128,0,0,0.9893687170656399
Babak district,district,2012,,,7975.0,7558.0,1510.0,,12261.0,,,,,,,0.5182563269391779,0.48512568489952196,0.4706354633520857,0.43763920094856745,0,0,0.9360728652647127
Balakan district,district,2012,38.75,,18256.0,15272.0,2312.0,47.7,16420.0,22.8,,54.03,,38.75,22.8,0.33553003589588076,0.32152333759590784,0.2992203934910951,0.28478648028531023,0,0,0.9582550090856267
Barda district,district,2012,,30.38,39297.0,33809.0,29378.0,,51450.0,,25.0,,40.0,30.38,25.0,0.6065971405926465,0.45508059549058444,0.4084995138450944,0.42866519544923043,0,0,0.7502188273521532
Beylagan district,district,2012,25.61,16.22,26788.0,25402.0,28775.0,48.0,37740.0,-2.0,39.0,25.13,22.3,25.61,-2.0,0.44534971506751864,0.44429277222265956,0.3790311496012484,0.4186807255219099,0,0,0.9976267126505316
Bilasuvar district,district,2012,49.31,38.3,19652.0,17831.0,7675.0,48.0,26955.0,18.2,38.6,40.63,55.8,49.31,18.2,0.4588755718340101,0.4520629348424915,0.41690664054494875,0.41984755884331243,0,0,0.9851536289798775
Dashkasan district,district,2012,22.11,35.29,13962.0,13792.0,442.0,48.0,20527.0,14.2,45.5,39.94,50.9,22.11,14.2,0.45797230652959325,0.4450753047376142,0.30302426735732024,0.2998441450906304,0,0,0.9718389046496948
Fuzuli district,district,2012,43.5,,14830.0,13999.0,6884.0,48.0,11628.0,16.2,,50.32,,43.5,16.2,0.26667907272781755,0.2483952425173226,0.24836683533907655,0.23189669222893405,0,0,0.9314388263635666
Gabala district,district,2012,15.43,,26256.0,24863.0,1661.0,48.0,27487.0,52.9,,34.97,,15.43,52.9,0.3353028202594381,0.33060474044824456,0.25961440422381576,0.2717429509167675,0,0,0.9859885466887561
Gakh district,district,2012,26.49,35.94,12973.0,11329.0,1997.0,48.0,14969.0,116.7,35.2,50.98,68.7,26.49,116.7,0.4151322074319749,0.39512678939525303,0.37507813438878096,0.353644739216166,0,0,0.9518095255473523
Gazakh district,district,2012,24.46,25.08,15611.0,13833.0,7015.0,47.9,26344.0,103.1,124.0,46.43,56.3,24.46,103.1,0.57867818144377,0.5695090172264958,0.5307990517536226,0.5322710178566069,0,0,0.984154985428347
Gobustan district,district,2012,,24.01,11287.0,11172.0,42.0,,16885.0,,117.8,,54.1,24.01,117.8,1.0,0.9471705956848294,0.0,0.15096604494930377,0,0,0.9471705956848294
Goranboy district,district,2012,32.78,,21580.0,20929.0,12665.0,48.7,32390.0,33.3,,50.0,,32.78,33.3,0.46633037275794836,0.4628046715365393,0.4142149865514778,0.4343331661922304,0,0,0.992439477616357
Goychay district,district,2012,50.53,,24129.0,19809.0,5607.0,48.0,24240.0,24.4,,51.64,,50.53,24.4,0.37327108746573934,0.36593616092506953,0.33570761477816874,0.33499921172084995,0,0,0.9803495990260884
Goygol district,district,2012,35.2,29.76,9946.0,9830.0,1163.0,48.0,22594.0,34.6,45.6,40.12,40.2,35.2,34.6,0.7035953580746507,0.6873451469092214,0.6005624429214773,0.5980469582844367,0,0,0.9769040386936363
Guba district,district,2012,49.7,,26318.0,25994.0,802.0,48.0,37028.0,-1.8,,42.38,,49.7,-1.8,0.427256333905252,0.42598313411692285,0.2047815580427288,0.2808243446206041,0,0,0.9970200563753105
Gusar district,district,2012,31.9,,19040.0,18980.0,4270.0,47.6,26426.0,0.6,,30.22,,31.9,0.6,0.4230061871952211,0.41636142533936626,0.3706556422827585,0.37777994806037646,0,0,0.9842915728965728
Hajigabul district,district,2012,,57.88,15490.0,13967.0,2766.0,,16081.0,,61.5,,76.7,57.88,61.5,0.35983483502347446,0.34430646924052055,0.32683813932657735,0.3104533751153054,0,0,0.9568458518421629
Imishli district,district,2012,40.92,46.81,39522.0,34699.0,20829.0,47.9,45794.0,18.0,21.5,50.0,52.8,40.92,18.0,0.46389024477069174,0.3946634290189748,0.3484068207330894,0.3703261569761639,0,0,0.8507689770757373
Ismayilli district,district,2012,34.39,41.92,23836.0,23059.0,1314.0,48.0,34015.0,-4.1,16.9,29.56,60.4,34.39,-4.1,0.44371036475421755,0.44112865526539313,0.29354535318014896,0.3545656426526438,0,0,0.9941815434258461
Jabrayil district,district,2012,58.19,,3685.0,3633.0,870.0,,5806.0,22.2,,68.75,,58.19,22.2,0.5624243755323829,0.4779108579848123,0.4852858315559334,0.43475377403980286,0,0,0.8497335442341536
Jalilabad district,district,2012,39.33,,50137.0,46187.0,114.0,48.0,69530.0,19.3,,45.33,,39.33,19.3,1.0000000000000002,1.0000000000000002,0.0,0.0,20,5,1.0
Julfa district,district,2012,,,7220.0,7109.0,1332.0,,9160.0,,,,,,,0.42437103764588613,0.3853205960960835,0.37728208116727147,0.3462738637913839,0,0,0.9079804273014784
Kalbajar district,district,2012,,34.89,12947.0,12472.0,319.0,,15763.0,,12.6,,45.1,34.89,12.6,0.45377893837310324,0.404967285147837,0.3184788894583699,0.26024835249385037,0,0,0.8924329687925431
Kangarli district,district,2012,,,5780.0,5780.0,1782.0,,8450.0,,,,,,,0.4862909910438473,0.43718387441481776,0.4398426994822593,0.40140327216887406,0,0,0.8990170134066874
Khachmaz district,district,2012,41.9,20.05,25850.0,24682.0,3358.0,52.5,39852.0,6.7,36.4,46.73,30.0,41.9,6.7,0.4831789942197239,0.4828419972640217,0.29922414810531195,0.4244066249447612,0,0,0.9993025422054069
Khizi district,district,2012,,32.58,6078.0,6062.0,501.0,,11575.0,,-1.2,,30.6,32.58,-1.2,0.6133051836464837,0.5710055529140059,0.5106773797506514,0.4800407702532745,0,0,0.9310300453014599
Khojavand district,district,2012,30.0,15.56,937.0,934.0,512.0,48.0,1103.0,,19.5,,30.0,30.0,19.5,0.7260679090476282,0.35315381345257585,0.40660184371396446,0.33077263160236753,0,0,0.4863922631091107
Kurdamir district,district,2012,35.92,27.21,32507.0,26444.0,13447.0,48.2,37400.0,99.3,76.7,69.56,48.1,35.92,99.3,0.42406903738487645,0.42294093178036585,0.35589950793110287,0.3953238361613158,0,0,0.9973398067176341
Lachin district,district,2012,,29.65,16724.0,14220.0,1608.0,,13927.0,,0.5,,29.7,29.65,0.5,0.3094635248206417,0.29288237879539986,0.2700839241829214,0.25390351266407596,0,0,0.9464197079935287
Lankaran district,district,2012,32.24,33.62,23304.0,23043.0,482.0,47.9,30152.0,4.3,27.3,38.73,,32.24,4.3,0.47661915075074923,0.46813485628568424,0.291490590638122,0.3083173688498123,0,0,0.9821990063729061
Lerik district,district,2012,31.59,30.93,16764.0,16701.0,306.0,48.0,14943.0,108.0,,66.67,,31.59,108.0,0.38358938762722394,0.34232145541127706,0.2604885373992928,0.22451708365719492,0,0,0.8924163870350567
Masalli district,district,2012,14.67,16.13,36308.0,34655.0,1089.0,48.0,45289.0,42.9,,20.83,,14.67,42.9,0.5002418854396332,0.39080678240131705,0.16059672551697213,0.26070112927085654,0,0,0.7812356257570474
Neftchala district,district,2012,27.56,16.36,20236.0,18521.0,12072.0,48.0,22869.0,46.8,39.3,43.7,28.1,27.56,46.8,0.377742381633637,0.3692478768139185,0.35104862066639086,0.3469365509944386,0,0,0.9775124390782365
Oghuz district,district,2012,35.0,37.13,12798.0,11406.0,3017.0,48.0,15953.0,75.9,81.2,61.56,63.6,35.0,75.9,0.43737143316152705,0.4182580053325906,0.4030509740758676,0.3819765910538332,0,0,0.956299322772922
Ordubad district,district,2012,,,4735.0,4680.0,220.0,,5359.0,,,,,,,0.408875430973469,0.3424310740321768,0.2327689126997029,0.2641348829760525,0,0,0.8374948654090111
Saatli district,district,2012,25.81,30.0,31524.0,29841.0,16244.0,48.0,37304.0,-35.0,-55.5,20.01,20.0,25.81,-35.0,0.3748606177409036,0.37383270549599135,0.3168775404417259,0.35008526652590133,0,0,0.9972578814731006
Sabirabad district,district,2012,38.8,33.8,55660.0,46352.0,23206.0,48.1,84581.0,5.6,19.9,42.22,41.0,38.8,5.6,1.0000000000000002,0.5456819665754631,0.0,0.5097710618173069,13,0,0.545681966575463
Sadarak district,district,2012,,,1590.0,1138.0,572.0,,1713.0,,,,,,,0.7515045644996929,0.45014285898893813,0.5295470622599321,0.42058086072808765,0,0,0.5989888554949983
Salyan district,district,2012,36.67,13.18,32518.0,30361.0,21504.0,48.0,42258.0,8.6,121.3,39.83,33.9,36.67,8.6,0.4393234942806097,0.41622497030827077,0.33811448807444844,0.3915198166680942,0,0,0.9474225160433027
Samukh district,district,2012,24.62,28.93,10013.0,9018.0,7848.0,47.0,13714.0,31.2,37.5,37.25,45.8,24.62,31.2,0.4811204024653112,0.45476724655264633,0.45218181263754187,0.42837232872455866,0,0,0.9452254450702391
Shabran district,district,2012,53.26,,11976.0,10699.0,689.0,47.9,12666.0,23.8,,58.65,,53.26,23.8,0.37709512232193626,0.3540230670266049,0.30611943832642025,0.2897255874997769,0,0,0.9388163518178999
Shahbuz district,district,2012,,,10875.0,10875.0,388.0,,13950.0,,,,,,,0.40526414119438675,0.383601419878296,0.2836126434884386,0.2698524526158095,0,0,0.9465466615125464
Shaki district,district,2012,43.08,40.19,38984.0,32393.0,7753.0,48.0,54294.0,21.5,75.1,52.4,70.0,43.08,21.5,0.7404137724254558,0.5012287013715744,0.3319476975540727,0.45595521048469967,0,0,0.6769575608104151
Shamakhi district,district,2012,,18.87,19759.0,19336.0,147.0,,22358.0,,14.0,,80.0,18.87,14.0,0.641316830665224,0.6202187600440983,0.32165749518663433,0.2920151517357765,0,0,0.9671019539605078
Shamkir district,district,2012,13.93,,28904.0,28341.0,10098.0,46.5,47293.0,83.3,,55.01,,13.93,83.3,0.6092166796353036,0.4990188580460234,0.4080716969489443,0.4603031073029261,0,0,0.8191155540008391
Sharur district,district,2012,,,19980.0,19614.0,4117.0,,26190.0,,,,,,,0.40584040414543265,0.3993048557752865,0.3542962126088005,0.3611180923405605,0,0,0.9838962599499972
Shusha district,district,2012,34.44,,1966.0,1933.0,1022.0,48.0,1485.0,125.0,,,,34.44,125.0,0.40818965816199987,0.22973642768022873,0.2723481166939018,0.21498298121952183,0,0,0.5628178546087816
Siyazan district,district,2012,25.01,35.82,5819.0,5394.0,100.0,48.0,10426.0,151.2,77.5,62.8,63.4,25.01,151.2,0.8913891328876504,0.7352479376904482,0.5356191111323565,0.4829320991925674,0,0,0.824833858259654
Tartar district,district,2012,,,11505.0,11387.0,8755.0,48.0,13831.0,-23.4,,41.88,,,-23.4,0.3840085529419649,0.3632281717025089,0.3608157662580066,0.3419710506185472,0,0,0.9458856291604616
Tovuz district,district,2012,36.38,,17752.0,17068.0,3872.0,46.9,29512.0,44.6,,63.63,,36.38,44.6,0.5228750289249383,0.5170722990391373,0.4461792146132254,0.46933936441286783,0,0,0.9889022623671057
Ujar district,district,2012,,50.0,32945.0,21917.0,11685.0,,37426.0,,,,,50.0,,0.5120056872508253,0.5106549777368626,0.4313404016309651,0.4779705731732179,0,0,0.9973619247840484
Yevlakh district,district,2012,26.0,25.93,29973.0,20387.0,16029.0,48.0,35580.0,96.2,67.9,51.0,43.7,26.0,96.2,0.5241472518594842,0.5219007066210011,0.45679586888261114,0.49143243370991196,0,0,0.9957139043837143
Zagatala district,district,2012,30.23,34.64,29380.0,26245.0,7721.0,49.7,41523.0,49.8,24.8,45.06,43.0,30.23,49.8,0.48637721682238605,0.47312664877343574,0.3412604191021842,0.4337221392936049,0,0,0.9727566020967855
Zangilan district,district,2012,,,451.0,423.0,42.0,,224.0,,,,,,,1.0,0.1583590599360311,0.0,0.13567725754328644,15,0,0.1583590599360311
Zardab district,district,2012,30.0,29.9,22690.0,20196.0,16535.0,48.0,25066.0,142.6,47.1,82.21,50.2,30.0,142.6,0.3779902001786279,0.37115467681427877,0.35033383110499106,0.349548387680903,0,0,0.9819161360238471
Absheron district,district,2013,49.57,20.13,12133.0,12133.0,382.0,48.0,40955.0,2.6,9.5,58.1,39.2,49.57,2.6,1.0,1.0,0.3213582901509968,0.637057195918157,0,0,1.0
Agdash district,district,2013,19.8,,36340.0,24528.0,11534.0,48.0,39789.0,76.2,,35.0,,19.8,76.2,0.4810626121067069,0.4805760839363332,0.37764615530192414,0.44394196752267734,0,0,0.9989886385719251
Aghdam district,district,2013,35.0,,17757.0,17389.0,8287.0,47.9,31362.0,28.6,,45.0,,35.0,28.6,0.5399525789693282,0.5343064419226855,0.4813626462442989,0.493811191911794,0,0,0.9895432723788075
Aghjabadi district,district,2013,23.0,,42461.0,36705.0,27446.0,48.0,57915.0,30.4,,59.9,,23.0,30.4,0.6693575558002891,0.4674413198933495,0.4344898778114987,0.4359724837834258,0,0,0.6983432335121295
Aghstafa district,district,2013,29.64,,11665.0,9415.0,6920.0,48.0,16092.0,74.4,,60.0,,29.64,74.4,0.5333776099156066,0.5063501778729075,0.5013657207056093,0.47217553611037333,0,0,0.9493277716569777
Aghsu district,district,2013,,29.76,18821.0,15010.0,739.0,,26979.0,,237.5,,100.0,29.76,237.5,0.5420134093881497,0.5324838289957837,0.3965043499560792,0.40292958705459525,0,0,0.9824181833377086
Astara district,district,2013,14.27,25.43,22277.0,22067.0,1142.0,47.4,29925.0,0.6,1.7,50.1,23.5,14.27,0.6,0.4068622123042776,0.40174652729193777,0.2892769609213349,0.3080520440200519,0,0,0.9874264926610732
Babak district,district,2013,,,8060.0,7638.0,1180.0,,12268.0,,,,,,,0.5142733418280403,0.4758339013220913,0.4555958447411741,0.41476076360795333,0,0,0.9252548452748652
Balakan district,district,2013,29.26,,18341.0,15485.0,2070.0,47.9,18865.0,74.7,,49.8,,29.26,74.7,0.3755167166172831,0.3609166080714136,0.3274519677236351,0.31073212485858204,0,0,0.9611199504581589
Barda district,district,2013,23.0,,41185.0,35803.0,31573.0,48.0,57115.0,58.4,,24.0,,23.0,58.4,0.6698370584658,0.47259816382922076,0.45025291879895113,0.4411978195513748,0,0,0.705541978987641
Beylagan district,district,2013,25.6,16.22,27070.0,25693.0,28730.0,48.0,38773.0,,30.5,,21.0,25.6,30.5,0.447939520670937,0.44707033710206967,0.3711454409789654,0.41751871748619174,0,0,0.9980595961535935
Bilasuvar district,district,2013,63.92,39.36,19895.0,18139.0,7863.0,48.0,27314.0,,40.4,38.4,57.6,63.92,40.4,0.4537977337755336,0.4461010357697836,0.41339408722211146,0.41091483340657625,0,0,0.9830393643844041
Dashkasan district,district,2013,20.0,34.23,14185.0,14015.0,362.0,48.0,21511.0,14.3,41.4,39.9,49.5,20.0,14.3,0.5374385651048532,0.5007859974637848,0.39098159367213225,0.3392708984592486,0,0,0.9318013815515499
Fuzuli district,district,2013,47.36,,14867.0,14049.0,6638.0,48.0,17404.0,6.0,,50.0,,47.36,6.0,0.38415581060750126,0.3669990410370999,0.3591259373419422,0.3390814071907136,0,0,0.9553390340672714
Gabala district,district,2013,60.28,,28102.0,26749.0,1665.0,48.0,35130.0,3.8,,62.7,,60.28,3.8,0.3913024350668408,0.38907369224536714,0.26005050268500773,0.3091473118644257,0,0,0.9943042960591518
Gakh district,district,2013,17.51,31.24,12985.0,11490.0,2201.0,48.0,15698.0,180.0,85.0,50.0,68.9,17.51,180.0,0.4272462449649886,0.40474879399676505,0.38565171111597885,0.35922228000830164,0,0,0.9473431276849089
Gazakh district,district,2013,24.69,25.83,15762.0,14011.0,7071.0,48.0,27672.0,,122.0,,57.6,24.69,122.0,0.5948063172107698,0.5851034828391155,0.5442912716607801,0.5417492653009496,0,0,0.983687405310095
Gobustan district,district,2013,,2494.0,11327.0,11207.0,33.0,,17293.0,,119.4,,55.2,,119.4,1.0,0.8535166151699578,0.17498702038297798,0.21497629983496624,0,2,0.8535166151699578
Goranboy district,district,2013,29.45,,21847.0,21238.0,13975.0,48.0,35389.0,80.9,,50.0,,29.45,80.9,0.49632862481062456,0.4936463630142891,0.430473547464548,0.4596910640557015,0,0,0.9945957946766442
Goychay district,district,2013,52.83,,24372.0,20084.0,5569.0,48.2,24510.0,17.8,,51.5,,52.83,17.8,0.369918561795737,0.36153834520091926,0.3323124988157356,0.32748119403538084,0,0,0.9773457796923282
Goygol district,district,2013,41.11,35.08,9969.0,9866.0,1307.0,47.7,23028.0,22.0,47.1,48.7,55.6,41.11,22.0,0.7100716254610676,0.6914748312282648,0.6070010970440703,0.5948572509778975,0,0,0.9738099741406686
Guba district,district,2013,51.63,,26207.0,25936.0,630.0,48.6,37992.0,,,39.7,,51.63,,0.4967800035111605,0.4914957971051622,0.2525513349334517,0.3343776325525921,0,0,0.9893630855335352
Gusar district,district,2013,6.15,,18658.0,18594.0,4300.0,48.0,26448.0,,,44.8,,6.15,,0.4293721659078871,0.42138713938818495,0.3782676740610123,0.3784897957670544,0,0,0.981403017815982
Hajigabul district,district,2013,,55.74,15675.0,14143.0,3106.0,,17168.0,,55.9,,75.2,55.74,55.9,0.3768298723430012,0.3596163515048728,0.34244542759080243,0.3220086043079412,0,0,0.9543201797376081
Imishli district,district,2013,39.98,47.72,39931.0,35672.0,21118.0,47.9,47949.0,17.3,9.5,51.1,51.9,39.98,17.3,0.48388899600882934,0.39821110045105274,0.37622526432924386,0.37013321944081623,0,0,0.822938946195393
Ismayilli district,district,2013,33.39,43.65,23925.0,23198.0,1413.0,48.0,34066.0,,21.2,21.1,68.1,33.39,21.2,0.4380820052081487,0.43504267967143495,0.30005915738174527,0.34473775759016656,0,0,0.9930621995412259
Jabrayil district,district,2013,53.13,,3738.0,3689.0,870.0,48.0,5988.0,,,52.2,,53.13,,0.5778885113509868,0.48087744090590734,0.4952924183129901,0.4323456053466892,0,0,0.8321283975376372
Jalilabad district,district,2013,20.08,,50228.0,46273.0,24.0,48.0,77490.0,,,45.1,,20.08,,0.9999999999999999,0.9999999999999999,0.03298866008567103,0.0,4,20,1.0
Julfa district,district,2013,,,7295.0,7181.0,1338.0,,9180.0,,,,,,,0.42400754139070634,0.37872068125080355,0.374556453020348,0.335362196439032,0,0,0.8931932672910345
Kalbajar district,district,2013,,18.12,13197.0,12675.0,329.0,,17053.0,,107.6,,48.0,18.12,107.6,0.48676411463737496,0.43797474994324953,0.3694777587161484,0.296483709477108,0,0,0.8997679507856242
Kangarli district,district,2013,,,5840.0,5840.0,1789.0,,8460.0,,,,,,,0.4861071318983156,0.42915955199743133,0.4367150254964125,0.390302287101372,0,0,0.8828497338055994
Khachmaz district,district,2013,45.7,14.91,25738.0,24651.0,2906.0,48.0,42513.0,,36.4,43.0,30.0,45.7,36.4,0.5385335133067102,0.510914794162202,0.3238388149885967,0.4349193972965294,0,0,0.9487149481655777
Khizi district,district,2013,,17.58,5653.0,5643.0,186.0,,11748.0,,100.0,,80.0,17.58,100.0,0.7165142450372266,0.6167585161577286,0.5304645504445118,0.40207034204654535,0,0,0.860776349429989
Khojavand district,district,2013,,15.56,1010.0,1010.0,270.0,,1486.0,,19.5,,30.0,15.56,19.5,0.8358223078081166,0.4358717307452881,0.46032811544605656,0.3942292627930792,0,0,0.5214885109830703
Kurdamir district,district,2013,36.72,27.35,33256.0,27444.0,16841.0,48.2,41564.0,87.2,77.2,67.6,48.5,36.72,87.2,0.4583713682759316,0.4486742988699101,0.3580835785285219,0.41731147778847294,0,0,0.9788445132546236
Lachin district,district,2013,,30.43,16562.0,14428.0,1547.0,,13946.0,,4.4,,29.6,30.43,4.4,0.3055140648167343,0.2863550157510913,0.2629306588159282,0.24141158154059839,0,0,0.9372891422293904
Lankaran district,district,2013,27.48,34.04,23834.0,23513.0,489.0,48.2,31208.0,5.8,,29.1,,27.48,5.8,0.49106388503864234,0.4759833405806358,0.3157055120855454,0.32307877573406174,0,0,0.9692900559021566
Lerik district,district,2013,31.66,31.84,16789.0,16724.0,334.0,48.0,15109.0,116.7,121.4,72.2,67.4,31.66,116.7,0.37563264044485106,0.32934514290605826,0.28185694209252016,0.22229356337369893,0,0,0.8767745596229981
Masalli district,district,2013,12.0,16.13,36619.0,34980.0,1951.0,48.7,48575.0,66.7,,20.8,66.7,12.0,66.7,0.5415246391149946,0.41139051221274464,0.25197753389694233,0.320816830865186,0,0,0.7596893705244397
Neftchala district,district,2013,27.14,16.23,20677.0,18929.0,10628.0,48.5,23734.0,57.4,74.4,43.7,28.7,27.14,57.4,0.3807646953403503,0.3714535678335197,0.35398162214907697,0.3449054393142303,0,0,0.9755462425461799
Oghuz district,district,2013,35.0,37.4,12799.0,11463.0,3007.0,47.0,16079.0,55.6,59.2,60.0,62.6,35.0,55.6,0.43775904838007645,0.4155487785817779,0.40180724252556793,0.3755184452016203,0,0,0.9492637105264016
Ordubad district,district,2013,,,4780.0,4724.0,220.0,,5424.0,,,,,,,0.4171288999214085,0.3401504573647106,0.24519929411718522,0.25311324177512406,0,0,0.8154564630472704
Saatli district,district,2013,34.0,34.01,31569.0,29913.0,16426.0,48.0,37891.0,15.1,11.2,50.0,50.0,34.0,15.1,0.3763127331480886,0.3752643974652199,0.31364446619596603,0.3482896512527997,0,0,0.9972141902451752
Sabirabad district,district,2013,38.0,29.45,56565.0,47113.0,23041.0,47.9,88661.0,9.2,19.3,43.1,41.4,38.0,9.2,1.0,0.5575106052088802,0.0,0.5157047494954553,10,0,0.5575106052088802
Sadarak district,district,2013,,,1610.0,1150.0,597.0,,1715.0,,,,,,,0.7910247895592384,0.44180187161943385,0.5325392222457235,0.40941443474005,0,0,0.5585183643430534
Salyan district,district,2013,39.26,13.73,32855.0,31176.0,21004.0,48.0,44762.0,26.7,147.2,49.8,39.3,39.26,26.7,0.47871596338065925,0.4253538395768941,0.38070981812570304,0.3962263994768167,0,0,0.8885307199139015
Samukh district,district,2013,28.94,32.97,10164.0,9144.0,7900.0,47.1,14041.0,35.2,25.0,35.9,37.0,28.94,35.2,0.4850315591718391,0.45490749187727453,0.45505768298699,0.42465470895527013,0,0,0.9378925624015074
Shabran district,district,2013,64.12,,11828.0,10576.0,637.0,47.5,13063.0,23.1,,63.5,,64.12,23.1,0.39290881163662567,0.36591713932361103,0.31682979580661463,0.2894425076949912,0,0,0.9313029600924874
Shahbuz district,district,2013,,,10994.0,10994.0,332.0,,13980.0,,,,,,,0.4420379981977412,0.3847671798326922,0.3337645020490291,0.24965036056615098,0,0,0.8704391509360029
Shaki district,district,2013,40.0,41.99,39124.0,32571.0,6755.0,48.0,55789.0,19.1,54.8,47.6,65.0,40.0,19.1,0.737612249207448,0.5074330517621936,0.4214667625382591,0.4528220004574449,0,0,0.6879401098713069
Shamakhi district,district,2013,,16.11,19971.0,19652.0,328.0,,22674.0,,25.1,,80.0,16.11,25.1,0.4834742146469876,0.4501827708287589,0.34643995990644205,0.2905222866411591,0,0,0.9311412215798588
Shamkir district,district,2013,15.74,,29132.0,28565.0,9998.0,48.0,48769.0,83.8,,55.1,,15.74,83.8,0.6253298081239452,0.5057907579931892,0.44698018577947285,0.4622257041777541,0,0,0.8088383944315949
Sharur district,district,2013,,,20190.0,19820.0,3999.0,,26250.0,,,,,,,0.3999553286665043,0.3923619867293003,0.34859425175095143,0.34955338168653727,0,0,0.9810145248907646
Shusha district,district,2013,25.11,,2047.0,2022.0,1111.0,48.0,1833.0,33.5,,,,25.11,33.5,0.46658187800790724,0.26856077470858053,0.323088340751429,0.24925945422716522,0,0,0.5755919536678388
Siyazan district,district,2013,27.14,36.67,5901.0,5489.0,221.0,48.0,10766.0,65.4,91.5,45.1,70.0,27.14,65.4,0.6373513753380056,0.5810619162877091,0.4537190069530974,0.4113157549989258,0,0,0.9116822192147235
Tartar district,district,2013,77.65,,11715.0,11600.0,8985.0,48.1,14258.0,,,20.0,,77.65,,0.38768916773851064,0.3641345505369645,0.3637670288059841,0.33972916802857184,0,0,0.9392435508607417
Tovuz district,district,2013,36.71,,17811.0,17108.0,4227.0,46.8,31421.0,40.9,,63.7,,36.71,40.9,0.5498077168790669,0.5441041375755659,0.4655263092509434,0.4902960350723705,0,0,0.9896262290826383
Ujar district,district,2013,,20.0,33109.0,21964.0,11994.0,,38355.0,,153.3,,97.4,20.0,153.3,0.5185464781039876,0.5173349500045369,0.42795908172776465,0.4800792692255782,0,0,0.9976636075055788
Yevlakh district,district,2013,26.0,25.92,29985.0,20584.0,14899.0,47.8,36276.0,96.3,67.8,51.0,46.2,26.0,96.3,0.5244230829043941,0.5220966268656845,0.4504288118665356,0.4867764762825667,0,0,0.9955637802481442
Zagatala district,district,2013,33.63,38.4,29509.0,26559.0,7853.0,49.0,42651.0,22.0,24.2,43.8,51.2,33.63,22.0,0.5036551417058232,0.4757499666654822,0.3692448736261048,0.43207394796458676,0,0,0.9445946785218369
Zangilan district,district,2013,,,639.0,539.0,47.0,,419.0,,,,,,,1.0000000000000004,0.23029606910521505,0.0,0.18975385459120075,4,0,0.23029606910521494
Zardab district,district,2013,25.96,28.77,22751.0,20376.0,15581.0,48.0,31766.0,43.1,47.9,53.5,50.2,25.96,43.1,0.4664696904239373,0.46185416765228804,0.41964003827781216,0.4308619440351901,0,0,0.9901054176372004
Absheron district,district,2014,46.46,20.75,12153.0,12153.0,463.0,48.0,40637.0,,9.5,59.3,39.21,46.46,9.5,0.9999999999999999,0.9999999999999999,0.4269355847963092,0.6683701387283187,0,0,1.0
Agdash district,district,2014,20.99,,36886.0,24755.0,12872.0,48.0,42691.0,67.9,,35.24,,20.99,67.9,0.5475479020588597,0.5157452729889717,0.4492507537630944,0.48225942503209085,0,0,0.9419180879877257
Aghdam district,district,2014,37.0,,18135.0,17879.0,8742.0,48.0,32576.0,21.6,,45.0,,37.0,21.6,0.5499159416571341,0.5448994767830658,0.4929841903329196,0.5086663879875366,0,0,0.990877760592007
Aghjabadi district,district,2014,30.59,,42797.0,37020.0,29623.0,48.0,66545.0,25.7,,46.46,,30.59,25.7,0.805816900429634,0.5375772408670687,0.547307752888265,0.5055118821116286,0,0,0.6671208317676769
Aghstafa district,district,2014,21.52,,11734.0,9476.0,5341.0,48.6,16334.0,62.3,,60.0,,21.52,62.3,0.5440364110390293,0.5155008172771784,0.5137817234207604,0.4828971669736395,0,0,0.9475483751035118
Aghsu district,district,2014,,30.26,18840.0,15184.0,870.0,,27892.0,,222.7,,96.81,30.26,222.7,0.5586969469076277,0.5493578319010537,0.432689020785051,0.4371182851042731,0,0,0.9832841130450671
Astara district,district,2014,31.13,20.55,22300.0,22084.0,1111.0,48.0,30010.0,14.9,4.7,40.0,41.04,31.13,14.9,0.4117507288356021,0.4063966468030308,0.30412972833471463,0.3132362100350053,0,0,0.9869967879651064
Babak district,district,2014,,,8154.0,7727.0,1167.0,,12298.0,,,,,,,0.5167825731739931,0.47597641696019366,0.4579934249262909,0.41805247285422953,0,0,0.9210380567533948
Balakan district,district,2014,27.43,,18363.0,15581.0,2402.0,47.9,19996.0,90.8,,57.09,,27.43,90.8,0.398543804554443,0.3838041438977171,0.3536068494643699,0.337707174663503,0,0,0.9630162092892041
Barda district,district,2014,36.64,,42021.0,36758.0,31041.0,48.0,65433.0,0.1,,44.98,,36.64,0.1,0.790918104564876,0.5323617180983938,0.5525675119007145,0.5007579492737223,0,0,0.6730933519232979
Beylagan district,district,2014,25.59,16.37,27140.0,25751.0,24880.0,48.0,39130.0,,30.5,25.0,21.02,25.59,30.5,0.4550922411400555,0.45444110585219827,0.38210648668370883,0.4275715164879559,0,0,0.9985692234914266
Bilasuvar district,district,2014,40.1,,19992.0,18450.0,8555.0,48.0,27392.0,,,39.74,,40.1,,0.4519938424537264,0.44400640131115243,0.4176977498697536,0.41383647539685386,0,0,0.9823284293006896
Dashkasan district,district,2014,20.0,34.99,14047.0,13870.0,298.0,48.1,21516.0,14.3,42.9,40.0,50.0,20.0,14.3,0.604816324487269,0.5944090897037853,0.4548861850078334,0.4382201956882177,0,0,0.9827927349806466
Fuzuli district,district,2014,36.46,,15460.0,14626.0,5287.0,47.9,17869.0,15.5,,41.67,,36.46,15.5,0.3826932134642714,0.36537307368936767,0.35781507455234723,0.3378487343511053,0,0,0.954741450421564
Gabala district,district,2014,31.03,,25138.0,24187.0,1505.0,48.0,37385.0,16.1,,50.0,,31.03,16.1,0.4637463022315233,0.4622503400616851,0.3009840430657563,0.37300268433965966,0,0,0.9967741798422117
Gakh district,district,2014,20.61,30.71,12440.0,11067.0,2619.0,48.1,15733.0,,32.0,48.56,51.52,20.61,32.0,0.450188798827118,0.4251512807096726,0.41496342548320675,0.3866686041604448,0,0,0.9443844045372166
Gazakh district,district,2014,25.48,16.33,15978.0,14298.0,5783.0,47.0,29002.0,96.5,118.8,60.79,58.05,25.48,96.5,0.6156709686445693,0.606616912698429,0.5610713070387824,0.5629302335237785,0,0,0.9852940021419667
Gobustan district,district,2014,,24.58,11352.0,11232.0,143.0,,17601.0,,115.6,,60.78,24.58,115.6,0.7236769803075164,0.7049328498666583,0.4675434740301505,0.44965724378379135,0,0,0.9740987609791139
Goranboy district,district,2014,25.21,,20851.0,20304.0,13748.0,47.9,35966.0,64.5,,41.26,,25.21,64.5,0.5323113913623165,0.5297517427985339,0.4670303800650528,0.4973825735532087,0,0,0.9951914450727197
Goychay district,district,2014,58.15,,24419.0,20475.0,5583.0,47.8,24850.0,28.5,,57.46,,58.15,28.5,0.37154348397169557,0.3629646595908868,0.3377398259673845,0.3322108339549891,0,0,0.9769103086155528
Goygol district,district,2014,39.45,26.01,10003.0,9897.0,1307.0,47.7,23348.0,13.1,32.1,43.7,43.82,39.45,13.1,0.7249543110441253,0.7055177967138848,0.6261416248258015,0.6116657360308699,0,0,0.9731893251283011
Guba district,district,2014,45.46,,25842.0,25658.0,472.0,48.0,38182.0,13.3,,39.85,,45.46,13.3,0.6041218157906096,0.6016838455154631,0.34380700448705603,0.4322284530723166,0,0,0.9959644392713148
Gusar district,district,2014,55.24,,18750.0,18728.0,4502.0,48.0,27506.0,,,51.97,,55.24,,0.44703711599456314,0.4392359686726177,0.3980418472601299,0.39983744272042215,0,0,0.9825492178550107
Hajigabul district,district,2014,,55.76,15858.0,14403.0,3468.0,,17172.0,,57.5,,75.21,55.76,57.5,0.3746844046668119,0.3565576658696305,0.34531071920428136,0.32460215295832595,0,0,0.9516213149749304
Imishli district,district,2014,40.2,40.0,40036.0,36066.0,20316.0,47.9,48373.0,28.4,24.7,51.68,50.0,40.2,28.4,0.4833268155905089,0.4011131526808884,0.39620564013239856,0.37574067969338387,0,0,0.829900472604287
Ismayilli district,district,2014,43.81,45.98,23979.0,23322.0,1169.0,48.0,34118.0,,26.5,27.51,59.2,43.81,26.5,0.4406116363386711,0.4375015870715252,0.30159634390060575,0.3367626449660559,0,0,0.9929415180838406
Jabrayil district,district,2014,69.23,,3770.0,3722.0,885.0,46.2,6123.0,33.3,,80.0,,69.23,33.3,0.5951567821130963,0.4919826071265923,0.5192771342715912,0.44757662585160296,0,0,0.8266437045039032
Jalilabad district,district,2014,20.0,,50207.0,46479.0,30.0,47.5,78500.0,9.4,,52.5,,20.0,9.4,0.9999999999999999,0.9999999999999999,0.0,0.0,15,21,1.0
Julfa district,district,2014,,,7368.0,7252.0,1258.0,,9195.0,,,,,,,0.4274287415146721,0.37918905834405076,0.3778995497051334,0.33698328568924607,0,0,0.8871398235886637
Kalbajar district,district,2014,,39.09,13201.0,12712.0,319.0,,17223.0,,41.9,,52.0,39.09,41.9,0.5118695971376446,0.48925596919191694,0.39787057674858795,0.358220020985765,0,0,0.9558215059613187
Kangarli district,district,2014,,,5897.0,5897.0,2078.0,,8475.0,,,,,,,0.4904865598639398,0.4298039852369834,0.44750477236935293,0.3970957412950144,0,0,0.876280861510681
Khachmaz district,district,2014,48.01,,25543.0,24579.0,3083.0,48.0,45379.0,,,41.49,,48.01,,0.6365225367922384,0.5521442714026052,0.414575261284325,0.47627779199006215,0,0,0.8674386836091331
Khizi district,district,2014,,,5976.0,5933.0,38.0,,10956.0,,,,,,,0.9999999999999998,0.9501922159899348,0.2297711649795895,0.3917547487472741,0,0,0.950192215989935
Khojavand district,district,2014,,,1042.0,1042.0,283.0,,1492.0,,,,,,,0.8462010337154697,0.42821607172571424,0.5228059162263543,0.39186952825585974,0,0,0.5060453186230678
Kurdamir district,district,2014,36.65,27.87,32889.0,27468.0,17236.0,48.1,41620.0,29.0,73.5,50.49,48.39,36.65,29.0,0.46686146524726746,0.4531446908936308,0.38332286859102893,0.42511615764424215,0,0,0.9706191764052068
Lachin district,district,2014,,37.5,16936.0,15140.0,1782.0,,22140.0,,26.7,,63.33,37.5,26.7,0.4509277418129878,0.43733436048106955,0.38748638690088555,0.3747184994651007,0,0,0.9698546350746462
Lankaran district,district,2014,33.3,32.08,24070.0,23640.0,479.0,48.4,31893.0,1.9,,33.93,,33.3,1.9,0.5317135607846033,0.5278798423015316,0.3487983569528651,0.38728649949617,0,0,0.9927898801801959
Lerik district,district,2014,31.71,32.34,16811.0,16753.0,341.0,48.8,15194.0,,,,,31.71,,0.37213006051291775,0.3543025343585481,0.2801379219715456,0.26012166478243165,0,0,0.9520932919802354
Masalli district,district,2014,,17.24,36488.0,35040.0,1759.0,,48960.0,,135.3,,40.0,17.24,135.3,0.5532002271579299,0.41786805398009313,0.2514234626513415,0.32183505123056133,0,0,0.7553649356344143
Neftchala district,district,2014,22.07,34.18,20869.0,19147.0,12191.0,48.0,23865.0,95.6,139.5,53.49,39.62,22.07,95.6,0.38250043237214115,0.3727542127119434,0.35952121421492406,0.3497509896924508,0,0,0.9745197159654045
Oghuz district,district,2014,35.0,38.47,12050.0,11090.0,2786.0,47.2,16083.0,72.1,48.9,60.24,60.0,35.0,72.1,0.4583423868910385,0.4337079417845206,0.42365058178738557,0.39560493165614996,0,0,0.9462531814401572
Ordubad district,district,2014,,,4832.0,4775.0,216.0,,5529.0,,,,,,,0.4283384313730131,0.34628611096044193,0.2591436221522594,0.2547985828942187,0,0,0.8084404424100883
Saatli district,district,2014,36.78,33.96,31560.0,29971.0,17688.0,48.9,37893.0,17.2,11.1,50.0,50.0,36.78,17.2,0.3791299372535174,0.378111263885527,0.32296983168621785,0.3544339687374485,0,0,0.9973131286456305
Sabirabad district,district,2014,37.5,25.71,57377.0,47799.0,22419.0,48.0,92877.0,10.4,35.8,43.04,42.7,37.5,10.4,1.0000000000000002,0.5811004703958783,0.028184966721733318,0.5418077642379902,6,0,0.5811004703958782
Sadarak district,district,2014,,,1630.0,1164.0,594.0,,1720.0,,,,,,,0.8139097141592091,0.44191355752426115,0.5842619629439516,0.41303492067026465,0,0,0.5429515704708966
Salyan district,district,2014,48.74,14.32,33293.0,31650.0,22434.0,48.0,44775.0,12.3,132.0,54.76,40.38,48.74,12.3,0.47319327493232116,0.4230812113304162,0.3966668014455613,0.39740772719013867,0,0,0.8940981069330026
Samukh district,district,2014,30.89,30.56,10247.0,9220.0,7880.0,47.2,14099.0,15.5,54.7,36.98,50.0,30.89,15.5,0.4893440188589483,0.4573190034385704,0.46225557593668287,0.43019184655629955,0,0,0.9345552123124877
Shabran district,district,2014,87.92,22.22,11512.0,10183.0,656.0,48.3,15478.0,24.5,128.3,68.05,60.0,87.92,24.5,0.48205987742776424,0.4545701957932418,0.39123574177292497,0.36853503036108104,0,0,0.9429745495907991
Shahbuz district,district,2014,,,11114.0,11114.0,326.0,,14012.0,,,,,,,0.46236864492160945,0.4264360047018809,0.3544027722869425,0.3053765392685852,0,0,0.9222857332252264
Shaki district,district,2014,38.59,43.0,36305.0,30160.0,6858.0,48.0,57508.0,25.6,62.8,48.56,70.0,38.59,25.6,0.818109364760398,0.5702414545707094,0.49911660029951044,0.5171854574410318,0,0,0.6970235021545288
Shamakhi district,district,2014,,25.0,20055.0,19733.0,431.0,,23011.0,,167.2,,80.62,25.0,167.2,0.45096895200472853,0.4441505997661518,0.3352070773661049,0.3275825549874871,0,0,0.9848806614994966
Shamkir district,district,2014,17.46,,29190.0,28636.0,9372.0,48.0,51450.0,83.3,,55.0,,17.46,83.3,0.6820525911974924,0.5373223237927347,0.506253142600036,0.49514096156248444,0,0,0.7878018949379665
Sharur district,district,2014,,,20418.0,20042.0,3994.0,,26358.0,,,,,,,0.4012354290400144,0.3933084298350584,0.3541139915980776,0.3533952843900503,0,0,0.9802435213063764
Shusha district,district,2014,30.0,,1965.0,1941.0,1075.0,48.2,1834.0,35.2,,80.0,,30.0,35.2,0.5050054726205521,0.2825762483607742,0.3721532405902408,0.26461046155868706,0,0,0.5595508636657778
Siyazan district,district,2014,,38.97,5945.0,5607.0,306.0,,11167.0,,80.1,,70.08,38.97,80.1,0.6540972386375535,0.5956180068892982,0.5047997136922985,0.4686956102881582,0,0,0.91059550737431
Tartar district,district,2014,28.88,,11757.0,11655.0,10866.0,47.8,14594.0,,,19.94,,28.88,,0.3993376423824836,0.3744759429381817,0.37776948958966916,0.352326350733608,0,0,0.9377426598304763
Tovuz district,district,2014,38.0,,17868.0,17196.0,4274.0,48.0,31786.0,49.3,,60.0,,38.0,49.3,0.5585297513457084,0.552802885850232,0.4807745736554011,0.5039969960604423,0,0,0.9897465345728169
Ujar district,district,2014,,,33127.0,21972.0,12056.0,,38359.0,,,,,,,0.5232605848669335,0.5221070354387912,0.4401916163583117,0.4888147926818597,0,0,0.9977954589711059
Yevlakh district,district,2014,25.99,25.92,30110.0,20693.0,18819.0,48.0,36512.0,96.2,68.1,51.0,43.71,25.99,96.2,0.5299020731292431,0.5276841189287486,0.4644115147622627,0.4964523174908836,0,0,0.9958144073915454
Zagatala district,district,2014,37.81,37.82,29618.0,26842.0,7715.0,48.0,42944.0,22.4,16.0,53.52,50.35,37.81,22.4,0.511406863863208,0.4784642361907376,0.39422300976873825,0.4387677461854733,0,0,0.9355843067423476
Zangilan district,district,2014,28.57,,622.0,582.0,39.0,42.9,451.0,,,30.0,,28.57,,1.0,0.23174769121330446,0.0017433343947823587,0.18868940672580214,3,0,0.23174769121330446
Zardab district,district,2014,24.68,24.21,22792.0,20531.0,16576.0,47.8,31777.0,43.5,47.6,51.12,50.2,24.68,43.5,0.46767747207961247,0.4628759857388088,0.4289502067808654,0.4352908537091861,0,0,0.9897333384063743
Absheron district,district,2015,46.92,20.65,13398.0,13398.0,101.0,48.0,42861.0,4.7,9.5,57.27,39.23,46.92,4.7,0.9999999999999996,1.0000000000000002,0.2699291893070912,0.3218469792494354,0,0,1.0000000000000007
Agdash district,district,2015,21.0,,37077.0,24864.0,12301.0,48.0,43761.0,,,,,21.0,,0.5574560328154006,0.550166211392326,0.458999107603707,0.5207440916689774,0,0,0.9869230558215368
Aghdam district,district,2015,37.03,,18400.0,18295.0,8882.0,47.0,33312.0,28.6,,45.0,,37.03,28.6,0.5724333140098159,0.5691751989382992,0.5235569656709155,0.5385324542985601,0,0,0.9943083063270827
Aghjabadi district,district,2015,26.17,,42955.0,37158.0,33025.0,48.0,89088.0,40.1,,50.98,,26.17,40.1,1.0,0.749453259686202,0.37731151803660024,0.7140923711571234,0,0,0.749453259686202
Aghstafa district,district,2015,26.19,,11796.0,9601.0,6455.0,47.6,16642.0,51.8,,60.0,,26.19,51.8,0.5588812953323901,0.5418345845384694,0.5335213108035308,0.5149258451645821,0,0,0.9694985125888276
Aghsu district,district,2015,,30.18,18867.0,15341.0,1294.0,,29419.0,,173.8,,69.91,30.18,173.8,0.6049180894097226,0.5994485449050606,0.5141212635671671,0.5285068375524936,0,0,0.9909582064077483
Astara district,district,2015,26.45,20.02,22329.0,22095.0,1124.0,48.1,30126.0,0.2,3.0,40.0,39.72,26.45,0.2,0.4298093501193248,0.4262114766765357,0.34449194958971485,0.36252717892855535,0,0,0.9916291410557023
Babak district,district,2015,,,8257.0,7823.0,1303.0,,12504.0,,,,,,,0.5238584417028984,0.49963552366315417,0.48495600868818023,0.4579784191570574,0,0,0.9537605656195914
Balakan district,district,2015,28.32,,18443.0,15648.0,2864.0,48.0,20556.0,76.6,,50.01,,28.32,76.6,0.41953423623969094,0.41063640161955983,0.3878765050037111,0.3777958985098819,0,0,0.9787911596920363
Barda district,district,2015,36.15,,42042.0,36852.0,33835.0,48.0,69047.0,0.1,,44.98,,36.15,0.1,0.7287859529035264,0.5856813910301748,0.4497569504838983,0.5581343478255207,0,0,0.8036397912127496
Beylagan district,district,2015,25.67,20.89,27271.0,25856.0,28853.0,48.1,39457.0,,42.8,22.05,23.03,25.67,42.8,0.47784598909127685,0.4770241833866142,0.42116950831339073,0.454778696659616,0,0,0.9982801870823997
Bilasuvar district,district,2015,24.07,,20187.0,18585.0,10158.0,48.0,27693.0,54.1,,42.22,,24.07,54.1,0.4708791480080485,0.46578458786166876,0.4420542115095453,0.4415811114076353,0,0,0.9891807480370894
Dashkasan district,district,2015,20.12,35.0,13350.0,13199.0,49.0,48.1,22713.0,100.0,48.2,40.0,50.0,20.12,100.0,0.7559152899948745,0.7145327783029587,0.39738752250536447,0.3120486195833707,0,0,0.9452550937391458
Fuzuli district,district,2015,36.11,,15690.0,14821.0,5975.0,48.0,20321.0,11.1,,40.0,,36.11,11.1,0.43808646973942106,0.42859316671350467,0.414790570942995,0.40383404391005573,0,0,0.9783300702448923
Gabala district,district,2015,51.31,,25057.0,24192.0,2037.0,44.0,36591.0,,,49.56,,51.31,,0.47442079544399357,0.47280295120661364,0.36918536557533443,0.41680421737200646,0,0,0.9965898538746265
Gadabay district,district,2015,,23.53,26183.0,26083.0,39.0,,43139.0,,,,,23.53,,0.8654568865940343,0.8481325293613333,0.36926573573211785,0.25922488346374206,0,0,0.9799824144899
Gakh district,district,2015,30.54,26.23,12028.0,10840.0,3862.0,47.9,15857.0,,19.0,,50.0,30.54,19.0,0.4728168694542498,0.4572665342038036,0.448266886287417,0.42963555701045225,0,0,0.9671112934942545
Gazakh district,district,2015,25.39,26.22,16070.0,14411.0,6221.0,48.0,30009.0,95.5,107.5,50.0,56.25,25.39,95.5,0.6564981392936686,0.6509311865075575,0.6079473698844802,0.6143075021811428,0,0,0.9915202306710258
Gobustan district,district,2015,,25.13,11393.0,11271.0,273.0,,18042.0,,119.0,,56.64,25.13,119.0,0.5141255242934847,0.5003799538265138,0.41080929685904566,0.38523217850690217,0,0,0.9732641741803032
Goranboy district,district,2015,25.9,,20682.0,20177.0,13686.0,48.0,36114.0,62.6,,42.28,,25.9,62.6,0.5615829466571103,0.5594955977181562,0.5079723766761925,0.5317515852619439,0,0,0.9962830977126722
Goychay district,district,2015,60.0,,24436.0,20764.0,5706.0,48.2,24935.0,11.9,,60.0,,60.0,11.9,0.3807732958058736,0.37538423217888034,0.3528189036753322,0.3503454728242482,0,0,0.9858470547006513
Goygol district,district,2015,32.73,35.03,10017.0,9928.0,1297.0,48.0,23540.0,36.1,38.6,43.64,35.9,32.73,36.1,0.7533258455264852,0.7411777339717105,0.6768951251218529,0.6714954177753535,0,0,0.9838740279164528
Guba district,district,2015,13.46,,25550.0,25352.0,519.0,48.0,38277.0,156.7,,90.04,,13.46,156.7,0.47308667333902876,0.4719579868610185,0.27299625455644316,0.34066877053762046,0,0,0.997614207836285
Gubadli district,district,2015,,,469.0,463.0,10.0,,638.0,,,,,,,1.0000000000000004,0.4307421403347997,0.0061429300323154745,0.31868547167070405,15,0,0.4307421403347995
Gusar district,district,2015,47.19,,19029.0,19009.0,5243.0,48.0,27755.0,0.4,,45.18,,47.19,0.4,0.4613752770877928,0.4564147120388498,0.4235245311940752,0.4260173861321882,0,0,0.9892483076244264
Hajigabul district,district,2015,,69.79,15990.0,14546.0,4641.0,,17217.0,,43.8,,84.05,69.79,43.8,0.38099617406260433,0.3699913494792207,0.3602952109335059,0.34665797952636124,0,0,0.9711156559236855
Imishli district,district,2015,40.47,40.36,40662.0,37221.0,20437.0,48.0,49020.0,24.3,24.5,50.0,50.18,40.47,24.3,0.44500780923314964,0.41168300978486205,0.35385782514395003,0.39031488351417365,0,0,0.9251141243887071
Ismayilli district,district,2015,73.42,43.47,24040.0,23427.0,1927.0,48.0,34868.0,7.9,33.0,39.92,60.0,73.42,7.9,0.4673815464351276,0.4652517697191776,0.37435613788229727,0.4095188075344871,0,0,0.9954431732870189
Jabrayil district,district,2015,66.67,,4010.0,3956.0,890.0,46.7,6704.0,23.3,,81.67,,66.67,23.3,0.5867838205673201,0.5297310097500729,0.5339712405711177,0.49103213735364915,0,0,0.9027703068532346
Jalilabad district,district,2015,166.67,,50295.0,46763.0,30.0,44.4,82940.0,66.7,,55.56,,,66.7,1.0,1.0,0.0,0.0,9,3,1.0
Julfa district,district,2015,,,7446.0,7326.0,1124.0,,9321.0,,,,,,,0.4262945330846713,0.3977161875251048,0.38977770879651485,0.36323791844193287,0,0,0.9329610320057982
Kalbajar district,district,2015,,32.28,13089.0,12629.0,380.0,,17396.0,,43.8,,51.78,32.28,43.8,0.4431710293667231,0.43058421994376195,0.3679236380387644,0.3459160460374404,0,0,0.9715983027118282
Kangarli district,district,2015,,,5974.0,5974.0,2155.0,,8564.0,,,,,,,0.48395163828801563,0.448114621140408,0.45157626758259695,0.42116119051400047,0,0,0.9259491769169715
Khachmaz district,district,2015,59.22,,26428.0,25475.0,3228.0,48.0,48640.0,,,35.05,,59.22,,0.6772861170475926,0.5968387987377505,0.45372311840259816,0.5398323093087272,0,0,0.8812210729188931
Khizi district,district,2015,501.0,,5114.0,5083.0,113.0,48.0,12080.0,2.1,,43.64,,,2.1,0.7806909995307092,0.7428899764159925,0.5995444203000325,0.5556117747689507,0,0,0.9515800449378311
Khojavand district,district,2015,,,1073.0,1073.0,409.0,,1680.0,,,,,,,0.7289993512676525,0.4894262219102982,0.5476673280394746,0.4605775514667865,0,0,0.6713671569929904
Kurdamir district,district,2015,36.87,27.83,33516.0,28084.0,14978.0,48.1,41786.0,29.5,71.7,50.35,48.13,36.87,29.5,0.4653423358009513,0.4651033949317442,0.39292296163060325,0.4407690320327908,0,0,0.9994865266905152
Lachin district,district,2015,,60.0,17074.0,15489.0,1989.0,,20350.0,,,,,60.0,,0.41976652508130585,0.41069433068604033,0.3822733619793033,0.371757126167484,0,0,0.978387522936689
Lankaran district,district,2015,35.43,33.82,24088.0,23661.0,597.0,48.5,32885.0,5.4,,38.33,,35.43,5.4,0.4370844931373473,0.4344526240430087,0.3005603774954595,0.338401833257292,0,0,0.9939785804903594
Lerik district,district,2015,33.33,30.38,16831.0,16783.0,423.0,47.6,15644.0,117.1,108.8,70.0,63.84,33.33,117.1,0.3015004704671754,0.29137741542962026,0.2449781010832791,0.22689960480637517,0,0,0.9664244137932209
Masalli district,district,2015,,,36448.0,35041.0,1458.0,,49018.0,,,,,,,0.519938089762068,0.4372771360254812,0.24833860923419127,0.36521359802757014,0,0,0.8410176992910564
Neftchala district,district,2015,13.68,90.0,21062.0,19356.0,12348.0,46.0,24325.0,158.1,53.8,70.0,40.0,13.68,158.1,0.3988170823511652,0.3928392828195783,0.3777181172331345,0.373139070129262,0,0,0.9850111748063907
Oghuz district,district,2015,34.48,37.96,12070.0,11258.0,2789.0,46.4,16084.0,71.4,54.4,60.0,60.0,34.48,71.4,0.46143864172995114,0.4465915424158281,0.43390440765789495,0.4154267503816173,0,0,0.9678243259852259
Ordubad district,district,2015,,,4886.0,4824.0,214.0,,5634.0,,,,,,,0.41325097448126363,0.3650793070414708,0.3244737768894653,0.30701371351873025,0,0,0.8834324165835042
Saatli district,district,2015,36.43,34.03,32064.0,31160.0,19287.0,48.7,38253.0,24.5,11.1,50.0,50.0,36.43,24.5,0.38467076224692054,0.3837476469223033,0.3418649922674231,0.3643722928787603,0,0,0.9976002456770429
Sabirabad district,district,2015,37.93,29.61,58199.0,48514.0,23252.0,48.0,97771.0,10.1,40.5,42.04,42.94,37.93,10.1,1.0000000000000002,0.6299711300295542,0.10006131855148737,0.5958961372997159,10,0,0.6299711300295541
Sadarak district,district,2015,,,1650.0,1178.0,589.0,,1742.0,,,,,,,0.6801442957066787,0.46225384706887424,0.5268655531612767,0.4376066519794025,0,0,0.6796408497237877
Salyan district,district,2015,32.72,14.07,33351.0,32014.0,20861.0,48.0,45000.0,38.3,125.2,45.24,45.52,32.72,38.3,0.4528460869561727,0.43939007943211517,0.3758765548816786,0.4174438140559869,0,0,0.9702856932815679
Samukh district,district,2015,33.7,38.46,10342.0,9346.0,7569.0,47.2,16737.0,31.6,27.3,39.43,60.03,33.7,31.6,0.5772440113818148,0.5597956423596604,0.5514088147689451,0.532911911099116,0,0,0.9697729752442363
Shabran district,district,2015,75.23,20.0,12072.0,10674.0,812.0,47.7,15485.0,28.0,,72.72,,75.23,28.0,0.4694934238608218,0.4534837039858468,0.422280655576156,0.3969795119949935,0,0,0.9659000125213234
Shahbuz district,district,2015,,,11240.0,11240.0,300.0,,14265.0,,,,,,,0.4126002019610671,0.3967191262394925,0.33888561273533024,0.3126109391721741,0,0,0.9615097723023579
Shaki district,district,2015,45.0,39.99,35496.0,29618.0,7228.0,48.0,55692.0,4.6,75.0,47.27,70.0,45.0,4.6,0.7327141379253173,0.5877799392949632,0.4974291121165818,0.5464668356090638,0,0,0.8021954386730741
Shamakhi district,district,2015,,37.27,20115.0,19797.0,364.0,,23146.0,,212.9,,80.23,37.27,212.9,0.3716885004877522,0.3654721092781096,0.260591762006142,0.24854886186911518,0,0,0.9832752662471799
Shamkir district,district,2015,18.4,,29202.0,28627.0,9822.0,46.5,54608.0,83.3,,55.0,,18.4,83.3,0.702574607234592,0.5962907974464922,0.5056751599782144,0.5597346816671603,0,0,0.8487223866424035
Sharur district,district,2015,,,20776.0,20287.0,3986.0,,26854.0,,,,,,,0.4187046697221914,0.413779365565188,0.37889458237498996,0.38173018595457564,0,0,0.9882368062427599
Shusha district,district,2015,,,2003.0,1980.0,1144.0,,1835.0,,,,,,,0.4190406540357991,0.28970003810768136,0.33048606590363816,0.27483510318636467,0,0,0.6913411272094186
Siyazan district,district,2015,,40.49,6272.0,5984.0,203.0,,12199.0,,66.4,,67.17,40.49,66.4,0.6692359551102557,0.6372506989076865,0.5642300382721973,0.5197909160344335,0,0,0.9522063093616964
Tartar district,district,2015,43.04,,11867.0,11783.0,11485.0,48.0,17742.0,,,23.33,,43.04,,0.48398573354402463,0.4706785113773266,0.46243426962034373,0.44861094912467037,0,0,0.9725049288761988
Tovuz district,district,2015,36.96,,18010.0,17360.0,4672.0,47.8,32453.0,71.7,,61.96,,36.96,71.7,0.5881055965631675,0.58436312506068,0.5261120581047808,0.5450444497691418,0,0,0.9936363953610403
Ujar district,district,2015,,18.0,33152.0,21976.0,13865.0,,38781.0,,103.3,,49.91,18.0,103.3,0.5527891131647373,0.5516301958378897,0.488457250531536,0.5239062123749798,0,0,0.9979035091335052
Yevlakh district,district,2015,25.9,25.91,27834.0,19196.0,21193.0,48.4,36534.0,97.0,68.6,51.0,43.99,25.9,97.0,0.5969850987209937,0.5949276546773637,0.5413817029111434,0.5671789661721645,0,0,0.9965536090464604
Zagatala district,district,2015,35.05,36.67,29726.0,27079.0,7681.0,48.0,43179.0,35.5,23.5,55.0,50.66,35.05,35.5,0.5008104928532251,0.49844544531263246,0.3910269323392187,0.46558965603281155,0,0,0.9952775599266731
Zangilan district,district,2015,40.0,,626.0,626.0,98.0,50.0,459.0,50.0,,60.0,,40.0,50.0,0.7396166134185304,0.2292007457348008,0.31079295183086053,0.2095338462240103,0,0,0.30989128904964425
Zardab district,district,2015,30.0,29.62,22828.0,20850.0,18570.0,48.3,31871.0,152.3,47.6,71.49,50.17,30.0,152.3,0.48111355767717495,0.47782327983766826,0.44784083606051706,0.4552857900638557,0,0,0.9931611200993956
Absheron district,district,2016,29.51,20.64,13461.0,13461.0,114.0,30.0,49389.0,1.1,9.5,42.47,39.21,29.51,1.1,0.9999999999999999,0.9999999999999999,0.0,0.2657513466652064,1,0,1.0
Agdash district,district,2016,18.03,,35733.0,24275.0,8808.0,48.0,55998.0,94.1,,35.0,,18.03,94.1,0.6855025180303961,0.6287244780027591,0.49202023238965,0.5884848651420654,0,0,0.917173112374885
Aghdam district,district,2016,44.55,,18691.0,18596.0,8314.0,59.1,34168.0,22.2,,55.0,,44.55,22.2,0.5059914141032554,0.5007801573124202,0.45949270625892624,0.4711749960172624,0,0,0.989700898778943
Aghjabadi district,district,2016,26.07,,44251.0,38429.0,29176.0,48.0,101287.0,40.1,,50.98,,26.07,40.1,1.0,0.7183592957131865,0.10011210270532689,0.6810503927154945,1,0,0.7183592957131865
Aghstafa district,district,2016,23.64,,11840.0,9606.0,6088.0,47.3,16985.0,32.7,,80.0,,23.64,32.7,0.5033916356565129,0.481914573856423,0.4761996170763254,0.4563076477270508,0,0,0.9573352827524042
Aghsu district,district,2016,,30.24,18901.0,15430.0,1038.0,,29654.0,,145.8,,80.0,30.24,145.8,0.5319418438465955,0.5237987389306266,0.4410373676645051,0.44673170560274456,0,0,0.9846917383729691
Astara district,district,2016,32.69,29.0,22331.0,22080.0,1303.0,47.3,30166.0,10.7,16.4,50.0,42.5,32.69,10.7,0.3779052879355713,0.3723623384277611,0.3078417649025509,0.313967377238297,0,0,0.9853324372937718
Babak district,district,2016,,,8355.0,7908.0,2448.0,,12667.0,,,,,,,0.46613535550909274,0.43657031412479613,0.43528260311234407,0.4067146445292506,0,0,0.936574128019088
Balakan district,district,2016,29.12,,17827.0,15607.0,3014.0,47.1,20654.0,61.6,,47.07,,29.12,61.6,0.37241035591790345,0.3606881162451145,0.3430831659191549,0.3285579405169538,0,0,0.9685233251801056
Barda district,district,2016,36.68,,42015.0,37150.0,31204.0,48.0,79830.0,1.2,,45.53,,36.68,1.2,0.7565569350833996,0.5856719202871746,0.3728301200614399,0.5555305689883068,0,0,0.7741280175068551
Beylagan district,district,2016,25.64,21.16,27614.0,26205.0,24348.0,48.0,39520.0,,43.5,20.0,22.97,25.64,43.5,0.4134337740725888,0.4110360024803617,0.36531261664509485,0.38999763280277805,0,0,0.9942003490217852
Bilasuvar district,district,2016,38.01,,20260.0,18760.0,8064.0,48.0,27995.0,2.8,,40.07,,38.01,2.8,0.41397994251640796,0.4067192510387381,0.3850150360189835,0.3823419088114192,0,0,0.9824612481620845
Dashkasan district,district,2016,18.64,35.38,13595.0,13436.0,256.0,45.0,22892.0,102.3,42.9,37.91,50.0,18.64,102.3,0.4769222816025572,0.4643664484435647,0.3208698208471008,0.30381842295858397,0,0,0.9736732091509706
Fuzuli district,district,2016,36.1,,15857.0,14992.0,6040.0,26.8,23199.0,38.9,,50.0,,36.1,38.9,0.43287394631070253,0.4217516425857381,0.4061809966270654,0.3958452435861407,0,0,0.9743059063273325
Gabala district,district,2016,47.69,,23746.0,23232.0,1972.0,18.8,38855.0,20.3,,57.86,,47.69,20.3,0.458721583190002,0.45583472440244577,0.34500905231686096,0.3956629649695297,0,0,0.9937067299788236
Gadabay district,district,2016,,25.0,23515.0,23423.0,57.0,,43786.0,,,,,25.0,,1.0,1.0,0.2560554884335122,0.1163102706237249,0,0,1.0
Gakh district,district,2016,14.21,22.48,11883.0,10826.0,3555.0,47.9,15937.0,,,,,14.21,,0.4208959381783598,0.4012228340350489,0.3953875651890713,0.3744715640358392,0,0,0.9532589831385491
Gazakh district,district,2016,59.98,60.63,16458.0,14777.0,5666.0,48.0,31172.0,11.7,72.7,70.0,62.16,59.98,11.7,0.5827928309734606,0.5749439198641697,0.5340231371992392,0.5389203859882752,0,0,0.9865322449210974
Gobustan district,district,2016,,25.57,11510.0,11386.0,86.0,,19756.0,,126.7,,75.19,25.57,126.7,0.5557799946807992,0.5109329047973288,0.21025168729251753,0.15837212217099095,0,0,0.9193078370709845
Goranboy district,district,2016,28.28,,20838.0,20375.0,13598.0,45.8,36208.0,50.7,,40.7,,28.28,50.7,0.48846288561958506,0.4843440963916483,0.44095194942266747,0.45884631325906533,0,0,0.9915678563321914
Goychay district,district,2016,60.0,,19566.0,17974.0,5728.0,47.1,25030.0,18.6,,60.0,,60.0,18.6,0.3881734030336693,0.3795449379962138,0.36071591276636045,0.35392041008024316,0,0,0.977771622244023
Goygol district,district,2016,43.98,34.52,10032.0,9944.0,1221.0,45.8,23559.0,18.9,29.8,49.65,45.18,43.98,18.9,0.6622558700844473,0.6457179032686916,0.5920838838573894,0.5730132225119302,0,0,0.9750278290267976
Guba district,district,2016,15.78,,24731.0,24559.0,612.0,47.9,38761.0,41.1,,50.08,,15.78,41.1,0.432916590382396,0.43016134874918516,0.22604119174162973,0.3156645407394413,0,0,0.9936356293696734
Gubadli district,district,2016,33.02,,494.0,488.0,10.0,47.3,652.0,83.9,,61.02,,33.02,83.9,0.9999999999999998,0.36414543093653623,0.0,0.24859839594253003,21,0,0.3641454309365363
Gusar district,district,2016,42.26,,19043.0,19023.0,5403.0,50.7,27795.0,1.3,,49.64,,42.26,1.3,0.405457969880448,0.39823072259363307,0.37255270606193014,0.36986780036660905,0,0,0.9821751011850971
Hajigabul district,district,2016,,58.71,16245.0,14802.0,3673.0,,17242.0,,42.8,,88.25,58.71,42.8,0.33130585660394174,0.3174785091491311,0.3089862641878474,0.2931370485872857,0,0,0.9582641019493342
Imishli district,district,2016,39.66,58.08,40812.0,37859.0,19493.0,56.7,49555.0,14.8,20.8,49.84,50.0,39.66,14.8,0.35766560636100375,0.35675119243186765,0.27590862530930127,0.3366647039436565,0,0,0.9974433831129595
Ismayilli district,district,2016,63.46,55.01,24050.0,23568.0,1462.0,48.0,34891.0,,23.0,38.07,58.61,63.46,23.0,0.40741120273812353,0.4034946480822535,0.3162219439971687,0.34185754839216265,0,0,0.9903867281273865
Jabrayil district,district,2016,58.33,,4048.0,4023.0,900.0,50.0,7179.0,39.0,,81.67,,58.33,39.0,0.5531647231590484,0.48636354144740446,0.4953297023138096,0.44685907992377316,0,0,0.8792381746071016
Jalilabad district,district,2016,,,50319.0,47518.0,102.0,,82361.0,,,,,,,1.0,1.0000000000000002,0.0,0.06675684871673959,17,0,1.0000000000000002
Julfa district,district,2016,,,7525.0,7396.0,1557.0,,9452.0,,,,,,,0.38269570919012985,0.34831638293280826,0.3492383516952885,0.31896759501970307,0,0,0.9101653730843339
Kalbajar district,district,2016,,35.47,12575.0,12164.0,256.0,,17493.0,,44.7,,52.33,35.47,44.7,0.4086485879619755,0.39195388728859226,0.2990690014536679,0.2707566651500375,0,0,0.9591465597455174
Kangarli district,district,2016,,,6035.0,6035.0,3020.0,,8674.0,,,,,,,0.43468541284920004,0.39173216674623884,0.4008132332821184,0.3694557695916225,0,0,0.9011854439250244
Khachmaz district,district,2016,758.63,,25925.0,25029.0,3604.0,80.4,52020.0,,,57.03,,,,0.5883881745616257,0.5664661210695889,0.36996266109985987,0.5072518646269547,0,0,0.9627421922468621
Khizi district,district,2016,55.46,,5147.0,5137.0,259.0,48.0,10344.0,42.6,,32.84,,55.46,42.6,0.5972072060193784,0.5488150817157358,0.5002897441488176,0.454921521820168,0,0,0.9189692893590565
Khojavand district,district,2016,,,1159.0,1159.0,400.0,,2200.0,,,,,,,0.7765768134837502,0.5173522428546204,0.5642616947738892,0.4835800333432465,0,0,0.6661958403493411
Kurdamir district,district,2016,35.37,28.27,33548.0,28202.0,13244.0,48.1,42786.0,12.8,72.4,61.09,49.33,35.37,12.8,0.414984339752988,0.4134936742036261,0.35154327728711393,0.38946269215316914,0,0,0.9964078992709721
Lachin district,district,2016,,,17043.0,15602.0,1887.0,,20554.0,,,,,,,0.3708236152111712,0.3590568115269503,0.33517364745495565,0.31833259173644757,0,0,0.968268461873659
Lankaran district,district,2016,39.07,34.34,23839.0,23426.0,873.0,48.6,33419.0,4.1,,42.84,,39.07,4.1,0.3931548138103734,0.3888144553058368,0.2790467660264838,0.30773149887121515,0,0,0.9889601796745898
Lerik district,district,2016,35.71,32.96,16908.0,16868.0,411.0,47.6,15696.0,146.6,,85.38,,35.71,146.6,0.2663308708933839,0.2536135709265973,0.20377018192747998,0.18496467694697183,0,0,0.9522499966897283
Masalli district,district,2016,,,36495.0,35085.0,1765.0,,49872.0,,,,,,,0.39029129572756344,0.38742031991777487,0.1776942789401904,0.3210418798346194,0,0,0.9926440178368913
Neftchala district,district,2016,16.36,187.5,21173.0,19559.0,10695.0,45.4,24415.0,157.3,141.8,70.0,60.0,16.36,157.3,0.3483473443104513,0.34021791074496166,0.32778038968066975,0.32144963545746624,0,0,0.9766628518969143
Oghuz district,district,2016,35.42,37.97,11826.0,11209.0,2553.0,46.3,16086.0,97.6,50.5,69.18,60.0,35.42,97.6,0.41005270883621164,0.39113644713056767,0.38136745859019905,0.3596852644215636,0,0,0.953868706880803
Ordubad district,district,2016,,,4950.0,4872.0,414.0,,5751.0,,,,,,,0.37875024851896866,0.32172379232846066,0.3017390880594763,0.2792753368023427,0,0,0.8494351979609276
Saatli district,district,2016,35.32,34.01,32093.0,31309.0,17620.0,48.6,38696.0,25.0,11.1,50.0,50.0,35.32,25.0,0.3390302020510187,0.33685575320243777,0.30133591636489293,0.31843317425213746,0,0,0.9935862680214735
Sabirabad district,district,2016,38.66,29.97,59188.0,49357.0,20033.0,48.0,103719.0,26.0,42.3,50.58,42.72,38.66,26.0,1.0,0.5727388689789225,0.0,0.537656876701159,20,0,0.5727388689789225
Sadarak district,district,2016,,,1670.0,1191.0,767.0,,1764.0,,,,,,,0.6582673289509643,0.4036769117099622,0.4550984708555815,0.38229553552275536,0,0,0.6132416025466045
Salyan district,district,2016,35.77,14.42,33426.0,31995.0,19091.0,48.0,45011.0,38.7,130.0,49.6,43.44,35.77,38.7,0.3842990251938685,0.3834278360230559,0.3182493426221057,0.36274888220662965,0,0,0.9977330435059701
Samukh district,district,2016,33.43,41.67,12078.0,11256.0,7612.0,47.2,29014.0,25.3,40.3,42.13,60.0,33.43,25.3,0.7140640562120121,0.7025392837791243,0.6657953365484958,0.6656264227374329,0,0,0.9838603101043558
Shabran district,district,2016,92.05,20.0,11760.0,10450.0,855.0,47.7,15541.0,20.1,,75.51,,92.05,20.1,0.42595317136710625,0.40533094510613477,0.38070457396737456,0.3509131234230085,0,0,0.9515856961581387
Shahbuz district,district,2016,,,11374.0,11374.0,304.0,,14421.0,,,,,,,0.3651384545087729,0.3455645982298269,0.28279426847181804,0.25756733597187775,0,0,0.9463933309755636
Shaki district,district,2016,38.96,43.0,35696.0,29819.0,6387.0,48.0,56845.0,,62.8,42.74,70.0,38.96,62.8,0.5882859646716772,0.5195726561776837,0.3647982830612635,0.4762526306179201,0,0,0.8831974369262023
Shamakhi district,district,2016,,35.29,20155.0,19900.0,399.0,,23261.0,,225.5,,73.74,35.29,225.5,0.3269421908978587,0.31858285230440603,0.2236508170135681,0.21508345715440075,0,0,0.9744317533001905
Shamkir district,district,2016,20.06,,29295.0,28703.0,9771.0,48.0,56355.0,82.5,,55.0,,20.06,82.5,0.5857340851502381,0.5351213202895738,0.41323818458633466,0.4999921804209705,0,0,0.9135908833994486
Sharur district,district,2016,,,21015.0,20514.0,5024.0,,27265.0,,,,,,,0.36911131644339623,0.36224486862095934,0.3376358943905669,0.3342760704788635,0,0,0.9813973521901221
Shusha district,district,2016,,,2102.0,2074.0,594.0,,1836.0,,,,,,,0.3872524699067194,0.2412742732585639,0.2583799862354934,0.22415608590982955,0,0,0.6230412767068512
Siyazan district,district,2016,,46.95,6279.0,5978.0,309.0,,12287.0,,58.6,,74.51,46.95,58.6,0.5997070167746752,0.5601921760256944,0.5139145054922456,0.46575857098659956,0,0,0.9341097575254359
Tartar district,district,2016,35.8,,11946.0,11857.0,9944.0,46.5,20127.0,,,25.9,,35.8,,0.4783612685083384,0.4626486700626636,0.4524715933053868,0.4388359174633529,0,0,0.9671532804178086
Tovuz district,district,2016,40.74,,18102.0,17450.0,4675.0,48.1,33300.0,50.0,,61.11,,40.74,50.0,0.5259810198155553,0.5201108259260542,0.469275608542813,0.48190091512508504,0,0,0.9888395328569848
Ujar district,district,2016,,18.75,33182.0,22223.0,12395.0,,38788.0,,73.9,,51.53,18.75,73.9,0.4787465916338248,0.4757094644856962,0.4251756390887961,0.4496313542329128,0,0,0.9936560861190389
Yevlakh district,district,2016,25.87,25.81,28257.0,25109.0,17284.0,48.4,36547.0,97.0,109.1,51.0,54.3,25.87,97.0,0.3999628660507655,0.3967065835561581,0.3604113325484112,0.3759049704895723,0,0,0.9918585379518856
Zagatala district,district,2016,35.12,38.41,29763.0,27310.0,7681.0,48.0,43369.0,17.8,32.9,50.0,57.06,35.12,17.8,0.434220926648894,0.43281748740387466,0.3519579043155351,0.4018405019350755,0,0,0.9967679143060875
Zangilan district,district,2016,11.25,,630.0,630.0,171.0,47.5,508.0,,,9.43,,11.25,,0.7746031746031745,0.21977093414862958,0.2490481500289743,0.2037428071337281,0,0,0.28372067318368166
Zardab district,district,2016,30.36,30.45,22853.0,20975.0,18100.0,48.2,31934.0,173.7,47.4,78.95,50.14,30.36,173.7,0.4202508567854273,0.41495255478442417,0.38825451111625636,0.39364096149866024,0,0,0.987392525403682
Absheron district,district,2017,26.89,21.69,13357.0,13357.0,247.0,31.3,48986.0,0.5,9.4,63.55,39.15,26.89,0.5,0.9999999999999994,1.0000000000000002,0.08036365836846904,0.5760220144217936,0,0,1.0000000000000009
Agdash district,district,2017,64.91,,34334.0,23862.0,7742.0,48.0,53344.0,,,63.47,,64.91,,0.6476680531633814,0.6095589111252989,0.4889431299054049,0.5778083620060644,0,0,0.9411594537480313
Aghdam district,district,2017,50.13,,18844.0,18751.0,7561.0,58.5,34612.0,22.3,,55.0,,50.13,22.3,0.5058450279552831,0.5033142298062183,0.46783087016956915,0.47919271343887804,0,0,0.9949968903335974
Aghjabadi district,district,2017,52.0,,44551.0,38680.0,23106.0,48.0,101596.0,40.4,,45.1,,52.0,40.4,1.0,0.7161880854800508,0.10247591782135568,0.6850718810154016,2,0,0.7161880854800508
Aghstafa district,district,2017,29.17,,11881.0,9642.0,5157.0,45.8,17112.0,53.6,,80.0,,29.17,53.6,0.49483042380882863,0.4839166803077553,0.4722981470998616,0.46248363796508596,0,0,0.9779444775907924
Aghsu district,district,2017,,30.26,18368.0,15534.0,2302.0,,30010.0,,167.0,,80.11,30.26,167.0,0.5308012889715705,0.5267683126487018,0.4764215031625634,0.48372814114159757,0,0,0.9924020977215737
Astara district,district,2017,32.37,28.3,20079.0,19768.0,1132.0,47.2,30186.0,7.4,14.8,30.0,42.17,32.37,7.4,0.41951011953198153,0.41637033808898205,0.34024634531294135,0.3569972142455412,0,0,0.992515600227946
Babak district,district,2017,,,8654.0,7995.0,1255.0,,12874.0,,,,,,,0.45398025136389664,0.4390682005429077,0.41899336903615975,0.4045365831915356,0,0,0.9671526442478752
Balakan district,district,2017,28.68,,17845.0,15766.0,3085.0,48.0,20784.0,91.3,,60.0,,28.68,91.3,0.3653606068610395,0.3594550250875139,0.3413670650908123,0.3353033349695708,0,0,0.9838362930687498
Barda district,district,2017,36.69,,42045.0,38294.0,26641.0,49.0,81536.0,1.2,,45.54,,36.69,1.2,0.7579368307705904,0.5805713718681357,0.3674594545973304,0.555782135141236,0,0,0.7659891277190896
Beylagan district,district,2017,25.54,22.82,27705.0,27273.0,21346.0,47.9,39573.0,17.9,67.8,32.0,43.73,25.54,17.9,0.3967820274121456,0.3956425664584248,0.35637387018770833,0.3787857970543001,0,0,0.9971282445398234
Bilasuvar district,district,2017,89.73,,19651.0,18381.0,6573.0,48.0,28008.0,44.1,,39.53,,89.73,44.1,0.41924769572456483,0.41547979677109176,0.3959107765124124,0.394603004670708,0,0,0.9910127139829327
Dashkasan district,district,2017,13.68,35.22,12433.0,12307.0,251.0,48.0,23548.0,119.8,45.2,42.19,50.0,13.68,119.8,0.5362808199240101,0.5217215481803262,0.3391235316123149,0.32882654426088453,0,0,0.9728514032149297
Fuzuli district,district,2017,31.83,,16028.0,15067.0,6216.0,30.6,24560.0,57.2,,50.0,,31.83,57.2,0.4498181464073105,0.44446597681948313,0.4282437383024425,0.42335449862443186,0,0,0.9881014813862556
Gabala district,district,2017,57.16,,23183.0,22658.0,1599.0,17.4,40313.0,12.6,,68.33,,57.16,12.6,0.4863963620949791,0.4851326385549651,0.3439613287666291,0.4240335501247745,0,0,0.9974018647372875
Gadabay district,district,2017,,26.32,23783.0,23702.0,10.0,,42816.0,,172.7,,75.0,26.32,172.7,0.9999999999999998,1.0,0.0,0.0,5,0,1.0000000000000002
Gakh district,district,2017,21.23,31.58,11345.0,10314.0,2672.0,47.8,15985.0,263.4,,75.0,,21.23,263.4,0.4331565713820833,0.4225931580250469,0.4088942553820965,0.39832917637100773,0,0,0.9756129444756396
Gazakh district,district,2017,39.94,38.57,16595.0,15142.0,3338.0,48.1,31180.0,65.7,56.5,66.18,61.64,39.94,65.7,0.5653565003780647,0.5614742152466067,0.5177020799620684,0.5263223878872396,0,0,0.9931330317616196
Gobustan district,district,2017,,27.92,11578.0,11452.0,84.0,,20088.0,,107.6,,66.12,27.92,107.6,0.7287088238656327,0.6965186586337668,0.45993428054132,0.37524013954068924,0,0,0.9558257507283849
Goranboy district,district,2017,13.42,,21097.0,20656.0,13882.0,45.2,37061.0,42.1,,42.17,,13.42,42.1,0.4911300869040182,0.48922411513234343,0.45056241459694046,0.4682711606084259,0,0,0.9961192119511765
Goychay district,district,2017,11.76,,19597.0,18135.0,5768.0,48.0,20298.0,4.3,,90.78,,11.76,4.3,0.3104142451675991,0.3051916421690275,0.2947850468558825,0.2891738474100631,0,0,0.9831753758731279
Goygol district,district,2017,40.09,,10064.0,9972.0,851.0,41.6,23698.0,31.4,,47.12,,40.09,31.4,0.65635926004015,0.6479871194155217,0.5792563425121786,0.5740122765814265,0,0,0.9872445760510544
Guba district,district,2017,54.6,,24357.0,24208.0,567.0,48.0,37938.0,,,44.66,,54.6,,0.4288259695275042,0.427319261658827,0.21276866559917196,0.2947325076910321,0,0,0.9964864351141389
Gubadli district,district,2017,33.02,,560.0,554.0,13.0,47.2,687.0,141.3,,80.0,,33.02,141.3,0.9999999999999992,0.338130167891482,0.0,0.2334474371708239,15,0,0.33813016789148226
Gusar district,district,2017,38.7,,19008.0,19005.0,5034.0,48.0,28710.0,0.5,,59.95,,38.7,0.5,0.4154321725134116,0.4119099344170981,0.38740422722977863,0.3885234152131697,0,0,0.9915215086135396
Hajigabul district,district,2017,,83.02,16424.0,15457.0,3083.0,,17253.0,,37.3,,71.08,83.02,37.3,0.3111299654553219,0.30435214240811953,0.2916332997222883,0.28413626052009266,0,0,0.978215460419303
Imishli district,district,2017,39.92,40.0,40839.0,38235.0,17985.0,48.7,49630.0,11.1,20.3,50.0,50.0,39.92,11.1,0.35744682410150186,0.3539322430780631,0.2834242212940063,0.33777928624436016,0,0,0.9901675416132926
Ismayilli district,district,2017,63.35,60.0,24082.0,23709.0,1194.0,48.0,34950.0,,23.1,44.02,80.0,63.35,23.1,0.40390343764388714,0.4019489432713009,0.3015548639903505,0.3377077619001493,0,0,0.9951609860416452
Jabrayil district,district,2017,,,4105.0,4083.0,954.0,,7610.0,,,,,,,0.5416648056989114,0.5082088512066092,0.4890730988514075,0.47744241563069967,0,0,0.9382349487352535
Jalilabad district,district,2017,,,50331.0,48853.0,48.0,,82445.0,,,,,,,0.9999999999999999,0.9052906044575598,0.0,0.19970535104393528,21,0,0.9052906044575599
Julfa district,district,2017,,,7704.0,7468.0,399.0,,9594.0,,,,,,,0.3743051734982649,0.35029372098946504,0.3098940852118904,0.2973199067483338,0,0,0.9358505994336432
Kalbajar district,district,2017,,30.41,12469.0,12101.0,146.0,,16936.0,,61.4,,58.1,30.41,61.4,0.49483362482192095,0.4656588956599282,0.3318686017277015,0.27315768679582864,0,0,0.9410413365249946
Kangarli district,district,2017,,,6110.0,6110.0,2486.0,,8798.0,,,,,,,0.414341560855902,0.39262657830090475,0.3828133274215816,0.37387599126580484,0,0,0.9475915896292402
Khachmaz district,district,2017,62.2,,26335.0,25394.0,4520.0,44.5,60569.0,5.8,,70.22,,62.2,5.8,0.8257279623859373,0.6503636144732593,0.5183910879254834,0.6035401555459248,0,0,0.787624549608368
Khizi district,district,2017,65.89,,4685.0,4675.0,300.0,48.0,9468.0,12.9,,63.55,,65.89,12.9,0.5835477781107018,0.5522218440235354,0.4934371500324187,0.478827399111201,0,0,0.9463181332150943
Khojavand district,district,2017,,,949.0,949.0,394.0,,2298.0,,,,,,,0.8226902165380727,0.6602687755306706,0.5786814701265228,0.6289798431497494,0,0,0.8025727816590785
Kurdamir district,district,2017,36.99,29.02,33571.0,28522.0,12975.0,48.1,42834.0,25.4,69.7,50.8,50.08,36.99,25.4,0.4102042719840963,0.4094921725302121,0.352882647787827,0.3906369173347697,0,0,0.9982640369627553
Lachin district,district,2017,,,15048.0,13770.0,1463.0,,19846.0,,,,,,,0.39997152262220337,0.3929850186769533,0.36241682037978123,0.353325770678146,0,0,0.9825324965651386
Lankaran district,district,2017,45.52,,23504.0,23002.0,929.0,49.2,33790.0,5.9,,47.02,,45.52,5.9,0.4027336483877295,0.4005525865082968,0.28596486939417676,0.3218502533681618,0,0,0.9945843564644667
Lerik district,district,2017,39.58,21.93,16532.0,16485.0,389.0,47.9,15967.0,,127.0,,73.76,39.58,127.0,0.2776723318745235,0.2641017759482909,0.20235997450575777,0.18275862618880895,0,0,0.9511274463875465
Masalli district,district,2017,,,36505.0,35092.0,3921.0,,50101.0,,,,,,,0.39592179975483793,0.3892917691424982,0.2358628931617598,0.35120901340151767,0,0,0.983254191569029
Neftchala district,district,2017,20.03,34.29,21039.0,19802.0,8746.0,46.1,24508.0,62.3,44.4,60.79,60.0,20.03,62.3,0.3415515029061843,0.3374704598593896,0.3255270906190232,0.3217927658095136,0,0,0.9880514563336129
Oghuz district,district,2017,34.69,38.1,11257.0,10843.0,2093.0,47.0,16086.0,97.1,50.5,69.0,60.0,34.69,97.1,0.41453316195604534,0.40451586054138555,0.3880781856511737,0.3770930384085486,0,0,0.9758347405370623
Ordubad district,district,2017,,,5011.0,4927.0,687.0,,5846.0,,,,,,,0.35243590993462875,0.32352898598060253,0.2983371689430242,0.2959801179530818,0,0,0.9179796293760532
Saatli district,district,2017,34.6,34.1,32135.0,31415.0,13299.0,49.0,38753.0,25.0,11.1,57.2,50.0,34.6,25.0,0.3374360729341925,0.3363606724899831,0.30297721204860845,0.3205200088247359,0,0,0.9968130246572093
Sabirabad district,district,2017,38.53,,60171.0,51129.0,19342.0,48.1,106852.0,27.1,,51.41,,38.53,27.1,0.9999999999999998,0.5698391776153128,0.0,0.5418216969695382,21,0,0.5698391776153129
Sadarak district,district,2017,,,1699.0,1210.0,329.0,,1786.0,,,,,,,0.5321626607862506,0.402469553621831,0.3129419497656438,0.3799014074147724,0,0,0.7562904789809889
Salyan district,district,2017,33.76,17.29,33292.0,31950.0,18079.0,48.0,45857.0,48.1,83.8,49.99,32.12,33.76,48.1,0.3916790799091991,0.3913557551207345,0.3249199566928434,0.3741921248250941,0,0,0.9991745160641728
Samukh district,district,2017,40.88,40.78,11750.0,10964.0,5893.0,47.1,30413.0,18.9,19.8,50.25,50.0,40.88,18.9,0.761950259577448,0.7563576135408799,0.7202380577053964,0.7228931828496874,0,0,0.9926600903848113
Shabran district,district,2017,72.0,,11770.0,10479.0,828.0,48.0,14602.0,10.9,,79.41,,72.0,10.9,0.39078543033055196,0.37995262698398613,0.34901220545194406,0.3347464521270802,0,0,0.9722794083254263
Shahbuz district,district,2017,,,11524.0,11524.0,217.0,,14865.0,,,,,,,0.3753733650041044,0.35172125307271035,0.24156966417863313,0.20667292119219055,0,0,0.9369904363589158
Shaki district,district,2017,36.84,40.0,35921.0,30029.0,5583.0,48.0,58261.0,30.0,75.0,47.82,70.0,36.84,30.0,0.6273971111430041,0.5290223404219783,0.40695536220966233,0.4921704278826622,0,0,0.8432017473880222
Shamakhi district,district,2017,,32.1,13602.0,13339.0,485.0,,20319.0,,55.6,,70.0,32.1,55.6,0.4224468903457384,0.41535171267150445,0.33531579515435384,0.32586345659456784,0,0,0.9832045688194624
Shamkir district,district,2017,17.53,,29328.0,28729.0,9777.0,47.7,58159.0,83.3,,55.0,,17.53,83.3,0.6186181198714151,0.5519927441543144,0.44092870225262915,0.5237420366512889,0,0,0.8922996698982091
Sharur district,district,2017,,,21468.0,20756.0,7857.0,,27698.0,,,,,,,0.36725225108307613,0.36386618444368246,0.34757207074490143,0.3459808752873,0,0,0.990779997591825
Shusha district,district,2017,,,2168.0,2138.0,504.0,,1838.0,,,,,,,0.31698334069843637,0.2344092546706899,0.1886299177559368,0.22028807421659485,0,0,0.7395002341580351
Siyazan district,district,2017,,42.49,6245.0,6002.0,335.0,,12338.0,,64.8,,70.0,42.49,64.8,0.580671560016348,0.560513042557039,0.4954249793863893,0.478906234912825,0,0,0.965284131603171
Tartar district,district,2017,32.55,,12022.0,11938.0,8294.0,45.4,21630.0,,,27.65,,32.55,,0.5016050348333294,0.49403974933651457,0.4795985290317706,0.4729459107775875,0,0,0.9849178437785645
Tovuz district,district,2017,47.17,,18156.0,17582.0,3294.0,47.2,33365.0,20.0,,60.0,,47.17,20.0,0.5203729868381755,0.5174397653483283,0.46618761570977174,0.4815990479933605,0,0,0.9943632325965465
Ujar district,district,2017,,,33209.0,22687.0,10241.0,,38793.0,,,,,,,0.467727287127044,0.4662439862462129,0.42066474843382873,0.4447300410816771,0,0,0.9968287056974117
Yardimli district,district,2017,38.98,39.08,14497.0,14424.0,2.0,48.0,17091.0,15.1,10.9,70.0,62.0,38.98,15.1,1.0000000000000022,0.9999999999999981,0.0,0.0,12,10,0.9999999999999959
Yevlakh district,district,2017,25.99,25.92,28395.0,25253.0,15493.0,51.0,36560.0,92.3,96.9,50.0,51.18,25.99,92.3,0.3963817985585403,0.3947572875002425,0.364546238702152,0.37767524767066774,0,0,0.9959016507210842
Zagatala district,district,2017,34.94,40.7,29615.0,27258.0,7685.0,48.0,43495.0,5.3,15.8,40.0,55.0,34.94,5.3,0.4357582613880461,0.43509319996393103,0.3610372989980022,0.41109753245023106,0,0,0.9984737835560556
Zangilan district,district,2017,68.46,,475.0,475.0,175.0,15.4,1163.0,9.4,,100.0,,68.46,9.4,1.0,0.6676103376474912,0.3240661550282673,0.6344510272088406,0,0,0.6676103376474912
Zardab district,district,2017,29.87,30.58,22867.0,21031.0,18612.0,48.1,31944.0,97.7,50.4,52.0,51.19,29.87,97.7,0.4168335079908432,0.41415825450234917,0.3925666613868001,0.3965126046536619,0,0,0.9935819615333017
Absheron district,district,2018,25.82,20.92,13149.0,13149.0,167.0,30.7,52426.0,0.9,9.5,65.81,39.1,25.82,0.9,1.0,1.0,0.0,0.5006123464745753,2,0,1.0
Agdash district,district,2018,61.99,,31727.0,22314.0,7235.0,48.0,52656.0,,,45.0,,61.99,,0.5945655691082751,0.5918565229580773,0.4395525468332365,0.5515712071134697,0,0,0.9954436545085166
Aghdam district,district,2018,72.78,,19147.0,19059.0,8185.0,8.6,35866.0,22.9,,60.06,,72.78,22.9,0.4757705506015606,0.4719856951240527,0.4390290446660441,0.4428450874420323,0,0,0.9920447882435717
Aghjabadi district,district,2018,52.05,,44612.0,38463.0,19821.0,48.0,101710.0,40.5,,45.02,,52.05,40.5,1.0000000000000002,0.6632335721595457,0.07006812260885242,0.6233938089528305,3,0,0.6632335721595456
Aghstafa district,district,2018,68.18,,11907.0,9669.0,5487.0,6.8,17170.0,44.2,,52.27,,68.18,44.2,0.46126742229107315,0.44538412898678614,0.44162654551751923,0.418963801212723,0,0,0.9655659764017235
Aghsu district,district,2018,,,18421.0,15863.0,1282.0,,30165.0,,,,,,,0.4830532017555932,0.4769402858136914,0.4126639997820255,0.409578816051844,0,0,0.9873452532356991
Astara district,district,2018,32.39,,20015.0,19769.0,1332.0,43.1,27164.0,20.0,,30.0,,32.39,20.0,0.3501979119700426,0.3446315414945878,0.30192727736666036,0.2918615374707204,0,0,0.9841050723456884
Babak district,district,2018,,,8756.0,8085.0,1134.0,,13062.0,,,,,,,0.4264142221460069,0.4052058040002954,0.39591407945164064,0.362812854094702,0,0,0.9502633424397143
Balakan district,district,2018,27.96,,17697.0,15808.0,2800.0,47.0,21065.0,115.0,,60.0,,27.96,115.0,0.34286029762380626,0.33421854055208877,0.3192779292230099,0.30412968960042275,0,0,0.9747951071278617
Barda district,district,2018,37.62,,42635.0,39542.0,26776.0,48.0,82008.0,9.6,,47.38,,37.62,9.6,0.7167912136204491,0.5201679514266994,0.3215265202286206,0.4896565778869679,0,0,0.7256896311540665
Beylagan district,district,2018,25.6,19.71,27827.0,27438.0,20748.0,47.9,39621.0,59.6,73.2,40.87,44.58,25.6,59.6,0.3642083297255803,0.36217542881910697,0.33319157107866226,0.3409798923700605,0,0,0.9944183019976367
Bilasuvar district,district,2018,28.3,,19464.0,18339.0,5562.0,48.0,27105.0,49.5,,45.16,,28.3,49.5,0.37671201794694087,0.37069759062572555,0.35372922141073976,0.34475323530582974,0,0,0.9840344161197893
Dashkasan district,district,2018,14.9,35.21,11628.0,11470.0,282.0,47.1,22763.0,56.1,42.7,47.69,49.93,14.9,56.1,0.5090161802901866,0.49775093292955036,0.37676928651259745,0.37032760314094926,0,0,0.9778685868999017
Fuzuli district,district,2018,33.01,,16030.0,15195.0,5787.0,30.3,27916.0,33.0,,43.93,,33.01,33.0,0.46781154470610004,0.4607851638688278,0.4417770976182089,0.43131875493425625,0,0,0.9849803175727813
Gabala district,district,2018,56.97,,22550.0,22019.0,1218.0,4.6,40472.0,28.7,,68.3,,56.97,28.7,0.4633671402817945,0.46100228407733523,0.32909804968303813,0.3838172362258482,0,0,0.9948963661881136
Gadabay district,district,2018,,27.27,21712.0,21614.0,10.0,,50392.0,,,,,27.27,,1.0,1.0,0.0,0.0,25,11,1.0
Gakh district,district,2018,14.43,41.67,11923.0,10863.0,2755.0,48.0,16081.0,198.1,,100.0,,14.43,198.1,0.38586077396133883,0.37128659922625473,0.36564079764838936,0.3430059905090004,0,0,0.9622294472032953
Gazakh district,district,2018,45.95,38.85,16657.0,15187.0,3572.0,34.6,31212.0,163.4,60.9,93.93,62.09,45.95,163.4,0.5215454640519204,0.5154607573351921,0.4771711794185233,0.4747692489866412,0,0,0.9883333148572403
Gobustan district,district,2018,,28.4,12168.0,12016.0,42.0,,20319.0,,106.7,,65.8,28.4,106.7,0.6599767635074997,0.616762063807818,0.3138447295804154,0.27258793051636154,0,0,0.9345208769623741
Goranboy district,district,2018,13.11,,19911.0,19370.0,13821.0,14.7,35114.0,10.0,,55.0,,13.11,10.0,0.45856360474144164,0.4546704048626221,0.4281133096548589,0.4280464824992427,0,0,0.9915100111771524
Goychay district,district,2018,57.05,,18720.0,17370.0,6008.0,48.0,20588.0,31.9,,64.55,,57.05,31.9,0.3052606053374076,0.29727633858056834,0.2907811405420449,0.2775820929160784,0,0,0.973844424674405
Goygol district,district,2018,46.89,,10084.0,9984.0,803.0,46.7,23717.0,34.2,,54.43,,46.89,34.2,0.6083266554668623,0.5958009391534295,0.5421729382757936,0.5114713977132076,0,0,0.9794095553747848
Guba district,district,2018,48.53,,24458.0,24293.0,592.0,48.0,41363.0,17.3,,54.31,,48.53,17.3,0.42903190873475117,0.42704818659356847,0.21866203622654856,0.31674177848871954,0,0,0.9953762829738402
Gubadli district,district,2018,33.02,,537.0,537.0,14.0,47.1,779.0,141.2,,79.99,,33.02,141.2,1.0000000000000027,0.3638389370108696,0.0,0.2749963789589858,10,0,0.36383893701086867
Gusar district,district,2018,63.61,,18488.0,18485.0,5263.0,48.0,28762.0,,,44.99,,63.61,,0.3958288915007728,0.39025244191586206,0.36916522281894293,0.3621453604038263,0,0,0.9859119692759976
Hajigabul district,district,2018,,76.45,16618.0,15725.0,2449.0,,18282.0,,45.0,,78.89,76.45,45.0,0.3010526093337277,0.29159431505757194,0.28049070203084975,0.26309901081016546,0,0,0.9685825866213607
Imishli district,district,2018,40.0,40.0,40887.0,38730.0,16178.0,49.0,49633.0,11.0,11.4,50.0,50.0,40.0,11.0,0.32173127163419085,0.32141713938983396,0.2595407065418756,0.3014132988270027,0,0,0.9990236191752163
Ismayilli district,district,2018,88.04,60.0,24105.0,23759.0,1169.0,48.0,35506.0,,23.0,48.63,79.92,88.04,23.0,0.3779194094174033,0.3748172702320202,0.2892576700558193,0.3082056868345753,0,0,0.9917915325117455
Jabrayil district,district,2018,,,4166.0,4158.0,989.0,,7895.0,,,,,,,0.5228782556538654,0.47622660214694706,0.47728023579138856,0.4388343795366735,0,0,0.910779128788632
Jalilabad district,district,2018,,,48858.0,47718.0,148.0,,72471.0,,,,,,,1.0,0.5649095777462021,0.0,0.23887330903645954,28,0,0.5649095777462021
Julfa district,district,2018,,,7786.0,7543.0,326.0,,9716.0,,,,,,,0.34772924732672605,0.32306462088777715,0.28693091728265485,0.2615151757717985,0,0,0.929069450934698
Kalbajar district,district,2018,,36.03,12379.0,11999.0,151.0,,17111.0,,94.4,,70.0,36.03,94.4,0.39252340464229757,0.35908074251314454,0.2327259918237401,0.18012861559423432,0,0,0.9148008456728103
Kangarli district,district,2018,,,6182.0,6182.0,2660.0,,8915.0,,,,,,,0.3923506202602365,0.3616915385828979,0.36507425332952836,0.3393713637487102,0,0,0.9218579502767111
Khachmaz district,district,2018,60.81,,26491.0,25626.0,4663.0,2.4,63822.0,4.6,,67.36,,60.81,4.6,0.8230713835061791,0.6246483397726795,0.418693388323369,0.5691229285049079,0,0,0.7589236514477726
Khizi district,district,2018,62.11,,5207.0,5191.0,265.0,47.8,6992.0,61.6,,79.49,,62.11,61.6,0.3759543891597106,0.33782858407064753,0.29926753344833795,0.278973091682161,0,0,0.898589280539383
Khojavand district,district,2018,,,922.0,922.0,410.0,,2510.0,,,,,,,0.9186219884144624,0.6827925952523267,0.689439645865138,0.6409306698149618,0,0,0.7432791767055607
Kurdamir district,district,2018,40.59,30.79,33025.0,28607.0,10131.0,48.7,43265.0,23.7,66.7,55.23,51.68,40.59,23.7,0.38071901672571834,0.3793240634995133,0.33220514498444065,0.354450078545846,0,0,0.9963360032860927
Lachin district,district,2018,,,14767.0,13732.0,1837.0,,15610.0,,,,,,,0.29679037615363996,0.28511174654024435,0.27580180446677327,0.25435977303561447,0,0,0.9606502415450631
Lankaran district,district,2018,43.13,,23953.0,23530.0,609.0,49.2,34089.0,5.1,,43.45,,43.13,5.1,0.36675567374117923,0.36336102035971973,0.2359662847987256,0.2742137223023179,0,0,0.9907441012518456
Lerik district,district,2018,36.17,18.03,16745.0,16701.0,318.0,48.9,15979.0,180.8,102.8,94.8,62.95,36.17,180.8,0.2505326804075854,0.2399678845228165,0.17733490840600125,0.16018710742930087,0,0,0.9578306675696707
Masalli district,district,2018,,,36567.0,35126.0,2425.0,,50194.0,,,,,,,0.3586777091466211,0.3584009164850574,0.17815534773150266,0.3041110301781386,0,0,0.9992282970072986
Neftchala district,district,2018,21.43,33.93,20959.0,19877.0,8870.0,46.7,27163.0,113.3,93.4,50.0,50.23,21.43,113.3,0.348282742218716,0.3427463969985433,0.33021978020479736,0.32174310091955594,0,0,0.9841038772552906
Oghuz district,district,2018,38.24,38.24,10467.0,10112.0,1712.0,47.2,15389.0,73.6,50.4,65.9,60.0,38.24,73.6,0.3976521921212205,0.38169752236968624,0.37299916636463765,0.3464559605481272,0,0,0.9598778277408047
Ordubad district,district,2018,,,5070.0,4975.0,677.0,,5920.0,,,,,,,0.3391718280727024,0.2984520895401357,0.29265167493456434,0.26662828737245564,0,0,0.8799436298587914
Saatli district,district,2018,33.14,33.23,32208.0,31531.0,13688.0,48.2,41852.0,24.2,11.1,50.0,50.0,33.14,24.2,0.3343689855974091,0.33290818600165134,0.2990257379472309,0.312402117013608,0,0,0.9956311749633485
Sabirabad district,district,2018,16.53,,60927.0,55613.0,20141.0,41.5,113994.0,100.0,,30.88,,16.53,100.0,1.0000000000000007,0.514104815651136,0.0,0.4806590476714582,30,0,0.5141048156511356
Sadarak district,district,2018,,,1722.0,1224.0,320.0,,1810.0,,,,,,,0.5510222346985868,0.370888322139217,0.3583542554905903,0.34304034030727143,0,0,0.6730913904809951
Salyan district,district,2018,31.67,15.44,33304.0,31994.0,19840.0,48.0,49957.0,57.6,126.2,49.8,47.73,31.67,57.6,0.3919642263675241,0.3916280697787819,0.32128308862073224,0.36858265558715747,0,0,0.9991423794159546
Samukh district,district,2018,46.28,36.63,12377.0,11572.0,6509.0,47.0,30785.0,54.2,36.6,60.92,71.25,46.28,54.2,0.6753780526398034,0.6672317980530398,0.6369892911700753,0.6276139620370411,0,0,0.9879382302179899
Shabran district,district,2018,94.38,,11900.0,10587.0,647.0,48.3,15011.0,16.9,,80.62,,94.38,16.9,0.3710115337096785,0.35561716390660003,0.3307568202443808,0.2987265239997428,0,0,0.9585070317109744
Shahbuz district,district,2018,,,11657.0,11657.0,212.0,,15042.0,,,,,,,0.34057042691118355,0.3236419357415745,0.23494204568407023,0.21061066011049945,0,0,0.9502937136288002
Shaki district,district,2018,36.5,40.0,35944.0,30605.0,5001.0,48.0,58973.0,33.8,50.9,65.57,60.36,36.5,33.8,0.543962380830503,0.4832889212002812,0.2795359846407184,0.43764083832929523,0,0,0.8884601917919626
Shamakhi district,district,2018,29.9,76.99,13584.0,13298.0,450.0,41.0,21796.0,,38.4,,75.26,29.9,38.4,0.42112302129411455,0.41108958386464295,0.34216331494049823,0.32206990552482184,0,0,0.9761745691350742
Shamkir district,district,2018,16.5,,28303.0,27780.0,9882.0,47.8,59438.0,88.5,,56.54,,16.5,88.5,0.6029737372653724,0.5366337074600429,0.43449962965085565,0.5015012750588663,0,0,0.8899785750102531
Sharur district,district,2018,,,21725.0,20998.0,7934.0,,28087.0,,,,,,,0.34053434459012966,0.33548524568778193,0.3213992007755903,0.31397561470430746,0,0,0.9851730112320246
Shusha district,district,2018,,,2307.0,2268.0,391.0,,1842.0,,,,,,,0.3008543933908129,0.20370072646614823,0.17904595474349244,0.1850894974277836,0,0,0.6770741293498046
Siyazan district,district,2018,,58.31,6374.0,6145.0,377.0,,12373.0,,20.0,,70.0,58.31,20.0,0.5334014205372307,0.5050090115783953,0.4726806180623069,0.4243645908977898,0,0,0.9467710285993629
Tartar district,district,2018,33.93,,12156.0,12079.0,7264.0,42.6,22127.0,12.0,,30.0,,33.93,12.0,0.4703758943422436,0.45944926043806134,0.4498784202662906,0.4323472624488788,0,0,0.9767704211980045
Tovuz district,district,2018,54.55,,18258.0,17693.0,3609.0,47.3,33596.0,24.2,,70.0,,54.55,24.2,0.48088277050437733,0.4762468292826455,0.43014355624181366,0.43595955258564056,0,0,0.990359518980334
Ujar district,district,2018,,,33217.0,23078.0,9761.0,,62269.0,,,,,,,0.7888340338614732,0.6767366925209001,0.5547358287008495,0.6347766745978322,0,0,0.857894897369174
Yardimli district,district,2018,38.99,38.89,14666.0,14600.0,9.0,48.0,23887.0,21.2,11.2,65.0,66.54,38.99,21.2,1.0000000000000213,0.6955434506992927,0.08511787056796827,0.035042284523964184,1,3,0.6955434506992778
Yevlakh district,district,2018,25.99,25.93,28418.0,25256.0,15612.0,51.4,36574.0,169.2,115.7,70.0,56.18,25.99,169.2,0.3659407989862621,0.3632067356360973,0.33916603362100606,0.34182941825434887,0,0,0.9925286730593069
Zagatala district,district,2018,35.17,,29465.0,27251.0,7791.0,47.9,43590.0,10.7,,46.31,,35.17,10.7,0.40260271821721516,0.4011903031496502,0.3430096085933116,0.37235445057721855,0,0,0.9964917895392775
Zangilan district,district,2018,10.47,,393.0,393.0,51.0,5.2,668.0,,,120.0,,10.47,,0.9999999999999998,0.42631431347944304,0.0,0.37937515095676133,0,0,0.42631431347944315
Zardab district,district,2018,28.85,31.16,22873.0,21353.0,19497.0,48.1,31957.0,100.5,50.8,47.69,52.53,28.85,100.5,0.37954009647587983,0.37536442037018936,0.35783215195812285,0.3533970266141525,0,0,0.9889980633285848
Absheron district,district,2019,18.49,23.46,13184.0,13184.0,135.0,30.1,49501.0,11.5,9.7,43.93,40.0,18.49,11.5,1.0000000000000004,1.0000000000000004,0.07946977391436838,0.43175947920376223,0,0,1.0
Agdash district,district,2019,96.94,,32134.0,23285.0,8997.0,48.0,58027.0,,,80.0,,96.94,,0.6911732699438814,0.6637233517930031,0.5329561064751627,0.6282260580135881,0,0,0.9602850408941495
Aghdam district,district,2019,37.15,,19165.0,19079.0,8409.0,8.4,37873.0,71.7,,60.6,,37.15,71.7,0.5323942865538658,0.5286975790494596,0.49030698777991133,0.5013167149936328,0,0,0.9930564478286673
Aghjabadi district,district,2019,34.27,,42513.0,38572.0,22071.0,48.0,123886.0,27.5,,45.02,,34.27,27.5,1.0,0.855427671113222,0.0,0.8131969980956861,19,0,0.855427671113222
Aghstafa district,district,2019,27.78,,11938.0,9696.0,5362.0,16.7,17245.0,80.0,,50.0,,27.78,80.0,0.4938787216433563,0.4737004679640104,0.47119023474331323,0.45016738474396856,0,0,0.9591433022013911
Aghsu district,district,2019,,,18453.0,16126.0,1066.0,,30354.0,,,,,,,0.5085303958411784,0.50132861740901,0.4396121110631006,0.4424934028212467,0,0,0.98583805709341
Astara district,district,2019,28.24,,20005.0,19760.0,1336.0,27.6,27338.0,22.1,,32.82,,28.24,22.1,0.37528234321068393,0.3684792365459106,0.3312517880741622,0.3258865537842831,0,0,0.9818720310511543
Babak district,district,2019,,,8879.0,8174.0,1124.0,,13336.0,,,,,,,0.46137051888953556,0.43453441218081207,0.4253775540068706,0.39856996944505824,0,0,0.9418339369118884
Balakan district,district,2019,27.0,,18104.0,16300.0,2685.0,47.0,21158.0,92.0,,62.16,,27.0,92.0,0.35626347478356624,0.34571659765688584,0.33161188334944425,0.31941394494500464,0,0,0.9703958506184567
Barda district,district,2019,37.75,,42003.0,39380.0,28783.0,48.0,82618.0,4.7,,46.66,,37.75,4.7,0.6218133560610927,0.5587688503535475,0.3282770373941103,0.5319035372704926,0,0,0.8986118501749405
Beylagan district,district,2019,38.65,35.56,28282.0,27890.0,22634.0,19.3,39663.0,7.4,,43.98,,38.65,7.4,0.3809049296431271,0.3787653720668669,0.3508487136591934,0.36057959364667114,0,0,0.9943829617057863
Bilasuvar district,district,2019,41.42,,19393.0,18263.0,6289.0,48.0,27165.0,11.1,,46.0,,41.42,11.1,0.40357837966300153,0.3961601725260814,0.3814694479570464,0.3740806674079093,0,0,0.981618918379338
Dashkasan district,district,2019,35.29,35.2,10751.0,10639.0,160.0,47.7,22174.0,30.3,41.9,64.31,49.94,35.29,30.3,0.5706863019878422,0.5551066833766667,0.3722987593090048,0.34644877621847303,0,0,0.9727002057752081
Fuzuli district,district,2019,34.05,,16120.0,15306.0,6279.0,35.1,28135.0,46.9,,50.0,,34.05,46.9,0.49804105171754676,0.48957409793592144,0.4719921605832762,0.46382429148693194,0,0,0.9829994861820605
Gabala district,district,2019,57.74,,22301.0,21729.0,1438.0,5.0,40502.0,5.8,,67.52,,57.74,5.8,0.49895564320946156,0.4964436400231745,0.3788724072407471,0.4382290491905201,0,0,0.9949654779528517
Gadabay district,district,2019,,25.0,22072.0,21962.0,24.0,,47483.0,,,,,25.0,,1.0,1.0,0.0,0.0,17,8,1.0
Gakh district,district,2019,14.31,,12015.0,10940.0,2690.0,48.0,16115.0,,,,,14.31,,0.4108354739087194,0.3923252044434538,0.38725403274785525,0.3672133159378521,0,0,0.9549448121186871
Gazakh district,district,2019,28.97,40.73,16457.0,15023.0,4154.0,24.4,32055.0,108.3,95.0,70.0,80.0,28.97,108.3,0.5753368035328877,0.5682930382621211,0.5326928277876476,0.5336113367011406,0,0,0.9877571446368214
Gobustan district,district,2019,,28.76,12167.0,12058.0,51.0,,20758.0,,114.2,,68.0,28.76,114.2,0.7193726725627773,0.6356673872504875,0.28171498208935786,0.2566400267044531,0,0,0.8836412773172377
Goranboy district,district,2019,10.49,,20520.0,20064.0,14001.0,15.0,42104.0,2.8,,50.14,,10.49,2.8,0.5611425350540356,0.5589063704253298,0.5088108705734472,0.5320055640948828,0,0,0.9960149792806378
Goychay district,district,2019,51.51,,18535.0,17247.0,5940.0,40.1,20016.0,10.5,,57.55,,51.51,10.5,0.3194679287805327,0.3090985379714882,0.3038805711006006,0.2918722831477928,0,0,0.9675416845483477
Goygol district,district,2019,52.08,,10079.0,9975.0,761.0,46.0,23943.0,49.0,,79.17,,52.08,49.0,0.6548324548903561,0.6392914307343683,0.5908238925602156,0.5701090743947776,0,0,0.976267174847664
Guba district,district,2019,43.58,,24831.0,24672.0,619.0,45.7,41820.0,25.2,,54.43,,43.58,25.2,0.45334169967375215,0.4514533644998881,0.2506376242358779,0.3399488319048074,0,0,0.995834631636086
Gubadli district,district,2019,33.02,,503.0,503.0,26.0,47.0,779.0,141.3,,79.98,,33.02,141.3,1.0,0.4124798089305023,0.0,0.35247280478117915,7,0,0.4124798089305023
Gusar district,district,2019,66.3,,18446.0,18443.0,5530.0,48.0,28914.0,0.6,,106.13,,66.3,0.6,0.42432189270356746,0.4175512924632249,0.3977995184641364,0.3929128212793869,0,0,0.9840437169121686
Hajigabul district,district,2019,,86.67,15311.0,14594.0,2806.0,,19773.0,,22.6,,83.51,86.67,22.6,0.3732093417804304,0.36085393568086344,0.3496269232741964,0.3352392163710288,0,0,0.9668941671164384
Imishli district,district,2019,40.0,,40692.0,38754.0,17271.0,49.0,50085.0,13.1,,54.93,,40.0,13.1,0.3453404122540274,0.34421069885445615,0.28829397439399723,0.3264212828501693,0,0,0.9967286962096396
Ismayilli district,district,2019,77.46,61.79,24125.0,23847.0,1092.0,48.0,36391.0,,23.4,54.27,79.72,77.46,23.4,0.4097717385479238,0.4064372086630428,0.3140714894752915,0.3406933834733879,0,0,0.9918624698308933
Jabrayil district,district,2019,,,4186.0,4178.0,948.0,,8321.0,,,,,,,0.5902287455392381,0.5304449366864169,0.537557904967722,0.4953607957280436,0,0,0.8987107806852034
Jalilabad district,district,2019,15.31,,48289.0,47288.0,148.0,18.4,75524.0,150.0,,50.0,,15.31,150.0,1.0000000000000004,0.6346011317982623,0.0,0.19097013681962993,19,0,0.6346011317982619
Julfa district,district,2019,,,7884.0,7624.0,352.0,,9894.0,,,,,,,0.3771490617066232,0.3456386023172332,0.309726210433246,0.29014785778183294,0,0,0.9164509140051862
Kalbajar district,district,2019,,39.88,12417.0,11958.0,159.0,,17210.0,,40.0,,70.0,39.88,40.0,0.3996938070928012,0.3833147604529905,0.22395280989771937,0.21950838131628203,0,0,0.9590210147138761
Kangarli district,district,2019,,,6257.0,6257.0,2684.0,,9072.0,,,,,,,0.42535406689075383,0.38616250980695943,0.3933638826543622,0.36605362921166995,0,0,0.9078613321596377
Khachmaz district,district,2019,58.36,,25735.0,24966.0,4789.0,2.6,69035.0,11.5,,92.58,,58.36,11.5,0.96386286300407,0.7364674974955497,0.5315802951195443,0.68413662963477,0,0,0.7640791296805466
Khizi district,district,2019,52.62,,4864.0,4815.0,297.0,48.0,6845.0,,,44.76,,52.62,,0.43235999797609875,0.37862595599199445,0.3495225085625493,0.3315089150615691,0,0,0.8757192102978159
Khojavand district,district,2019,,,1014.0,1014.0,416.0,,2541.0,,,,,,,0.948323730488161,0.6674210992569753,0.7086146290644237,0.6323177253503472,0,0,0.7037903595572921
Kurdamir district,district,2019,47.52,32.67,33154.0,28881.0,10234.0,48.4,44842.0,12.4,57.3,54.96,52.36,47.52,12.4,0.41450746550477424,0.4135289985614902,0.359491495239256,0.3907286473105856,0,0,0.9976394467537696
Lachin district,district,2019,,,14679.0,13645.0,1224.0,,15374.0,,,,,,,0.3152567323237052,0.3000865693486885,0.28771679110999526,0.2700295158516869,0,0,0.9518799714023553
Lankaran district,district,2019,41.37,41.43,24316.0,23866.0,522.0,49.4,34785.0,6.1,5.1,44.12,43.76,41.37,6.1,0.3919311533922453,0.38819111709638027,0.2491635709410317,0.28296686448321856,0,0,0.9904574151263703
Lerik district,district,2019,34.92,41.71,17040.0,16998.0,309.0,47.6,23521.0,105.1,,72.79,,34.92,105.1,0.37781613803615105,0.3685455561172821,0.2699026296514777,0.2537412277675519,0,0,0.9754627158938831
Masalli district,district,2019,,,36628.0,35200.0,2963.0,,49249.0,,,,,,,0.37268213957853674,0.3726387162059171,0.22583707362282102,0.3341706557631559,0,0,0.9998834841598023
Neftchala district,district,2019,16.5,16.15,21030.0,20017.0,9519.0,46.7,31151.0,120.7,98.4,40.49,51.58,16.5,120.7,0.4200428835030474,0.4144825255131996,0.3964713682094474,0.3933140049406997,0,0,0.9867624040110479
Oghuz district,district,2019,40.0,40.74,10443.0,10190.0,1849.0,49.2,14374.0,37.8,54.8,60.0,65.0,40.0,37.8,0.39660505846411725,0.3756960927366205,0.3698766350680266,0.34833481468853383,0,0,0.9472801335200608
Ordubad district,district,2019,,,5233.0,5136.0,669.0,,6035.0,,,,,,,0.3642898386177489,0.312957584607152,0.31252080733083687,0.28632059271953164,0,0,0.8590895255125135
Saatli district,district,2019,29.8,32.65,32307.0,31701.0,12993.0,48.2,41870.0,67.2,15.9,50.0,50.0,29.8,67.2,0.353233653281953,0.3517735816419063,0.3174672061900656,0.333267255522402,0,0,0.9958665556736146
Sabirabad district,district,2019,5.16,,61331.0,57022.0,23872.0,6.9,118812.0,26.2,,72.43,,5.16,26.2,0.828204707393847,0.5549464565486352,0.25209779202355054,0.5258959124988738,0,0,0.6700595294790256
Sadarak district,district,2019,,,1746.0,1240.0,374.0,,1850.0,,,,,,,0.6304450960085134,0.39735919313458,0.4079611021167181,0.3739722201886083,0,0,0.6302835816320065
Salyan district,district,2019,48.25,16.95,33324.0,32205.0,22352.0,48.0,50030.0,11.9,106.8,54.0,42.12,48.25,11.9,0.41498371498536635,0.41375230027784127,0.35052154090168064,0.3938307238690856,0,0,0.9970326192015306
Samukh district,district,2019,45.64,50.48,12222.0,11414.0,7074.0,47.0,31359.0,36.0,59.2,62.09,79.74,45.64,36.0,0.7413820827910006,0.7317412851220665,0.7020123492903486,0.6960862731330474,0,0,0.9869961820055855
Shabran district,district,2019,164.23,30.0,11933.0,10724.0,686.0,48.1,15060.0,22.0,,98.57,,,22.0,0.3935054575325782,0.3740256517975544,0.3518093108721932,0.3288889682303248,0,0,0.9504967329877222
Shahbuz district,district,2019,,,11796.0,11796.0,218.0,,15301.0,,,,,,,0.36306190362665314,0.34547631068473694,0.255420216913211,0.23939750220522404,0,0,0.9515631004898825
Shaki district,district,2019,36.96,34.36,35648.0,30954.0,4644.0,48.0,59121.0,37.4,37.9,69.44,61.54,36.96,37.4,0.567686714117245,0.508695873791167,0.33430902996948575,0.46837008684527637,0,0,0.8960855717438992
Shamakhi district,district,2019,38.5,75.63,14631.0,14340.0,722.0,41.0,29483.0,,40.7,,74.44,38.5,40.7,0.5560574447451478,0.5475902956414361,0.46909800590930273,0.46608794200083703,0,0,0.984772887794727
Shamkir district,district,2019,14.83,,27668.0,27260.0,9882.0,42.6,51109.0,89.9,,66.6,,14.83,89.9,0.5037717914928831,0.4993496548229246,0.41050379242933654,0.4720396379836028,0,0,0.9912219446490763
Sharur district,district,2019,,,21998.0,21256.0,8129.0,,28708.0,,,,,,,0.36564511283258977,0.35971174481658164,0.34559384995561365,0.3404079848796098,0,0,0.9837728775586706
Shusha district,district,2019,,,2383.0,2343.0,352.0,,1994.0,,,,,,,0.3496505201328368,0.22666584687610877,0.2109034022343464,0.20870840305393662,0,0,0.6482640059851632
Siyazan district,district,2019,,52.77,6744.0,6520.0,466.0,,13445.0,,32.6,,70.0,52.77,32.6,0.5827626274823761,0.5492201124275485,0.5229996627426562,0.48781531572408154,0,0,0.9424422338135574
Tartar district,district,2019,26.66,,12535.0,12471.0,7541.0,44.7,22441.0,44.7,,30.0,,26.66,44.7,0.4924243719177518,0.479263271975201,0.4709177077354124,0.4558265933649328,0,0,0.9732728502220661
Tovuz district,district,2019,55.36,,18373.0,17779.0,3700.0,46.4,37232.0,22.1,,70.0,,55.36,22.1,0.5619391348128429,0.5577534404754924,0.4984442389344774,0.5195251294567609,0,0,0.9925513386093948
Ujar district,district,2019,,,33238.0,24094.0,9496.0,,64181.0,,,,,,,0.7551408168826611,0.709464706127743,0.5246683637314712,0.671736357524855,0,0,0.9395131216142226
Yevlakh district,district,2019,25.98,18.79,28427.0,24922.0,16167.0,51.4,37187.0,168.0,109.3,69.68,54.41,25.98,168.0,0.40040942188954304,0.3974124550916391,0.37268031488645725,0.378159284405262,0,0,0.9925152440625368
Zagatala district,district,2019,34.87,49.7,29410.0,27250.0,8260.0,48.1,43658.0,50.0,19.3,60.0,62.45,34.87,50.0,0.428008344665805,0.4267077707076256,0.37082027604207113,0.4016437842196573,0,0,0.9969613350431406
Zangilan district,district,2019,,,631.0,631.0,60.0,,360.0,,,,,,,0.7971473851029016,0.15195197996768453,0.13928765253751463,0.1370750290805866,0,0,0.1906196806354316
Zardab district,district,2019,21.74,29.98,22885.0,21454.0,20611.0,47.8,31958.0,79.6,49.1,40.0,50.7,21.74,79.6,0.4016984413393416,0.3967386744940573,0.3806076776643157,0.37768993837095305,0,0,0.9876530094845589
Absheron district,district,2020,20.18,45.35,13155.0,13155.0,187.3,26.2,49719.0,4.9,9.8,56.72,40.04,20.18,4.9,0.9999999999999999,1.0,0.10721875285076465,0.5955857817013699,0,0,1.0000000000000002
Agdash district,district,2020,30.0,,32509.0,24291.0,9449.0,48.0,59319.0,83.63,,55.0,,30.0,83.63,0.6704945836723063,0.6461255196032007,0.5150129009895357,0.6178112588210471,0,0,0.963655091834395
Aghdam district,district,2020,12.13,,19577.0,19484.0,10002.2,2.1,38843.0,31.5,,65.16,,12.13,31.5,0.5316747932684697,0.5274764944745994,0.49901813227387515,0.5069605485975226,0,0,0.9921036339374654
Aghjabadi district,district,2020,30.85,,41702.0,38251.0,23783.9,5.4,126642.0,44.5,,44.97,,30.85,44.5,1.0000000000000366,0.8759986450509996,0.0,0.8435957719561252,8,0,0.8759986450509675
Aghstafa district,district,2020,35.96,,11954.0,9712.0,5214.0,7.1,17317.0,122.4,,80.0,,35.96,122.4,0.49686489921801763,0.47177231386355123,0.474329157794814,0.4537113278618741,0,0,0.9494981726542608
Aghsu district,district,2020,63.19,,18622.0,16510.0,842.6,19.2,31187.0,4.5,,66.0,,63.19,4.5,0.5082407888266148,0.4997985529067063,0.4366088511037578,0.43681086898529575,0,0,0.9833892987231518
Astara district,district,2020,33.07,,19866.0,19602.0,1319.2,22.7,27352.0,24.2,,43.32,,33.07,24.2,0.37777817764655663,0.369196155734684,0.3382744372690617,0.3328672612884093,0,0,0.9772829072199564
Babak district,district,2020,,,9021.0,8275.0,1107.6,,13621.0,,,,,,,0.4683306913459618,0.435521358129364,0.4324869492214184,0.40370196813943593,0,0,0.9299440890318224
Balakan district,district,2020,27.0,,18214.0,16469.0,3096.0,47.0,21690.0,85.2,,50.0,,27.0,85.2,0.36126667805551527,0.3484663046102935,0.3396183862934937,0.32605865995341216,0,0,0.9645680760979157
Barda district,district,2020,14.0,,41945.0,39321.0,28981.0,11.5,89962.0,197.8,,41.69,,14.0,197.8,0.6684522619773663,0.6053450774062888,0.3602241141806387,0.5836069337399721,0,0,0.9055920846398239
Beylagan district,district,2020,4.29,27.01,28356.0,28148.0,22890.5,45.4,39796.0,,22.1,,,4.29,22.1,0.37672784708166457,0.37407643204346464,0.3538641417820431,0.36077475763265304,0,0,0.9929619881865935
Bilasuvar district,district,2020,72.88,,19525.0,18397.0,6404.3,48.0,27202.0,55.1,,47.99,,72.88,55.1,0.40042658904988576,0.39122112289439215,0.3816497709298992,0.3728716037065379,0,0,0.9770108519083712
Dashkasan district,district,2020,126.68,35.0,11657.0,11539.0,160.0,26.7,22054.0,17.4,42.7,83.08,49.94,126.68,17.4,0.5587011077261541,0.5120337164041181,0.3703871518523647,0.30783185333051566,0,0,0.9164716327269036
Fuzuli district,district,2020,32.23,,16228.0,15350.0,6957.0,32.1,28293.0,55.1,,50.0,,32.23,55.1,0.498182854428744,0.4876846509304117,0.4765281271074865,0.4677260011666384,0,0,0.9789270076137598
Gabala district,district,2020,30.84,,21858.0,21314.0,1396.7,35.5,41283.0,82.5,,73.0,,30.84,82.5,0.5154542731633686,0.5124774442463297,0.39949616703094837,0.4610487533808705,0,0,0.9942248438474087
Gadabay district,district,2020,,,22120.0,22001.0,30.0,,47512.0,,,,,,,1.0,0.9999999999999999,0.0,0.2698577809218239,6,0,0.9999999999999999
Gakh district,district,2020,50.63,,12145.0,11047.0,2146.0,11.9,16116.0,,,,,50.63,,0.4088726169570698,0.3859947271366721,0.3842751632172362,0.3614934917154995,0,0,0.9440464123260185
Gazakh district,district,2020,30.7,31.81,16384.0,15008.0,8353.0,48.0,31917.0,66.2,62.1,60.0,65.85,30.7,66.2,0.5716093752431833,0.5626880732295456,0.5459800937969708,0.541386988891636,0,0,0.9843926597427792
Gobustan district,district,2020,,,13108.0,12988.0,27.0,,21083.0,,138.8,,78.85,,138.8,0.8125748290918375,0.7216004721195436,0.3770931298279432,0.3240581218808667,0,0,0.888041871695718
Goranboy district,district,2020,10.46,,20601.0,20167.0,15458.0,15.0,42237.0,2.8,,50.03,,10.46,2.8,0.5569312843595766,0.5541409344206815,0.5174500710938243,0.53432907407285,0,0,0.9949897769845991
Goychay district,district,2020,51.32,,17824.0,16596.0,6067.0,40.2,19900.0,21.8,,52.79,,51.32,21.8,0.33077567039058875,0.31726204377786094,0.3158425194386638,0.30283535223886915,0,0,0.9591456451534947
Goygol district,district,2020,58.12,,10092.0,9972.0,545.0,43.1,23937.0,60.8,,72.83,,58.12,60.8,0.6545655751568652,0.6351201877294075,0.5847449175940403,0.5606512261161335,0,0,0.9702926824057351
Guba district,district,2020,43.69,,24919.0,24820.0,673.0,45.6,42390.0,27.3,,55.01,,43.69,27.3,0.4541081502314881,0.4518872696301804,0.2611123266331846,0.34872942716465516,0,0,0.9951093575392215
Gubadli district,district,2020,33.15,,717.0,717.0,23.2,46.9,779.0,141.5,,79.98,,33.15,141.5,1.0,0.28746618758931486,0.0,0.23157103385073513,5,0,0.28746618758931486
Gusar district,district,2020,23.69,,18697.0,18693.0,5843.0,48.0,30931.0,11.7,,42.5,,23.69,11.7,0.4453670658831151,0.4378077270588747,0.42125526811997266,0.41588408923319675,0,0,0.9830267224424172
Hajigabul district,district,2020,,81.23,15248.0,14661.0,3083.8,,27226.0,,20.8,,76.15,81.23,20.8,0.5028864019826071,0.49134745824840287,0.4719328209053836,0.461119742785713,0,0,0.9770545719893946
Imishli district,district,2020,45.66,,40725.0,38717.0,17539.1,49.2,50307.0,30.1,,66.54,,45.66,30.1,0.34472800102885226,0.3437915423082043,0.29748519563224274,0.32971890489410377,0,0,0.9972834851887487
Ismayilli district,district,2020,39.1,64.1,22226.0,21939.0,952.5,50.1,36498.0,67.6,18.0,64.62,79.09,39.1,67.6,0.4447026857597144,0.4401702699762026,0.3551613159121192,0.37454837204099045,0,0,0.9898079864847932
Jabrayil district,district,2020,,,4298.0,4290.0,1275.0,,8572.0,,,,,,,0.6008183980620887,0.5286805553504408,0.5427511526364484,0.5013789863679105,0,0,0.8799340317401646
Jalilabad district,district,2020,94.0,,48280.0,47534.0,148.0,86.0,74009.0,,,,,94.0,,0.9999999999999973,0.6542623332483846,0.0,0.3523032337680412,8,0,0.6542623332483863
Julfa district,district,2020,,,8014.0,7738.0,416.0,,10084.0,,,,,,,0.3930357462107228,0.34480422517843146,0.3393963169268654,0.3036753788404197,0,0,0.8772846452331783
Kalbajar district,district,2020,,50.0,12521.0,12294.0,171.0,,17348.0,,,,,50.0,,0.4286793835032939,0.37748832256590964,0.2811506974320168,0.2268364327598148,0,0,0.8805842713520864
Kangarli district,district,2020,,,6334.0,6334.0,2599.0,,9226.0,,,,,,,0.4334752134838746,0.38539303230222716,0.39635094758898115,0.368933265876778,0,0,0.8890774381418326
Khachmaz district,district,2020,53.52,,26205.0,25475.0,4756.6,2.5,71902.0,23.5,,67.87,,53.52,23.5,1.000000000000042,0.7467844141780436,0.47889727931889503,0.6986323089937069,0,0,0.7467844141780123
Khizi district,district,2020,19.67,,4866.0,4837.0,375.0,48.0,6728.0,40.5,,46.57,,19.67,40.5,0.45112727382365087,0.36802588247002554,0.37983192503924645,0.3341758425117767,0,0,0.8157916929976832
Khojavand district,district,2020,,,1040.0,1040.0,399.4,,2591.0,,,,,,,1.0000000000000349,0.6591777520434072,0.6900135638525235,0.6300964680699092,0,0,0.6591777520433842
Kurdamir district,district,2020,48.65,38.13,32580.0,28832.0,10265.5,48.5,44894.0,10.2,31.2,54.82,51.49,48.65,10.2,0.41324421511346077,0.41198556559339655,0.37010952570663175,0.39293728997822225,0,0,0.9969542234977963
Lachin district,district,2020,,,14433.0,13508.0,910.2,,15180.0,,,,,,,0.3180332987129928,0.2973371586098894,0.28938396209288336,0.2681047734721245,0,0,0.9349246126526503
Lankaran district,district,2020,44.33,54.02,24510.0,24075.0,456.0,49.3,34936.0,3.9,14.2,46.07,61.67,44.33,3.9,0.38974340795923024,0.38395059987910884,0.24830811440610667,0.2662162149773417,0,0,0.9851368670724834
Lerik district,district,2020,37.93,,17349.0,17298.0,301.0,48.0,23653.0,112.0,,76.68,,37.93,112.0,0.37722911906034984,0.3617918724738408,0.26466988993409857,0.24201625872862348,0,0,0.9590772668213894
Masalli district,district,2020,,,36621.0,35150.0,3075.6,,49463.0,,,,,,,0.3723809712382829,0.37232619440744913,0.2373384500251824,0.33980804241682755,0,0,0.999852901101118
Neftchala district,district,2020,16.5,16.15,21127.0,20216.0,11282.8,46.7,31180.0,133.8,83.8,79.42,80.0,16.5,133.8,0.4149810032887662,0.4080837949959421,0.3967940782647555,0.39264701912896527,0,0,0.9833794601724826
Oghuz district,district,2020,40.0,,10434.0,10201.0,1339.0,48.0,14352.0,75.0,54.8,70.0,65.0,40.0,75.0,0.3983287537372075,0.3722529477540063,0.3687305565233575,0.3448375736302936,0,0,0.9345369729436998
Ordubad district,district,2020,,,5420.0,5319.0,730.0,,6178.0,,,,,,,0.3764590458438311,0.30731685564128153,0.3201799776521383,0.285061295175416,0,0,0.8163354262146425
Saatli district,district,2020,29.92,32.65,32354.0,31782.0,13838.0,48.2,41877.0,48.8,31.2,50.0,50.0,29.92,48.8,0.35048422065741164,0.34862843471417554,0.32335820187382125,0.3341207101202285,0,0,0.9947050799041532
Sabirabad district,district,2020,5.22,,61607.0,58923.0,22374.0,7.1,118771.0,92.0,,58.41,,5.22,92.0,0.9050357658845959,0.5333275641353276,0.3575891390133843,0.5096496650086465,0,0,0.5892889366798062
Sadarak district,district,2020,,,1784.0,1265.0,481.0,,1881.0,,,,,,,0.7220855255695497,0.39342933372510047,0.4805974069857113,0.37597680638869935,0,0,0.5448514335123675
Salyan district,district,2020,35.45,29.2,33329.0,32268.0,22249.0,48.0,50487.0,8.1,69.9,37.59,50.0,35.45,8.1,0.41544436328743034,0.4139767819429315,0.36233067985960277,0.3989492117682411,0,0,0.996467441914759
Samukh district,district,2020,48.41,48.0,11872.0,11075.0,8110.0,47.0,31367.0,46.9,40.6,71.13,67.48,48.41,46.9,0.7618354202167191,0.7493724392485445,0.7298525517615,0.7224370528971477,0,0,0.9836408486171078
Shabran district,district,2020,47.83,48.0,11977.0,10760.0,679.4,48.0,15167.0,66.5,,75.41,,47.83,66.5,0.39956913314254316,0.3729545267451405,0.3623430423547286,0.3344061217744097,0,0,0.9333917357727728
Shahbuz district,district,2020,,,11957.0,11957.0,367.0,,15578.0,,,,,,,0.37253447232907444,0.3447132187064592,0.305565761213721,0.2744281734455865,0,0,0.9253189820295621
Shaki district,district,2020,22.7,37.49,34914.0,30478.0,4042.0,48.0,60678.0,37.5,56.4,69.85,72.87,22.7,37.5,0.6251800774406135,0.5267605715893124,0.3376820936931453,0.48814446755005014,0,0,0.8425741487889142
Shamakhi district,district,2020,38.7,76.77,14720.0,14434.0,806.0,41.0,33256.0,,40.5,,74.52,38.7,40.5,0.618187937816902,0.6096095723756622,0.5294189317376431,0.5395185050554949,0,0,0.9861233697449131
Shamkir district,district,2020,15.76,,27827.0,27377.0,10374.5,42.0,52234.0,,,63.46,,15.76,,0.5104837834866888,0.5048192370140907,0.42667972324764325,0.48237932760128377,0,0,0.9889035721489363
Sharur district,district,2020,,,22336.0,21568.0,6788.3,,29294.0,,,,,,,0.36648876782852774,0.3593662350510761,0.34758160531443577,0.34144223467845136,0,0,0.9805654813934596
Shusha district,district,2020,,,2399.0,2356.0,236.5,,2027.0,,,,,,,0.42733510082841675,0.2276391367020859,0.2685685291792226,0.20879788273472244,0,0,0.5326946844778084
Siyazan district,district,2020,,41.36,7036.0,6797.0,468.0,,13450.0,,69.3,,70.0,41.36,69.3,0.5683232759932426,0.5235684662560101,0.514592647351882,0.4727695253906916,0,0,0.921251140631156
Tartar district,district,2020,26.21,14.86,12439.0,12362.0,8110.5,38.9,22065.0,21.3,102.2,30.16,30.0,26.21,21.3,0.48908757641073947,0.47226271539271897,0.4694264216153239,0.45496849527145455,0,0,0.9655994921369851
Tovuz district,district,2020,59.2,,18402.0,17801.0,3416.0,47.1,38134.0,,,,,59.2,,0.5717033860483519,0.5668085978517506,0.5144695956271139,0.5306606209081381,0,0,0.9914382382262341
Ujar district,district,2020,,,33286.0,26946.0,10095.0,,68873.0,,,,,,,0.7201054123417506,0.6762747343701079,0.46596202041253965,0.6459998444039677,0,0,0.9391329696729992
Yardimli district,district,2020,33.8,39.0,14832.0,14768.0,3.0,41.9,24373.0,9.5,13.4,70.0,70.0,33.8,9.5,1.0000000000000002,1.0,0.0,0.0,12,24,0.9999999999999998
Yevlakh district,district,2020,25.81,26.02,28450.0,25005.0,16442.5,49.1,37243.0,155.2,159.6,65.86,67.5,25.81,155.2,0.397834284781128,0.39408169774963125,0.3764606331149174,0.3796562187826315,0,0,0.9905674619432027
Zagatala district,district,2020,40.0,49.77,29376.0,27389.0,8275.0,48.0,43699.0,3.8,15.5,60.0,62.95,40.0,3.8,0.42380019364159444,0.42214708048843474,0.37894811416662627,0.4005594504182621,0,0,0.9960993100570461
Zangilan district,district,2020,,,797.0,797.0,63.5,,331.0,,,,,,,0.8996235884567118,0.10988493097834688,0.34099219585099205,0.09989939889788038,0,0,0.12214545326323926
Zardab district,district,2020,43.0,41.05,22909.0,21487.0,17514.3,34.5,31960.0,16.3,10.9,50.0,50.9,43.0,16.3,0.39976578097297066,0.3935495808218227,0.3828121892036022,0.3795580587593287,0,0,0.9844503945885046
Absheron district,district,2021,89.04,40.94,13151.0,13151.0,298.3,21.1,50370.0,6.8,10.2,74.77,48.35,89.04,6.8,1.0,1.0,0.16903679705257924,0.5983717437433425,0,0,1.0
Agdash district,district,2021,31.0,,31997.0,24476.0,9931.0,48.0,60772.0,93.5,,60.0,,31.0,93.5,0.6776486990967517,0.6482610249767019,0.5282008523448816,0.6174466516366209,0,0,0.9566328775378435
Aghdam district,district,2021,6.31,,20124.0,20028.0,10440.1,3.4,40211.0,19.4,,47.76,,6.31,19.4,0.5282081509691359,0.5241965011144414,0.4911737161553824,0.5010849239268668,0,0,0.9924051723788547
Aghjabadi district,district,2021,31.11,,41658.0,38467.0,24753.5,4.9,127030.0,42.6,,46.59,,31.11,42.6,0.9999999999999999,0.8621936252850386,0.0,0.8257928376312824,15,0,0.8621936252850387
Aghstafa district,district,2021,7.4,,11965.0,9717.0,5058.0,54.4,17370.0,75.0,,80.0,,7.4,75.0,0.49357697908518705,0.466717883831306,0.4694679053723194,0.4461330541974186,0,0,0.9455827633945517
Aghsu district,district,2021,70.77,39.42,18895.0,16857.0,886.2,32.3,31531.0,7.0,59.0,75.69,60.0,70.77,7.0,0.49720339814089526,0.4883647223984997,0.4153322439634025,0.41920134830525746,0,0,0.9822232193596334
Astara district,district,2021,32.62,,19993.0,19785.0,1349.4,23.0,27626.0,21.1,,41.1,,32.62,21.1,0.3736514044635134,0.3645598020691863,0.3265592219848713,0.32258661636396735,0,0,0.9756682236819616
Babak district,district,2021,,,9127.0,8365.0,1607.0,,13852.0,,,,,,,0.46687426157234074,0.43234791057827776,0.432715495627379,0.4031520316875745,0,0,0.9260478594862244
Balakan district,district,2021,27.0,,17404.0,15682.0,2986.0,47.0,21929.0,85.2,,50.0,,27.0,85.2,0.37943701860775775,0.3650935873920818,0.3545770284948271,0.3403327006117701,0,0,0.9621981237668762
Barda district,district,2021,38.28,,43805.0,41443.0,29431.0,36.2,86540.0,77.0,,67.8,,38.28,77.0,0.6055470692322094,0.5451958381801371,0.3109169714114566,0.5224424545204418,0,0,0.9003360199090826
Beylagan district,district,2021,4.31,28.46,28463.0,28346.0,23809.0,66.3,39899.0,62.3,,40.06,,4.31,62.3,0.37042125688507777,0.3674997560212054,0.34722238094307534,0.35225441498522087,0,0,0.9921130312864881
Bilasuvar district,district,2021,95.84,,19586.0,18572.0,7288.3,48.0,27376.0,,,59.73,,95.84,,0.3946477625289501,0.3848558957917739,0.37655009282687846,0.3663347600561891,0,0,0.9751883383946517
Fuzuli district,district,2021,31.25,,16227.0,15349.0,6721.0,30.6,28599.0,36.4,,44.73,,31.25,36.4,0.4976895150372747,0.4864717088075571,0.4755107701256668,0.4638881535545605,0,0,0.9774602319502803
Gabala district,district,2021,39.29,,21301.0,20924.0,1174.5,54.0,40892.0,12.9,,64.93,,39.29,12.9,0.5138294714199371,0.5102470090665719,0.38845514297785955,0.4420582750388603,0,0,0.9930279157723958
Gadabay district,district,2021,,,22578.0,22499.0,40.4,,47618.0,,,,,,,0.9999999999999999,1.0,0.0,0.0,6,0,1.0000000000000002
Gakh district,district,2021,37.42,,12383.0,11290.0,2022.0,24.8,16210.0,32.1,,81.12,,37.42,32.1,0.39879536515857256,0.37486586856904597,0.3711947344065429,0.34859062167674065,0,0,0.9399955498981
Gazakh district,district,2021,34.0,38.22,16179.0,14873.0,4767.1,48.0,31848.0,81.8,103.8,60.0,64.69,34.0,81.8,0.5689245934403933,0.5590754390748559,0.5355095490525708,0.5296743564866482,0,0,0.9826881198684386
Gobustan district,district,2021,,33.0,13241.0,13121.0,36.0,,22436.0,,135.4,,71.97,33.0,135.4,0.8875714394938212,0.779283987818258,0.27827933740514355,0.274474500743654,0,0,0.8779957906967814
Goranboy district,district,2021,10.31,,20387.0,19932.0,15505.0,16.1,43060.0,1.5,,33.51,,10.31,1.5,0.5669406127305328,0.564040090885146,0.5222478748382111,0.5406127115653269,0,0,0.9948839053328405
Goychay district,district,2021,32.06,,18204.0,16997.0,6067.0,47.4,19941.0,49.8,,63.16,,32.06,49.8,0.32046897351421844,0.3063102191281136,0.30487387639402896,0.29093083107819007,0,0,0.9558186421891584
Goygol district,district,2021,55.66,16.14,9817.0,9726.0,498.5,41.2,24174.0,44.5,45.5,72.57,80.0,55.66,44.5,0.6715105577206237,0.6489348224740864,0.5779748084743667,0.554516529883477,0,0,0.9663806696901857
Guba district,district,2021,43.12,,24858.0,24755.0,643.0,46.8,42668.0,32.2,,56.52,,43.12,32.2,0.4529063848951907,0.4500141634193375,0.2482763613657335,0.2996532407691115,0,0,0.9936140854438992
Gubadli district,district,2021,35.19,,839.0,839.0,24.8,46.9,1114.0,141.5,,85.02,,35.19,141.5,1.0,0.3466650481313133,0.0,0.24953116401503378,5,0,0.3466650481313133
Gusar district,district,2021,15.36,,18727.0,18723.0,4097.0,48.0,30933.0,,,83.46,,15.36,,0.43956398765683796,0.43135360422283836,0.4070073754663071,0.40388284808788943,0,0,0.981321528458766
Hajigabul district,district,2021,,88.42,15129.0,14740.0,3632.8,,27375.0,,28.9,,84.54,88.42,28.9,0.4972282948793198,0.48489027196035617,0.4672133495717795,0.4557487924286593,0,0,0.9751864022099584
Imishli district,district,2021,49.98,,40782.0,38913.0,18616.7,50.6,50378.0,41.6,,77.9,,49.98,41.6,0.33802692928572936,0.33801271306744285,0.29026983520109045,0.32275843132846777,0,0,0.9999579435333257
Ismayilli district,district,2021,45.98,67.91,20136.0,19897.0,741.0,50.6,36558.0,43.2,12.6,59.87,78.82,45.98,43.2,0.48520326443259404,0.47971318520278167,0.36497029510793344,0.3797549373673045,0,0,0.9886849911526614
Jabrayil district,district,2021,,,4321.0,4313.0,1371.0,,8709.0,,,,,,,0.6035944226258586,0.5272003128621905,0.541854236084328,0.4993725877829156,0,0,0.8734346990296472
Jalilabad district,district,2021,,,48101.0,47491.0,159.0,,73900.0,,,,,,,1.0000000000000004,0.6934998265800747,0.0,0.3099750055939512,12,0,0.6934998265800744
Julfa district,district,2021,,,8126.0,7839.0,1768.0,,10205.0,,,,,,,0.38041316211979254,0.33989061376987734,0.34474980845402853,0.3185620716481591,0,0,0.8934775334162739
Kalbajar district,district,2021,,,16724.0,16401.0,116.2,,18522.0,,,,,,,0.4816418514030006,0.44279994536115214,0.2745504695265205,0.2597294565162924,0,0,0.9193552098333985
Kangarli district,district,2021,,,6423.0,6423.0,2898.0,,9325.0,,,,,,,0.429590707044103,0.3790510861072868,0.39092479856714,0.3616202341823631,0,0,0.8823540171886733
Khachmaz district,district,2021,82.31,,26065.0,25271.0,4443.6,24.4,74902.0,21.7,,64.07,,82.31,21.7,0.9999999999999999,0.7738518289417912,0.3553784989701414,0.7190911112749399,0,0,0.7738518289417913
Khizi district,district,2021,80.0,,4561.0,4541.0,240.0,48.0,7057.0,,,68.68,,80.0,,0.5063429104550217,0.40574711678830994,0.3972068580656183,0.34858336361248804,0,0,0.8013287209327924
Khojavand district,district,2021,,,1086.0,1086.0,421.6,,2716.0,,,,,,,1.0,0.6529602854164632,0.656983083343138,0.6213926678459103,0,0,0.6529602854164632
Kurdamir district,district,2021,48.76,38.36,32790.0,29305.0,9269.0,48.4,46468.0,15.1,30.1,56.09,51.46,48.76,15.1,0.415051864608395,0.41399879960125807,0.36054727603675535,0.39209744316269585,0,0,0.9974628110437945
Lachin district,district,2021,,,18852.0,17919.0,752.2,,15117.0,,,,,,,0.24042701377049777,0.2202615395778255,0.20108379007923627,0.18094730152975363,0,0,0.9161264207526969
Lankaran district,district,2021,53.73,56.3,24765.0,24407.0,441.0,49.3,35210.0,10.0,7.7,64.61,60.99,53.73,10.0,0.42717979338748835,0.4179610092151584,0.26272988638796235,0.25886918073041676,0,0,0.9784194282711126
Lerik district,district,2021,40.41,,17168.0,17118.0,527.2,58.4,23961.0,17.0,,24.71,,40.41,17.0,0.38148494372769953,0.3654590694128084,0.2888574354563058,0.2683481851241359,0,0,0.9579908078198488
Masalli district,district,2021,,,36714.0,35206.0,3338.7,,49563.0,,75.1,,35.0,,75.1,0.3677408513503698,0.3675595644212602,0.2449939569628946,0.33233857615263923,0,0,0.9995070253183895
Neftchala district,district,2021,19.55,16.4,22452.0,21582.0,11311.5,46.7,31696.0,138.8,100.0,73.4,75.11,19.55,138.8,0.3902850637073588,0.3834419255437662,0.37253438929233834,0.3665586302418255,0,0,0.9824663078351271
Oghuz district,district,2021,40.0,40.0,10349.0,10111.0,1138.0,48.0,14236.0,100.2,54.8,80.07,61.99,40.0,100.2,0.39586826208935605,0.3676043956553174,0.3596968019707943,0.33498145229026044,0,0,0.9286028481170362
Ordubad district,district,2021,,,5489.0,5380.0,900.0,,6323.0,,,,,,,0.37696849822871675,0.3068511343197882,0.3158973643355495,0.28448514045901985,0,0,0.8139967550646992
Saatli district,district,2021,30.44,32.65,32464.0,31941.0,15547.6,48.0,41884.0,38.4,15.9,56.35,50.0,30.44,38.4,0.34446390511100544,0.34236272074423596,0.31694185720173157,0.326989150444583,0,0,0.9939001319569539
Sabirabad district,district,2021,6.03,,61874.0,60095.0,23062.0,6.8,121761.0,94.9,,61.66,,6.03,94.9,0.9675838225627439,0.529001244356947,0.30882342219961356,0.503296852659038,0,0,0.5467239447594664
Sadarak district,district,2021,,,2752.0,2224.0,1437.0,,1907.0,,,,,,,0.4322241644886338,0.22387352476565497,0.28427901118888044,0.21442895438747475,0,0,0.5179569842665337
Salyan district,district,2021,62.28,32.84,33331.0,32344.0,20925.0,48.0,50606.0,15.9,50.8,72.18,52.53,62.28,15.9,0.40900742113591176,0.4085028677963628,0.35417460562261377,0.39127191545710044,0,0,0.9987663956361778
Samukh district,district,2021,47.84,64.9,11470.0,10672.0,8542.5,47.0,32547.0,24.2,23.3,58.69,80.0,47.84,24.2,0.8094628669056164,0.7962546366036755,0.7738964802131564,0.7632122277617085,0,0,0.9836827224052502
Shabran district,district,2021,59.76,53.0,11957.0,10765.0,720.9,48.0,15252.0,29.1,,66.46,,59.76,29.1,0.39943231486797853,0.3699129958972438,0.3569505142157775,0.32678283665172675,0,0,0.9260968182294126
Shahbuz district,district,2021,,,12107.0,12107.0,495.0,,15767.0,,,,,,,0.3693182691304494,0.340015998567731,0.30744671654411515,0.2776110975212806,0,0,0.9206584861569133
Shaki district,district,2021,22.83,36.66,32721.0,29275.0,4120.0,48.0,61638.0,20.1,59.9,84.09,61.18,22.83,20.1,0.6254190532288699,0.5497161062789497,0.34572125542347,0.5057637518685323,0,0,0.8789564427897003
Shamakhi district,district,2021,39.0,35.17,14285.0,13955.0,564.0,38.0,37477.0,,55.6,,70.0,39.0,55.6,0.7084744540610022,0.7011675436239757,0.5381704523230536,0.5705576764064296,0,0,0.9896864165035973
Shamkir district,district,2021,18.65,,27855.0,27356.0,10603.0,44.2,53435.0,86.8,,63.88,,18.65,86.8,0.5177356948246554,0.5099881036783426,0.4282387498584961,0.4853153029898485,0,0,0.9850356248878364
Sharur district,district,2021,,,21652.0,20866.0,6409.6,,29694.0,,,,,,,0.3793859653798354,0.3715491978738149,0.35832762172006843,0.3516168877764185,0,0,0.9793435492581429
Shusha district,district,2021,,,2413.0,2376.0,231.9,,2033.0,,,,,,,0.4378687117335205,0.2233972225063151,0.25896754110864184,0.20230967154419358,0,0,0.5101922483154514
Siyazan district,district,2021,,47.13,6943.0,6701.0,422.0,,14002.0,,114.3,,88.42,47.13,114.3,0.5967733770165876,0.5455534195439051,0.5293485830193415,0.47895740807346276,0,0,0.9141718457201572
Tartar district,district,2021,22.74,24.33,12715.0,12680.0,9026.2,39.9,22419.0,32.7,100.0,43.12,30.0,22.74,32.7,0.4790527695100819,0.46161914294786394,0.4590536973358328,0.4423590370285082,0,0,0.9636081290584187
Tovuz district,district,2021,60.0,,17962.0,17379.0,3325.0,27.0,38668.0,,,,,60.0,,0.5862418662588764,0.5809165555406703,0.5215427946141714,0.5416120348164312,0,0,0.9909161883094605
Ujar district,district,2021,,,33305.0,31107.0,9310.0,,69563.0,,,,,,,0.6420809066931158,0.583857685039921,0.39134828813714295,0.5520742576968013,0,0,0.9093210512160226
Yevlakh district,district,2021,25.84,26.03,30461.0,26493.0,16580.0,59.0,37352.0,145.8,161.7,59.3,62.72,25.84,145.8,0.3719893409810067,0.3681031622551456,0.35131954335266075,0.3524662580991586,0,0,0.9895529836537452
Zagatala district,district,2021,50.0,49.1,28935.0,26972.0,8275.0,48.0,43857.0,11.3,30.2,50.07,76.82,50.0,11.3,0.42644387100099873,0.42453411638054567,0.37875522988979027,0.40174478742213804,0,0,0.9955216741280153
Zangilan district,district,2021,,,853.0,853.0,66.5,,481.0,,,,,,,0.9835873388042204,0.14722544379097607,0.43285645274569595,0.13146822580276718,0,0,0.1496821258089423
Zardab district,district,2021,32.09,43.01,22919.0,21760.0,17440.0,34.5,31963.0,55.8,10.1,50.0,50.63,32.09,55.8,0.39019903871257045,0.38350892093362055,0.3735194588468709,0.3675948278343116,0,0,0.9828546020999349
Absheron district,district,2022,76.13,43.36,14030.0,14030.0,159.8,17.1,51186.0,29.5,8.6,89.58,49.02,76.13,29.5,1.0,1.0000000000000002,0.16860706088893496,0.6314312523926651,0,0,1.0000000000000002
Agdash district,district,2022,55.0,,32866.0,26116.0,10572.0,48.0,63608.0,,,65.0,,55.0,,0.6923586446591576,0.6675926694110537,0.5526445836131483,0.637197529473071,0,0,0.9642295572689844
Aghdam district,district,2022,7.59,,20707.0,20612.0,10476.3,4.1,41823.0,48.2,,66.7,,7.59,48.2,0.5583618136119713,0.5561622748536673,0.5233648145915294,0.5328832210852017,0,0,0.996060728537155
Aghjabadi district,district,2022,31.12,,45366.0,42610.0,24966.0,4.9,138810.0,38.9,,21.53,,31.12,38.9,1.0000000000000002,0.8929264726397437,0.0,0.8565883986523731,6,0,0.8929264726397435
Aghstafa district,district,2022,14.46,,12018.0,9763.0,4730.5,54.4,17621.0,75.0,,80.0,,14.46,75.0,0.511360633463304,0.4947134758369138,0.4853811440859077,0.47374979288763563,0,0,0.9674453672476827
Aghsu district,district,2022,74.44,41.42,18906.0,16880.0,980.8,32.3,31120.0,5.9,44.8,78.82,60.0,74.44,5.9,0.5110843616811653,0.5053283045589888,0.4493007704224622,0.4400836254065189,0,0,0.988737559679497
Astara district,district,2022,32.16,,19819.0,19601.0,1307.8,23.2,27896.0,22.5,,41.08,,32.16,22.5,0.3958482661682984,0.3900948208559297,0.353636259038139,0.34366423250084144,0,0,0.985465528577249
Babak district,district,2022,,,9246.0,8475.0,1386.0,,14087.0,,,,,,,0.4767979074957136,0.455601648081547,0.4384568048963694,0.4210385461851258,0,0,0.9555445628411087
Balakan district,district,2022,43.02,,13739.0,12486.0,2968.0,47.0,22180.0,86.0,,80.0,,43.02,86.0,0.4981541824773182,0.486905510782869,0.4701773587077115,0.4564594504521414,0,0,0.9774192968961746
Barda district,district,2022,48.08,,46270.0,44064.0,27864.0,33.4,93292.0,34.0,,64.41,,48.08,34.0,0.6300735342187298,0.5803192323120987,0.3604699753170607,0.5569123608546807,0,0,0.9210341345818869
Beylagan district,district,2022,,28.46,28420.0,28314.0,23570.5,,39925.0,,,,,28.46,,0.3884264086238276,0.3865006029571625,0.36726383962842624,0.3711446574699802,0,0,0.9950420320969212
Bilasuvar district,district,2022,72.76,,19603.0,18681.0,7635.2,48.0,27472.0,13.0,,70.87,,72.76,13.0,0.4092316906936426,0.40308499908010376,0.3912250028537183,0.38482577880461755,0,0,0.9849799227349175
Fuzuli district,district,2022,29.49,,16289.0,15412.0,6928.0,33.5,28747.0,120.4,,65.0,,29.49,120.4,0.5183077430935565,0.5112578711600849,0.49607528344578833,0.48910058990135774,0,0,0.9863982893803709
Gabala district,district,2022,51.81,,20192.0,19865.0,1035.0,54.5,40129.0,18.4,,75.0,,51.81,18.4,0.5563973626684445,0.5537021969760741,0.4577559412443737,0.4774892329568252,0,0,0.9951560415753149
Gadabay district,district,2022,,,21182.0,21085.0,10.0,,47914.0,,,,,,,1.0,0.9999999999999999,0.06474226866400556,0.01499287298478058,16,28,0.9999999999999999
Gakh district,district,2022,14.8,,11311.0,10397.0,1728.2,26.2,16370.0,43.5,,76.46,,14.8,43.5,0.44778054168191017,0.43156589240767906,0.41595988218900726,0.399077271193281,0,0,0.9637888479626042
Gazakh district,district,2022,39.34,31.5,16069.0,14852.0,4782.0,48.0,31787.0,77.8,96.4,80.0,67.68,39.34,77.8,0.5929637722865383,0.5866392004176422,0.5628527729391066,0.5561124078224798,0,0,0.9893339658095673
Gobustan district,district,2022,,31.65,11306.0,11178.0,27.0,,22728.0,,127.9,,71.19,31.65,127.9,0.8514871035232074,0.8077845483885341,0.3865624214795338,0.36205530714480627,0,0,0.9486750240210982
Goranboy district,district,2022,10.1,,20401.0,20006.0,14896.5,14.3,43094.0,2.2,,40.23,,10.1,2.2,0.5923812056316847,0.5904226661122908,0.5541674279626203,0.5669206767109589,0,0,0.9966937851829626
Goychay district,district,2022,36.75,,17856.0,16647.0,6079.0,47.1,19840.0,42.9,,65.68,,36.75,42.9,0.3357898414215241,0.32667219221154303,0.31910523087646714,0.3109112024594591,0,0,0.972847155913405
Goygol district,district,2022,35.75,16.9,9764.0,9680.0,417.5,40.5,24220.0,44.8,45.5,68.89,80.0,35.75,44.8,0.6993012271433596,0.6858122846736565,0.6032489037848696,0.5800666970705501,0,0,0.9807108268280819
Guba district,district,2022,37.8,,24691.0,24582.0,640.0,45.4,42718.0,71.3,,64.77,,37.8,71.3,0.47798950649661076,0.4763214899114047,0.3126505472067418,0.3714908708357886,0,0,0.9965103489458761
Gubadli district,district,2022,36.74,,975.0,975.0,11.0,46.9,1292.0,141.8,,88.78,,36.74,141.8,1.0000000000000002,0.36457369630818254,0.0,0.23077768468096632,8,0,0.3645736963081825
Gusar district,district,2022,63.58,,17001.0,16997.0,3566.0,48.0,32197.0,14.5,,80.19,,63.58,14.5,0.5246274642450471,0.5192178468539503,0.4904080028792921,0.4844306071776573,0,0,0.9896886500235336
Hajigabul district,district,2022,,88.27,15010.0,14644.0,3621.0,,27084.0,,18.7,,95.07,88.27,18.7,0.5149129874107395,0.506943505458874,0.4863959882032055,0.47592505326830525,0,0,0.9845226627668873
Imishli district,district,2022,50.72,52.0,41076.0,39485.0,18971.3,49.8,50379.0,45.6,33.9,82.81,75.0,50.72,45.6,0.3498217096047506,0.349722745403927,0.3118887247145522,0.3348686603073018,0,0,0.99971710103145
Ismayilli district,district,2022,49.02,71.01,19328.0,19088.0,500.0,53.4,36594.0,21.8,9.1,61.83,79.51,49.02,21.8,0.5291813052535351,0.5254796912949893,0.410282712944811,0.4102688511425201,0,0,0.9930050175208431
Jabrayil district,district,2022,,,4270.0,4264.0,1455.0,,8915.0,,,,,,,0.6210762019143363,0.5730739009530705,0.5509573434998589,0.5442711006499146,0,0,0.9227110927559149
Jalilabad district,district,2022,,,48876.0,48229.0,197.0,,73920.0,,,,,,,1.0000000000000002,0.5619365712840442,0.0493363827361859,0.33867046445133664,9,0,0.5619365712840441
Julfa district,district,2022,,,8215.0,7924.0,1679.0,,10347.0,,,,,,,0.38286772834557087,0.3579121659279745,0.34204162439999514,0.3340596986672326,0,0,0.9348193630070805
Kalbajar district,district,2022,,,18879.0,18563.0,90.0,,20174.0,,,,,,,0.4109623635388732,0.3848702882662818,0.24424587918138085,0.24187780979528306,0,0,0.9365098179601954
Kangarli district,district,2022,,,6498.0,6498.0,2929.0,,9457.0,,,,,,,0.43001012836966745,0.3989148105611413,0.38740150803815093,0.3816421317028568,0,0,0.9276870107073516
Khachmaz district,district,2022,80.4,,26129.0,25429.0,3558.6,33.4,78806.0,25.5,,88.76,,80.4,25.5,1.0000000000000002,0.8494473801165792,0.20807899462747104,0.7800264996279186,0,0,0.8494473801165789
Khizi district,district,2022,80.0,,4542.0,4514.0,596.0,48.0,6985.0,,,,,80.0,,0.48888508455124835,0.4241420532007803,0.3976256154351153,0.3884514101745501,0,0,0.8675700417207528
Khojavand district,district,2022,,,1091.0,1026.0,390.9,,2890.0,,,,,,,1.0000000000000002,0.7720705032572796,0.5479517935024443,0.7357023183330479,0,0,0.7720705032572793
Kurdamir district,district,2022,51.7,46.19,31102.0,28058.0,8888.0,48.4,47734.0,5.1,18.8,60.21,56.64,51.7,5.1,0.46690881083037344,0.46631307899957514,0.4170367556724426,0.44178309943849,0,0,0.9987240938337856
Lachin district,district,2022,,,18361.0,17355.0,709.0,,19882.0,,,,,,,0.3271222305692521,0.314008880205659,0.28134747920502473,0.2636940527468865,0,0,0.9599129953938822
Lankaran district,district,2022,68.04,59.11,25064.0,24654.0,292.1,49.2,35660.0,7.9,11.1,70.7,67.01,68.04,7.9,0.4041169775965285,0.3964609578427667,0.23550805228056415,0.25466296200896976,0,0,0.9810549415684149
Lerik district,district,2022,50.07,,17874.0,17824.0,308.0,44.9,23743.0,96.2,,64.13,,50.07,96.2,0.38209873757941104,0.3651210718910811,0.2800046775685234,0.2614003485370709,0,0,0.9555673337318957
Masalli district,district,2022,,,37349.0,35874.0,3126.5,,49571.0,,,,,,,0.37896948071678827,0.3787514942900665,0.2714909903758031,0.33993856065122297,0,0,0.9994247916050932
Neftchala district,district,2022,19.3,16.4,22440.0,21603.0,9268.2,46.7,31920.0,119.6,100.0,80.0,80.0,19.3,119.6,0.40931856814621803,0.40500025413033974,0.3905629940047098,0.38708812675995496,0,0,0.9894499923728461
Oghuz district,district,2022,40.02,,10152.0,9945.0,1016.0,48.0,14049.0,124.7,,89.94,,40.02,124.7,0.405292159719271,0.38721048052413937,0.36360591138549714,0.3504300792035602,0,0,0.9553860622232216
Ordubad district,district,2022,,,5557.0,5445.0,874.0,,6414.0,,,,,,,0.37155305512939296,0.32287732774726746,0.29732230000789855,0.29815818679879835,0,0,0.868993871238189
Saatli district,district,2022,30.47,28.5,32547.0,32034.0,18642.7,48.0,41892.0,97.8,13.8,79.11,50.0,30.47,97.8,0.3598530431302447,0.35844819872438466,0.3379160724194673,0.34384976944468504,0,0,0.996096060787371
Sabirabad district,district,2022,10.6,,63813.0,61963.0,23752.6,7.9,123523.0,27.8,,44.63,,10.6,27.8,0.805420769555141,0.5464140691728185,0.2742813129392663,0.5207569367739591,0,0,0.6784206340676068
Sadarak district,district,2022,,,2789.0,2255.0,1290.0,,1938.0,,,,,,,0.4289982328048965,0.23556659539059452,0.2732937134532004,0.22594622684798202,0,0,0.5491085449243039
Salyan district,district,2022,52.95,37.5,33279.0,32366.0,17689.0,48.0,50749.0,13.5,23.6,60.13,47.01,52.95,13.5,0.4298441270899323,0.4297787494653877,0.3830348498341109,0.41208556847236244,0,0,0.9998479038785821
Samukh district,district,2022,55.11,60.04,11131.0,10395.0,8361.5,47.0,32657.0,24.5,33.3,68.92,80.0,55.11,24.5,0.8697403449929537,0.861109283373184,0.8327143456576372,0.8268890470597385,0,0,0.990076277742595
Shabran district,district,2022,54.21,,11746.0,10694.0,747.5,48.0,15216.0,45.8,,72.99,,54.21,45.8,0.40870583281689793,0.39000196798189707,0.36117854342670136,0.3448172810688083,0,0,0.954236364315896
Shahbuz district,district,2022,,,12247.0,12247.0,494.0,,15962.0,,,,,,,0.3823160572077103,0.35724327931423366,0.3226226104968321,0.2994111903817386,0,0,0.9344187160837591
Shaki district,district,2022,31.69,34.92,31935.0,28500.0,4149.0,43.9,54558.0,55.5,47.2,96.99,48.37,31.69,55.5,0.5308713306135787,0.5247108687202711,0.38434561930542077,0.482617929509089,0,0,0.9883955649174209
Shamakhi district,district,2022,40.27,36.13,15502.0,15168.0,695.5,38.1,44013.0,83.1,,76.92,,40.27,83.1,0.7976414093138028,0.7953515476814023,0.5844811991369956,0.6773098402235659,0,0,0.9971292091838982
Shamkir district,district,2022,23.28,,27917.0,27401.0,10915.0,47.0,54504.0,254.0,,104.74,,23.28,254.0,0.5515207452188804,0.5452158113086655,0.4768605936921485,0.520161402351034,0,0,0.9885680929232994
Sharur district,district,2022,,,21906.0,21112.0,6837.0,,30135.0,,,,,,,0.3960726892700269,0.3912445467256724,0.37667375816006615,0.37095466803317173,0,0,0.9878099584365361
Shusha district,district,2022,,,2383.0,2352.0,220.7,,2040.0,,,,,,,0.460931363706622,0.23773839626109505,0.2109259658772149,0.21426869728626136,0,0,0.5157783023253176
Siyazan district,district,2022,,65.31,6496.0,6304.0,483.0,,14102.0,,23.6,,80.69,65.31,23.6,0.6455883070909473,0.6131560030592123,0.5695084989982849,0.5456581559821346,0,0,0.949763179296297
Tartar district,district,2022,53.92,,13220.0,13142.0,9515.4,45.6,23499.0,10.9,,61.49,,53.92,10.9,0.5003121382025877,0.49011094043029374,0.47953345736331054,0.4705866827509658,0,0,0.9796103332432777
Tovuz district,district,2022,60.0,,18020.0,17476.0,3330.0,27.0,38739.0,,,,,60.0,,0.6110418526889174,0.6075931211950095,0.5585216135345732,0.5647305323098508,0,0,0.9943559815440929
Ujar district,district,2022,,,33334.0,31800.0,9177.0,,66424.0,,,,,,,0.5974881382832423,0.572538088367815,0.415941932187182,0.5404787946379225,0,0,0.9582417652890715
Yevlakh district,district,2022,26.36,26.44,30586.0,26423.0,16580.0,50.6,38062.0,180.2,157.1,86.3,70.32,26.36,180.2,0.39724031844373703,0.3948352866250661,0.3767879670157354,0.3788964763330984,0,0,0.9939456502600414
Zagatala district,district,2022,60.0,45.36,28599.0,26650.0,8275.0,48.0,44103.0,1.9,17.9,60.0,70.0,60.0,1.9,0.4548914806473277,0.4536045452156279,0.4152907445260151,0.42941258505208163,0,0,0.9971708957268919
Zangilan district,district,2022,,,878.0,878.0,323.5,,486.0,,,,,,,1.0000000000000002,0.1517218857982505,0.5622932307264938,0.14443888735770352,0,0,0.15172188579825047
Zardab district,district,2022,43.0,42.45,22972.0,21895.0,15495.0,34.5,31965.0,16.3,10.2,50.0,50.58,43.0,16.3,0.40441313354887,0.4001623620625813,0.38743997688439397,0.38419733853084387,0,0,0.9894890369929714
Absheron district,district,2023,84.9,43.36,11296.0,11296.0,179.1,20.5,54440.0,49.6,8.6,50.32,49.02,84.9,49.6,0.9999999999999998,1.0000000000000002,0.0,0.46589529271606134,4,0,1.0000000000000004
Agdash district,district,2023,75.41,,31196.0,24920.0,10346.5,48.0,61865.0,,,76.31,,75.41,,0.557413762581619,0.5151142288681606,0.4191087793202891,0.4848980835258362,0,0,0.9241146585302247
Aghdam district,district,2023,23.18,,21392.0,21302.0,11232.0,11.2,43727.0,,,,,23.18,,0.43022767744428725,0.42592768451955526,0.3871587174242125,0.4034332575724052,0,0,0.9900053084676571
Aghjabadi district,district,2023,35.95,,49112.0,46658.0,17506.2,4.8,155630.0,39.3,,49.19,,35.95,39.3,0.9999999999999999,0.6921078352464471,0.0,0.6493701972761555,23,0,0.6921078352464473
Aghstafa district,district,2023,15.57,,12303.0,10137.0,4214.6,54.4,18077.0,118.8,,100.0,,15.57,118.8,0.40068948784993746,0.3700185344686683,0.3746411534907586,0.3483262433029176,0,0,0.9234545594249386
Aghsu district,district,2023,76.93,41.42,18926.0,17012.0,846.4,3.8,31765.0,0.9,45.0,77.65,60.07,76.93,0.9,0.398832504744321,0.38743607183622647,0.31706556874013636,0.3031514927293847,0,0,0.9714255162943641
Astara district,district,2023,33.5,,18254.0,18090.0,1353.3,22.8,28175.0,21.6,,43.79,,33.5,21.6,0.3355847774717211,0.3231706598853232,0.28464692379903034,0.27369936385438554,0,0,0.9630075068364982
Babak district,district,2023,,,5361.0,5179.0,1541.0,,9777.0,,,,,,,0.46544735627608314,0.3917114543997911,0.41051250772607717,0.36351951110357134,0,0,0.8415805764453519
Balakan district,district,2023,43.02,,13171.0,12037.0,2663.0,47.0,22312.0,86.0,,80.0,,43.02,86.0,0.40743693127661024,0.3846155226625816,0.3743485589133535,0.35119560792381577,0,0,0.943987874288855
Barda district,district,2023,47.56,,47321.0,45218.0,24786.0,33.5,96741.0,52.3,,72.43,,47.56,52.3,0.5767297773418781,0.44392110207943886,0.31414843932746417,0.420754712473724,0,0,0.7697211406795249
Beylagan district,district,2023,,28.46,28220.0,28114.0,21134.5,,39965.0,,,,,28.46,,0.2993626528924845,0.29496042066997413,0.27585036007270686,0.28042592831568797,0,0,0.9852946512199322
Bilasuvar district,district,2023,76.79,,19509.0,18713.0,7467.7,48.0,27496.0,3.4,,80.06,,76.79,3.4,0.31719368684487526,0.3048826205878008,0.2976866287965327,0.2867004622128301,0,0,0.9611875432341274
Fuzuli district,district,2023,27.75,,13630.0,12770.0,7126.9,19.6,29291.0,136.2,,159.78,,27.75,136.2,0.4927760716563529,0.4759374383269938,0.4642291490693604,0.45122197971500955,0,0,0.9658290361527501
Gabala district,district,2023,51.89,,18761.0,18489.0,1036.1,51.7,40343.0,22.3,,82.24,,51.89,22.3,0.4592721379881928,0.4527529981983052,0.3435081656973571,0.3641430878635217,0,0,0.9858054968924435
Gadabay district,district,2023,,,20482.0,20401.0,45.0,,48633.0,,,,,,,1.0000000000000002,1.0000000000000002,0.0,0.09432706483884101,9,0,1.0
Gakh district,district,2023,13.26,,11264.0,10366.0,1554.0,27.1,16380.0,16.0,,90.02,,13.26,16.0,0.3592688504856219,0.32787572211929505,0.3218203342225969,0.2929763259659256,0,0,0.9126193981919308
Gazakh district,district,2023,56.32,47.97,16054.0,14821.0,4457.0,48.1,31724.0,113.3,100.9,100.0,73.8,56.32,113.3,0.4572418767591152,0.44413704743368837,0.42195703440340576,0.41241517380045956,0,0,0.9713393938929816
Gobustan district,district,2023,,32.61,10928.0,10807.0,19.0,,19542.0,,126.9,,77.42,32.61,126.9,0.9999999999999994,0.9516929700106178,0.0,0.15956404729435247,1,0,0.9516929700106184
Goranboy district,district,2023,45.91,,17586.0,17197.0,14923.0,41.9,43266.0,2.3,,59.73,,45.91,2.3,0.5275918284742693,0.5220362025962102,0.47845558653406484,0.4966004960583452,0,0,0.9894698409296343
Goychay district,district,2023,32.67,,18308.0,17226.0,6077.0,47.4,20105.0,,,,,32.67,,0.2592156233291648,0.2421732676362893,0.24213371816398865,0.22665726065206526,0,0,0.9342541337825372
Goygol district,district,2023,57.77,66.67,9944.0,9869.0,395.0,41.6,24312.0,59.4,50.0,71.08,100.0,57.77,59.4,0.5413941298257504,0.5111567560017866,0.42818401697983066,0.3775556452865668,0,0,0.944149054897038
Guba district,district,2023,36.1,,24961.0,24849.0,645.0,33.8,42784.0,79.1,,64.65,,36.1,79.1,0.3612662696227888,0.35725559306942817,0.17997682743452725,0.23006384354016368,0,0,0.9888982811554804
Gubadli district,district,2023,36.62,,938.0,938.0,16.0,46.9,1535.0,145.8,,89.98,,36.62,145.8,1.0,0.33955654706419625,0.0,0.17225782233843334,21,0,0.33955654706419625
Gusar district,district,2023,63.59,,16600.0,16595.0,3148.4,48.0,32211.0,16.2,,81.4,,63.59,16.2,0.41420112788404795,0.40274811668130345,0.37141812350474634,0.3647343313073034,0,0,0.972349154959446
Hajigabul district,district,2023,,98.43,15627.0,15400.0,3343.0,,25424.0,,21.8,,97.61,98.43,21.8,0.35866447563032877,0.34255453877496506,0.3285135276646982,0.31247286300123917,0,0,0.9550835447891749
Imishli district,district,2023,59.49,,40666.0,39109.0,18332.7,45.6,50389.0,23.0,,78.33,,59.49,23.0,0.26822666759842617,0.2673410167393458,0.22618013857381114,0.2524762898952709,0,0,0.9966981252572309
Ismayilli district,district,2023,38.23,74.28,18279.0,18054.0,317.5,48.0,36619.0,31.6,4.7,62.36,79.36,38.23,31.6,0.4321127601140461,0.42086189793750445,0.22923802505043445,0.21924514223118985,0,0,0.9739631336654528
Jabrayil district,district,2023,,,4296.0,4291.0,1458.0,,9022.0,,,,,,,0.5267650735818648,0.43626550521562235,0.46128337509355555,0.4076067630221608,0,0,0.8281974775759733
Jalilabad district,district,2023,,,49105.0,48465.0,159.0,,72456.0,,,,,,,1.0,0.5804396811449031,0.0,0.22381062053738154,23,0,0.5804396811449031
Julfa district,district,2023,,,3425.0,3410.0,1737.0,,7254.0,,,,,,,0.5597112765494897,0.44139736824527426,0.47535607107914,0.4177891092184206,0,0,0.788616178981425
Kalbajar district,district,2023,,,18442.0,18218.0,66.0,,23237.0,,,,,,,0.5198307685405411,0.483747161526487,0.18019708168929338,0.20332848475100818,0,0,0.9305858575563712
Kangarli district,district,2023,,,2187.0,2187.0,3038.0,,6528.0,,,,,,,0.8066675398201211,0.619352549817622,0.6748687576502026,0.5897962317275875,0,0,0.7677915860550575
Khachmaz district,district,2023,64.28,,24878.0,24378.0,2672.7,34.0,82482.0,13.9,,86.22,,64.28,13.9,1.0000000000000002,0.7020494080827991,0.006951049342018845,0.6169719808469015,1,0,0.702049408082799
Khizi district,district,2023,60.0,,4156.0,4143.0,305.0,48.0,6987.0,66.7,,100.0,,60.0,66.7,0.4726014679396721,0.3499309671882657,0.3504426791956725,0.2956546669048574,0,0,0.7404356332488892
Khojavand district,district,2023,,,1095.0,1007.0,403.2,,2722.0,,,,,,,1.0,0.5608738828202581,0.5429123132350591,0.527476626022213,0,0,0.5608738828202581
Kurdamir district,district,2023,56.55,50.64,30080.0,27277.0,8784.0,48.4,48331.0,10.9,15.1,69.62,60.56,56.55,10.9,0.3695659136170345,0.3676509940457111,0.3123020148788738,0.34259750402774375,0,0,0.994818462686178
Lachin district,district,2023,,,18652.0,17699.0,709.0,,23086.0,,,,,,,0.28845436200675656,0.2706490638478643,0.22866489706397147,0.19995996949944145,0,0,0.9382734307256716
Lankaran district,district,2023,70.92,62.97,24925.0,24519.0,256.6,49.2,36440.0,6.4,8.3,78.04,67.63,70.92,6.4,0.39602100899847986,0.3852575301291586,0.20485877341571213,0.19868331692719265,0,0,0.9728209397361477
Lerik district,district,2023,15.63,,17160.0,17134.0,376.0,18.6,27699.0,64.0,,90.7,,15.63,64.0,0.35281777413559917,0.33543771801078376,0.23109313788043684,0.20070127857081893,0,0,0.9507392841321659
Masalli district,district,2023,,,37460.0,36012.0,2895.0,,50526.0,,,,,,,0.2920507638771401,0.29112147530543964,0.18002186479337423,0.2489130331230952,0,0,0.9968180580685234
Neftchala district,district,2023,19.25,16.42,24708.0,23774.0,8505.4,46.7,32157.0,100.0,90.5,80.0,80.0,19.25,100.0,0.2886735394296655,0.28065955640201656,0.26812153747852074,0.26283204813353017,0,0,0.9722385950458701
Oghuz district,district,2023,39.83,,9791.0,9599.0,1041.0,48.0,14094.0,148.9,,100.0,,39.83,148.9,0.3405973843236447,0.3046595825443793,0.2942058617661693,0.2675513977897299,0,0,0.8944859724902751
Ordubad district,district,2023,,,3285.0,3237.0,884.0,,4396.0,,,,,,,0.4175097229077491,0.2817873880646648,0.29525880876644295,0.2602515925296531,0,0,0.6749241337474844
Saatli district,district,2023,30.44,27.78,32657.0,32133.0,16586.0,48.0,41899.0,80.5,15.8,73.44,50.0,30.44,80.5,0.2738941228870305,0.27055710979712294,0.24922349066242927,0.25616248649252416,0,0,0.9878164122152999
Sabirabad district,district,2023,50.39,,63849.0,62035.0,21475.0,11.2,124397.0,24.2,,62.47,,50.39,24.2,0.5761791215525812,0.41608272735041435,0.14011823868086348,0.3890961557716917,2,0,0.7221412782699091
Sadarak district,district,2023,,,1445.0,1121.0,1205.0,,1523.0,,,,,,,0.8367528991971455,0.28190375314367827,0.5082607372606187,0.26830756374913967,0,0,0.3369020333412189
Salyan district,district,2023,49.65,49.6,33264.0,32447.0,16465.0,48.0,50870.0,37.8,56.3,68.39,78.18,49.65,37.8,0.32624800256564407,0.32530726024084,0.27361420375512435,0.30787792640863615,0,0,0.9971164809672213
Samukh district,district,2023,57.19,50.66,11178.0,10447.0,7720.1,47.0,33207.0,20.4,58.0,70.28,80.03,57.19,20.4,0.6769231563948974,0.659545276894316,0.635389749023481,0.6269933896540987,0,0,0.974328135569876
Shabran district,district,2023,56.67,,11725.0,10694.0,1032.4,48.0,15061.0,49.0,,77.98,,56.67,49.0,0.32430612288247124,0.2922269033141151,0.27956920378568567,0.25428060457791235,0,0,0.9010835216947733
Shahbuz district,district,2023,,,4794.0,4794.0,504.0,,10824.0,,,,,,,0.5541665301124619,0.4684856805761059,0.466649622398813,0.41045627187935707,0,0,0.845387902587751
Shaki district,district,2023,85.22,34.98,28375.0,25872.0,4360.2,12.0,53731.0,33.3,22.0,120.0,81.14,85.22,33.3,0.43115911059149237,0.43092479928314925,0.2974400844588947,0.38774814542562885,0,0,0.999456554894499
Shamakhi district,district,2023,47.19,47.0,14112.0,13851.0,843.8,37.3,48243.0,11.8,,75.44,,47.19,11.8,0.72652821670323,0.7227028120368503,0.44243200247984027,0.5907899931518517,0,0,0.9947346784633662
Shamkir district,district,2023,6.33,,27965.0,27482.0,10769.0,10.4,55673.0,163.7,,51.33,,6.33,163.7,0.4267115172687863,0.4203420677302855,0.33056709705251264,0.39503202277694205,0,0,0.9850731717314096
Sharur district,district,2023,,,11676.0,11304.0,5780.0,,20960.0,,,,,,,0.41006242766757833,0.38473854358577564,0.3861993016770239,0.3641941903931223,0,0,0.9382438322236833
Shusha district,district,2023,,,2531.0,2497.0,199.0,,2039.0,,,,,,,0.4044320387938526,0.16943582850485978,0.17388609058054283,0.14471505171853327,0,0,0.4189475913188587
Siyazan district,district,2023,69.11,40.96,6377.0,6148.0,419.0,48.0,13804.0,44.7,120.0,100.0,95.56,69.11,44.7,0.5315756571829483,0.46588385343740046,0.4413974957236365,0.3887727519312536,0,0,0.8764205944010351
Tartar district,district,2023,58.67,,13928.0,13872.0,9362.2,46.3,24231.0,8.2,,67.23,,58.67,8.2,0.3810620245793967,0.3624422557197665,0.3604007125460795,0.34434416512050614,0,0,0.9511371701754273
Tovuz district,district,2023,,,17347.0,16858.0,3061.0,,38889.0,,,,,,,0.48654748984576734,0.4786601729848902,0.4237474575508283,0.43246044054498656,0,0,0.9837892147724833
Ujar district,district,2023,,,29111.0,28048.0,9188.0,,67194.0,,,,,,,0.5616454226084381,0.4970901567712409,0.3915677459350625,0.46360379763730264,0,0,0.8850604612116583
Yevlakh district,district,2023,29.18,26.42,32613.0,28491.0,16600.0,54.9,38193.0,137.8,154.3,33.37,67.8,29.18,137.8,0.283028056881626,0.27815229481571085,0.26187151231533345,0.2638374679995146,0,0,0.9827728666916071
Zagatala district,district,2023,70.0,62.19,27990.0,26096.0,8275.0,48.0,44331.0,14.3,38.5,79.99,98.71,70.0,14.3,0.3557967629847275,0.35248460328021886,0.31181769636653306,0.32819925010506085,0,0,0.9906908661092827
Zangilan district,district,2023,,,2057.0,2057.0,169.0,,494.0,,,,,,,0.4560038891589694,0.049830956605230015,0.19127484767184977,0.042702312647542005,0,0,0.1092774815959042
Zardab district,district,2023,43.0,43.2,22475.0,21436.0,13364.0,34.5,31973.0,23.1,10.2,56.46,50.58,43.0,23.1,0.31845115599236207,0.30948970460262487,0.2993282781377228,0.2937784367370244,0,0,0.971859259352313
Absheron district,district,2024,53.37,43.36,11486.0,11486.0,165.1,11.4,41695.0,57.9,8.6,31.78,49.46,53.37,57.9,1.0000000000000002,1.0000000000000002,0.544036621379105,0.5822495662900888,0,0,1.0
Agdash district,district,2024,60.59,,29982.0,23996.0,10109.8,48.0,59824.0,15.8,,72.52,,60.59,15.8,0.6764557681787073,0.6679955959111413,0.6064531229702539,0.6460579205305923,0,0,0.9874933843932705
Aghdam district,district,2024,79.01,,21931.0,21870.0,9755.9,29.1,45480.0,,,,,79.01,,0.5589599980934071,0.5571968821468752,0.5290361119281607,0.5393071434723316,0,0,0.9968457207089133
Aghdara district,district,2024,36.61,,2219.0,2093.0,379.7,48.8,137.0,50.3,,55.03,,36.61,50.3,0.8469244636282849,0.017538334280071313,0.5904011800837508,0.016475949617283936,0,0,0.020708262700236377
Aghjabadi district,district,2024,35.97,,52696.0,50276.0,20516.3,5.3,167207.0,40.8,,41.98,,35.97,40.8,1.0000000000000009,0.8911088194789256,0.2029304442105604,0.8613647192403906,6,0,0.8911088194789248
Aghstafa district,district,2024,39.49,,12159.0,10766.0,4543.0,54.4,18154.0,108.2,,100.0,,39.49,108.2,0.4822560006056031,0.451809085814376,0.46264700946379045,0.43698156132144717,0,0,0.9368656590006289
Aghsu district,district,2024,76.93,41.44,18645.0,16489.0,959.4,3.0,32260.0,4.0,45.1,79.99,60.12,76.93,4.0,0.53978112131989,0.5275517091488467,0.4806090354159769,0.45695693871911813,0,0,0.9773437571489357
Astara district,district,2024,37.14,,18072.0,17888.0,1373.6,20.6,25966.0,19.7,,48.29,,37.14,19.7,0.4049076896562824,0.3889379055685014,0.36951799827213305,0.3461798788296457,0,0,0.9605594447926208
Babak district,district,2024,,,5230.0,5073.0,1618.2,,9897.0,,,,,,,0.604570581591473,0.5227279384002742,0.5535927457134261,0.5018125920859786,0,0,0.8646268183017506
Balakan district,district,2024,42.98,,12950.0,11929.0,2863.0,47.0,22373.0,86.1,,80.0,,42.98,86.1,0.5262594949618178,0.502524440476553,0.5014452984198644,0.47721163226755414,0,0,0.9548985724485848
Barda district,district,2024,26.6,,49957.0,48023.0,25892.0,33.5,100184.0,202.1,,100.76,,26.6,202.1,0.5924027117787267,0.5589668922039014,0.43658275901270116,0.5419732151951838,0,0,0.9435589694138432
Beylagan district,district,2024,,28.85,27959.0,27857.0,21091.5,,40027.0,,,,,28.85,,0.38845164519070735,0.3849955428613838,0.37356102816045855,0.37406380245910764,0,0,0.9911028763242159
Bilasuvar district,district,2024,65.97,,19528.0,18741.0,7598.0,48.0,27511.0,21.9,,72.37,,65.97,21.9,0.40553013813347316,0.39332415730658615,0.3913819495503546,0.3801486749523138,0,0,0.9699011745882383
Fuzuli district,district,2024,29.22,,14070.0,13705.0,7803.0,23.3,27980.0,146.9,,71.73,,29.22,146.9,0.5633520531195509,0.5470231107919667,0.5454940574453213,0.5306186522503542,0,0,0.9710146750381702
Gabala district,district,2024,49.1,,17692.0,17262.0,997.3,49.0,41508.0,22.3,,84.77,,49.1,22.3,0.6529380637112858,0.6485174967746197,0.5549580731413104,0.5612921707672249,0,0,0.9932297300734165
Gadabay district,district,2024,,,20026.0,19909.0,53.3,,48487.0,,,,,,,1.0,0.9999999999999929,0.3027117918187461,0.48281975341741323,0,0,0.9999999999999929
Gakh district,district,2024,23.38,,10704.0,9835.0,1363.0,34.9,16169.0,25.4,,96.98,,23.38,25.4,0.4759652377517868,0.44049988708401916,0.43592929179053985,0.40878126981381596,0,0,0.9254875191404995
Gazakh district,district,2024,51.16,52.14,15993.0,14853.0,4416.0,48.2,31724.0,100.0,91.1,100.0,98.04,51.16,100.0,0.5846817209108738,0.5722828941412487,0.5604095640874059,0.5478602078372794,0,0,0.9787938867828654
Gobustan district,district,2024,,34.64,10833.0,10687.0,15.0,,18954.0,,75.0,,70.0,34.64,75.0,0.9999999999999993,1.000000000000239,0.07890801976362938,0.3866365009694783,6,0,1.0000000000002396
Goranboy district,district,2024,46.08,,16988.0,16666.0,14517.9,41.8,42408.0,9.6,,61.59,,46.08,9.6,0.6860590490817563,0.6817943820902073,0.6573499436436138,0.6626471713759335,0,0,0.9937838193414152
Goychay district,district,2024,27.08,,17906.0,16899.0,6076.0,47.6,20183.0,,,,,27.08,,0.33813490258100193,0.320008650890414,0.3245073669290262,0.30839460688485526,0,0,0.9463934318751799
Goygol district,district,2024,51.32,65.62,9920.0,9817.0,421.7,29.2,24879.0,116.7,55.0,85.2,100.0,51.32,116.7,0.7176987634734863,0.688423560821824,0.6172166324789132,0.573749134967392,0,0,0.9592096236727824
Guba district,district,2024,42.63,,24738.0,24622.0,629.0,33.9,42786.0,108.0,,88.68,,42.63,108.0,0.4762037492267388,0.4760748149109266,0.3272916772372769,0.35995456145547466,0,0,0.999729245483637
Gubadli district,district,2024,36.69,,1058.0,1058.0,796.0,46.9,1443.0,145.5,,90.04,,36.69,145.5,0.9999999999999986,0.3654413343889248,0.616358178715575,0.35505720052814166,0,0,0.36544133438892534
Gusar district,district,2024,63.57,,15940.0,15934.0,2320.1,48.0,32211.0,3.3,,72.29,,63.57,3.3,0.5528812327590485,0.5416470717905811,0.5160704299089877,0.503852227287601,0,0,0.9796806975841711
Hajigabul district,district,2024,30.01,108.14,16018.0,15878.0,3579.4,12.6,26669.0,,15.7,,99.29,30.01,15.7,0.46500486682632886,0.4500367072024361,0.4430199443653251,0.4263617102832749,0,0,0.9678107463131497
Imishli district,district,2024,59.45,,40800.0,39405.0,18469.0,45.6,53506.0,41.7,,104.46,,59.45,41.7,0.36593148318061086,0.3638213307214919,0.3383225945107294,0.3523056174572707,0,0,0.9942334766039318
Ismayilli district,district,2024,70.19,90.41,16683.0,16498.0,406.5,48.0,36728.0,9.3,16.5,72.6,108.96,70.19,9.3,0.6157837109826919,0.6101774931487268,0.4765399201828777,0.457544946699304,0,0,0.990895800369551
Jabrayil district,district,2024,,,4415.0,4412.0,1490.0,,9203.0,,,,,,,0.6546650227904353,0.5588958989820157,0.5953070384457799,0.5376501831124293,0,0,0.8537127836764297
Jalilabad district,district,2024,,,48635.0,47883.0,87.0,,71732.0,,,,,,,1.0000000000000018,0.7534149185604365,0.16662711147000042,0.3796109150766107,3,0,0.7534149185604352
Julfa district,district,2024,,,3412.0,3394.0,1465.0,,7324.0,,,,,,,0.7085479487626445,0.5781938957097712,0.6283111867046149,0.5593948149310918,0,0,0.8160264901189624
Kalbajar district,district,2024,,,16083.0,15843.0,83.0,,22714.0,,,,,,,0.6474389463480301,0.5315744164178,0.4118076427438112,0.33479324155472334,0,0,0.8210417668202072
Kangarli district,district,2024,,,2774.0,2774.0,2823.0,,6594.0,,,,,,,0.7991861833234665,0.6369120868864693,0.7066345133835804,0.6192327111375838,0,0,0.7969508234462087
Khachmaz district,district,2024,67.35,,23418.0,23096.0,2354.9,32.0,83747.0,10.7,,72.2,,67.35,10.7,0.9999999999999998,0.9715597006195991,0.23574855509931147,0.8870536618068245,0,0,0.9715597006195993
Khizi district,district,2024,,,4082.0,4063.0,90.0,,7022.0,,,,,,,1.0000000000000002,0.4742803691708271,0.3586191920962789,0.34460368495378724,0,0,0.474280369170827
Khojavand district,district,2024,,,1285.0,1213.0,409.0,,2693.0,,,,,,,1.0000000000000002,0.5948569735082448,0.5209957655273236,0.5722139553624839,0,0,0.5948569735082447
Kurdamir district,district,2024,59.63,52.68,27620.0,25250.0,8712.0,48.4,48072.0,9.0,17.8,70.49,63.65,59.63,9.0,0.5105552367771775,0.510114669924334,0.4758402373946288,0.49105150567581024,0,0,0.999137082883285
Lachin district,district,2024,,,18705.0,17648.0,761.0,,23537.0,,,,,,,0.3796316455855239,0.3622616412520228,0.32243480739645897,0.3021126524718942,0,0,0.9542451096069441
Lankaran district,district,2024,72.0,77.01,25326.0,24841.0,155.1,3.3,37003.0,3.1,9.3,82.03,86.32,72.0,3.1,0.5563707822397709,0.5320560139840722,0.3537434063791658,0.3423188137630824,0,0,0.9562975464710508
Lerik district,district,2024,20.38,,17145.0,17145.0,376.0,11.7,30896.0,2.8,,35.54,,20.38,2.8,0.517081408165281,0.4945759584989191,0.40146436110502304,0.3579868136750609,0,0,0.9564760029833287
Masalli district,district,2024,39.0,,37198.0,35687.0,3262.0,48.0,50545.0,15.9,,69.57,,39.0,15.9,0.38025015205887164,0.37949421915231046,0.30322906095251223,0.3437982856805664,0,0,0.9980120115601054
Neftchala district,district,2024,20.42,16.43,23814.0,22820.0,8063.0,46.7,34894.0,112.6,83.6,54.56,80.0,20.42,112.6,0.41630558512310034,0.40970580868360956,0.3997475329389084,0.394665439967927,0,0,0.9841467982286636
Oghuz district,district,2024,40.0,,9649.0,9434.0,1073.0,48.0,13819.0,150.0,,100.0,,40.0,150.0,0.43461672338610285,0.3924801976422654,0.3851591107183168,0.3605317918492934,0,0,0.9030490004720678
Ordubad district,district,2024,,,3018.0,2981.0,809.1,,4444.0,,,,,,,0.5580774512540219,0.39943772440187597,0.39495327834490446,0.38105834163367447,0,0,0.7157388701233561
Saatli district,district,2024,30.45,27.78,33274.0,32892.0,18930.0,48.0,41907.0,93.8,19.3,77.54,51.52,30.45,93.8,0.34369832110199555,0.3413762435066557,0.32924235930071527,0.33116180088578956,0,0,0.9932438494668969
Sabirabad district,district,2024,61.16,,63280.0,62341.0,21963.0,21.1,126595.0,2.7,,67.52,,61.16,2.7,0.5943134286896892,0.5441013372990251,0.33545206729874943,0.5240810189820116,0,0,0.9155124401254586
Sadarak district,district,2024,,,1358.0,1084.0,1171.5,,1539.0,,,,,,,0.9869963099631,0.38040511005846994,0.6612794316352308,0.36987501871215545,0,0,0.3854169526456404
Salyan district,district,2024,50.63,50.0,33155.0,32933.0,17217.0,48.0,50865.0,58.1,75.7,80.05,87.87,50.63,58.1,0.41483614115882955,0.4138326569283547,0.3869292068575202,0.40114325921895116,0,0,0.9975810105945165
Samukh district,district,2024,57.05,53.53,11215.0,10586.0,8071.3,47.0,33708.0,20.2,49.4,72.91,80.8,57.05,20.2,0.8685877795921032,0.8531749589480964,0.8401401153627804,0.8289622348119491,0,0,0.9822553102793539
Shabran district,district,2024,49.07,,11214.0,10293.0,992.7,38.9,15108.0,43.7,,78.11,,49.07,43.7,0.4322988270098888,0.39328013294900543,0.38264295312366015,0.35780244663763044,0,0,0.9097413834528151
Shahbuz district,district,2024,,,4338.0,4338.0,349.0,,10927.0,,,,,,,0.8579821831849329,0.6749139426049274,0.7014999520078351,0.6037815268843817,0,0,0.7866293214849355
Shaki district,district,2024,95.35,,27628.0,25560.0,4396.5,12.5,53282.0,77.1,,151.54,,95.35,77.1,0.5616299715395473,0.5585430771857314,0.4841946158446859,0.5234984335991302,0,0,0.9945036865725772
Shamakhi district,district,2024,49.12,49.57,13424.0,13162.0,939.4,37.4,49123.0,85.8,72.4,91.59,85.0,49.12,85.8,1.0000000000000002,1.0,0.7686854562530241,0.8823839155813298,0,0,0.9999999999999998
Shamkir district,district,2024,18.48,,28235.0,27947.0,11529.0,17.3,56953.0,4.0,,25.32,,18.48,4.0,0.5513476104128179,0.5460324024346715,0.5013386305888321,0.5279083871943375,0,0,0.9903596063939288
Sharur district,district,2024,,,11468.0,11104.0,6144.8,,21226.0,,,,,,,0.5387754997141739,0.5121836508028045,0.5202990707601115,0.4967222044924262,0,0,0.9506439158323333
Shusha district,district,2024,,,2509.0,2467.0,213.1,,2041.0,,,,,,,1.0000000000000002,0.2216720103200324,0.6128177496753804,0.19980276707143868,0,0,0.22167201032003234
Siyazan district,district,2024,,18.09,6233.0,5930.0,402.0,,13692.0,,,,,18.09,,0.7366447880822566,0.6197212895538136,0.6142415233395206,0.5445170657921601,0,0,0.8412756047146743
Tartar district,district,2024,67.86,,13684.0,13613.0,9080.5,46.8,24993.0,27.0,,86.17,,67.86,27.0,0.5106897840412048,0.49192800734655945,0.4945378077503847,0.4776734834829772,0,0,0.9632618915025495
Tovuz district,district,2024,,,14982.0,14518.0,3023.5,,37431.0,,,,,,,0.6993389922250597,0.6908148144238622,0.6586212689763187,0.6524108391657993,0,0,0.987811093195195
Ujar district,district,2024,,,26931.0,25909.0,8925.0,,62201.0,,,,,,,0.6528318196939676,0.6432558143989703,0.5689867904047793,0.6191863739269469,0,0,0.9853315892300005
Yevlakh district,district,2024,38.92,34.15,33240.0,29747.0,16630.0,35.4,38335.0,205.9,144.9,65.55,70.59,38.92,205.9,0.34913277144684046,0.345294212187829,0.3361591528360854,0.33489823224290516,0,0,0.9890054455698786
Zagatala district,district,2024,70.0,88.58,27033.0,25199.0,8275.0,48.0,44462.0,11.1,22.2,100.0,110.0,70.0,11.1,0.4747199336144507,0.47276214282219786,0.447032087827005,0.4543365153669815,0,0,0.9958759035514972
Zangilan district,district,2024,,,4193.0,4193.0,2123.5,,494.0,,,,,,,0.2729874243884023,0.031567420191465245,0.17803019831812988,0.030590547270603605,0,0,0.11563690255032263
Zardab district,district,2024,43.25,,21795.0,20983.0,14085.0,34.5,31974.0,23.4,,56.46,,43.25,23.4,0.4169383019713535,0.4082877921220214,0.40353641503354926,0.3964720774782662,0,0,0.9792523022988507
